# Blender 4.3.2
# www.blender.org
mtllib chest.mtl
o Chest_Wood_Base
v -0.198926 -0.018743 0.304639
v -0.198926 -0.018743 0.304639
v 0.000000 -0.018743 0.304639
v 0.000000 0.305510 0.287161
v -0.284473 0.305510 0.287161
v -0.284473 0.305510 0.287161
v -0.424315 0.305510 0.287161
v -0.450131 -0.018743 0.304639
v -0.302245 -0.018743 0.304639
v -0.302245 -0.018743 0.304639
v -0.187095 0.305510 0.287161
v -0.187095 0.305510 0.287161
v -0.086435 -0.018743 0.304639
v -0.086435 -0.018743 0.304639
v -0.081258 0.305510 0.287161
v -0.081258 0.305510 0.287161
v -0.530399 0.305510 0.183950
v -0.530399 0.305510 -0.000000
v -0.561795 -0.018743 -0.000000
v -0.561795 -0.018743 0.195466
v 0.198926 -0.018743 0.304639
v 0.198926 -0.018743 0.304639
v 0.284473 0.305510 0.287161
v 0.284473 0.305510 0.287161
v 0.424315 0.305510 0.287161
v 0.450131 -0.018743 0.304639
v 0.302245 -0.018743 0.304639
v 0.302245 -0.018743 0.304639
v 0.187095 0.305510 0.287161
v 0.187095 0.305510 0.287161
v 0.086435 -0.018743 0.304639
v 0.086435 -0.018743 0.304639
v 0.081258 0.305510 0.287161
v 0.081258 0.305510 0.287161
v 0.530399 0.305510 0.183950
v 0.530399 0.305510 -0.000000
v 0.561795 -0.018743 -0.000000
v 0.561795 -0.018743 0.195466
v -0.198926 -0.018743 -0.304639
v -0.198926 -0.018743 -0.304639
v 0.000000 -0.018743 -0.304639
v 0.000000 0.305510 -0.287161
v -0.284473 0.305510 -0.287161
v -0.284473 0.305510 -0.287161
v -0.424315 0.305510 -0.287161
v -0.450131 -0.018743 -0.304639
v -0.302245 -0.018743 -0.304639
v -0.302245 -0.018743 -0.304639
v -0.187095 0.305510 -0.287161
v -0.187095 0.305510 -0.287161
v -0.086435 -0.018743 -0.304639
v -0.086435 -0.018743 -0.304639
v -0.081258 0.305510 -0.287161
v -0.081258 0.305510 -0.287161
v -0.530399 0.305510 -0.183950
v -0.561795 -0.018743 -0.195466
v 0.198926 -0.018743 -0.304639
v 0.198926 -0.018743 -0.304639
v 0.284473 0.305510 -0.287161
v 0.284473 0.305510 -0.287161
v 0.424315 0.305510 -0.287161
v 0.450131 -0.018743 -0.304639
v 0.302245 -0.018743 -0.304639
v 0.302245 -0.018743 -0.304639
v 0.187095 0.305510 -0.287161
v 0.187095 0.305510 -0.287161
v 0.086435 -0.018743 -0.304639
v 0.086435 -0.018743 -0.304639
v 0.081258 0.305510 -0.287161
v 0.081258 0.305510 -0.287161
v 0.530399 0.305510 -0.183950
v 0.561795 -0.018743 -0.195466
v 0.000000 0.317760 0.323294
v 0.000000 0.317760 0.323294
v -0.423245 0.317760 0.323294
v -0.423245 0.317760 0.323294
v -0.423245 0.317760 0.323294
v -0.423245 0.317760 0.323294
v -0.450131 -0.018743 0.343568
v -0.450131 -0.018743 0.343568
v -0.561057 0.305510 -0.000000
v -0.561057 0.305510 -0.000000
v -0.593964 -0.018743 0.195466
v -0.593964 -0.018743 0.195466
v -0.561057 0.305510 0.183950
v -0.561057 0.305510 0.183950
v -0.561057 0.305510 0.183950
v -0.561057 0.305510 0.183950
v -0.619373 -0.018743 0.220784
v -0.619373 -0.018743 0.220784
v -0.619373 -0.018743 0.220784
v -0.619373 -0.018743 0.354745
v -0.619373 -0.018743 0.354745
v -0.619373 -0.018743 0.354745
v -0.619373 -0.018743 0.354745
v -0.571974 0.428618 0.326887
v -0.571974 0.428618 0.326887
v -0.571974 0.428618 0.326887
v -0.571974 0.428618 0.326887
v -0.571974 0.428618 0.326887
v -0.571974 0.428618 0.326887
v -0.571974 0.428618 0.326887
v -0.437749 0.428618 0.326887
v -0.437749 0.428618 0.326887
v -0.437749 0.428618 0.326887
v -0.437749 0.428618 0.326887
v -0.437749 0.428618 0.326887
v -0.475490 -0.018743 0.354745
v -0.475490 -0.018743 0.354745
v -0.475490 -0.018743 0.354745
v -0.571974 0.428618 0.202779
v -0.571974 0.428618 0.202779
v -0.571974 0.428618 0.202779
v -0.571974 0.428618 0.202779
v -0.571974 0.428618 0.202779
v -0.162156 0.317760 0.323294
v -0.162156 0.317760 0.323294
v -0.283736 0.317760 0.323294
v -0.283736 0.317760 0.323294
v 0.000000 0.428618 0.326887
v 0.000000 0.428618 0.326887
v -0.158550 0.428618 0.326887
v -0.158550 0.428618 0.326887
v -0.277518 0.428618 0.326887
v -0.277518 0.428618 0.326887
v 0.000000 0.305510 0.287161
v -0.284473 0.305510 0.287161
v -0.424315 0.305510 0.287161
v -0.424315 0.305510 0.287161
v -0.450131 -0.018743 0.304639
v -0.187095 0.305510 0.287161
v -0.081043 0.317760 0.323294
v -0.081043 0.317760 0.323294
v -0.079232 0.428618 0.326887
v -0.079232 0.428618 0.326887
v -0.081258 0.305510 0.287161
v -0.571974 0.428618 0.000000
v -0.571974 0.428618 0.000000
v -0.530399 0.305510 0.183950
v -0.530399 0.305510 0.183950
v -0.530399 0.305510 -0.000000
v -0.561795 -0.018743 0.195466
v -0.514680 0.339789 0.361036
v -0.514680 0.339789 0.361036
v -0.514680 0.339789 0.361036
v -0.514680 0.339789 0.361036
v -0.556812 0.301868 0.334971
v -0.556812 0.301868 0.334971
v -0.556812 0.301868 0.334971
v -0.556812 0.301868 0.334971
v -0.556812 0.301868 0.334971
v -0.548640 0.377710 0.329964
v -0.548640 0.377710 0.329964
v -0.548640 0.377710 0.329964
v -0.548640 0.377710 0.329964
v -0.473276 0.377710 0.329964
v -0.473276 0.377710 0.329964
v -0.473276 0.377710 0.329964
v -0.473276 0.377710 0.329964
v -0.480482 0.301868 0.334971
v -0.480482 0.301868 0.334971
v -0.480482 0.301868 0.334971
v -0.480482 0.301868 0.334971
v -0.574511 0.161721 0.344563
v -0.574511 0.161721 0.344563
v -0.574511 0.161721 0.344563
v -0.574511 0.161721 0.344563
v -0.582536 0.083935 0.349465
v -0.582536 0.083935 0.349465
v -0.582536 0.083935 0.349465
v -0.582536 0.083935 0.349465
v -0.500073 0.083935 0.349465
v -0.500073 0.083935 0.349465
v -0.500073 0.083935 0.349465
v -0.493092 0.161108 0.344604
v -0.493092 0.161108 0.344604
v -0.493092 0.161108 0.344604
v -0.493092 0.161108 0.344604
v -0.493092 0.161108 0.344604
v -0.537474 0.122674 0.377705
v -0.537474 0.122674 0.377705
v -0.537474 0.122674 0.377705
v -0.537474 0.122674 0.377705
v -0.577059 0.379108 0.229618
v -0.577059 0.379108 0.229618
v -0.577059 0.379108 0.229618
v -0.585745 0.301720 0.233295
v -0.585745 0.301720 0.233295
v -0.585745 0.301720 0.233295
v -0.585745 0.301720 0.233295
v -0.585745 0.301720 0.233295
v -0.585745 0.301720 0.305795
v -0.585745 0.301720 0.305795
v -0.585745 0.301720 0.305795
v -0.585745 0.301720 0.305795
v -0.577167 0.378097 0.301142
v -0.577167 0.378097 0.301142
v -0.577167 0.378097 0.301142
v -0.577167 0.378097 0.301142
v -0.601865 0.163355 0.241575
v -0.601865 0.163355 0.241575
v -0.601865 0.163355 0.241575
v -0.601865 0.163355 0.241575
v -0.610249 0.085335 0.245144
v -0.610249 0.085335 0.245144
v -0.610249 0.085335 0.245144
v -0.610249 0.085335 0.245144
v -0.610335 0.084483 0.319587
v -0.610335 0.084483 0.319587
v -0.610335 0.084483 0.319587
v -0.610335 0.084483 0.319587
v -0.602094 0.161320 0.314625
v -0.602094 0.161320 0.314625
v -0.602094 0.161320 0.314625
v -0.602094 0.161320 0.314625
v -0.637601 0.123747 0.280537
v -0.637601 0.123747 0.280537
v -0.637601 0.123747 0.280537
v -0.637601 0.123747 0.280537
v -0.611672 0.340160 0.267606
v -0.611672 0.340160 0.267606
v -0.611672 0.340160 0.267606
v -0.611672 0.340160 0.267606
v 0.423245 0.317760 0.323294
v 0.423245 0.317760 0.323294
v 0.423245 0.317760 0.323294
v 0.423245 0.317760 0.323294
v 0.450131 -0.018743 0.343568
v 0.450131 -0.018743 0.343568
v 0.561057 0.305510 -0.000000
v 0.561057 0.305510 -0.000000
v 0.593964 -0.018743 0.195466
v 0.593964 -0.018743 0.195466
v 0.561057 0.305510 0.183950
v 0.561057 0.305510 0.183950
v 0.561057 0.305510 0.183950
v 0.561057 0.305510 0.183950
v 0.619373 -0.018743 0.220784
v 0.619373 -0.018743 0.220784
v 0.619373 -0.018743 0.220784
v 0.619373 -0.018743 0.354745
v 0.619373 -0.018743 0.354745
v 0.619373 -0.018743 0.354745
v 0.619373 -0.018743 0.354745
v 0.571974 0.428618 0.326887
v 0.571974 0.428618 0.326887
v 0.571974 0.428618 0.326887
v 0.571974 0.428618 0.326887
v 0.571974 0.428618 0.326887
v 0.571974 0.428618 0.326887
v 0.571974 0.428618 0.326887
v 0.437749 0.428618 0.326887
v 0.437749 0.428618 0.326887
v 0.437749 0.428618 0.326887
v 0.437749 0.428618 0.326887
v 0.437749 0.428618 0.326887
v 0.475490 -0.018743 0.354745
v 0.475490 -0.018743 0.354745
v 0.475490 -0.018743 0.354745
v 0.571974 0.428618 0.202779
v 0.571974 0.428618 0.202779
v 0.571974 0.428618 0.202779
v 0.571974 0.428618 0.202779
v 0.571974 0.428618 0.202779
v 0.162156 0.317760 0.323294
v 0.162156 0.317760 0.323294
v 0.283736 0.317760 0.323294
v 0.283736 0.317760 0.323294
v 0.158550 0.428618 0.326887
v 0.158550 0.428618 0.326887
v 0.277518 0.428618 0.326887
v 0.277518 0.428618 0.326887
v 0.284473 0.305510 0.287161
v 0.424315 0.305510 0.287161
v 0.424315 0.305510 0.287161
v 0.450131 -0.018743 0.304639
v 0.187095 0.305510 0.287161
v 0.081043 0.317760 0.323294
v 0.081043 0.317760 0.323294
v 0.079232 0.428618 0.326887
v 0.079232 0.428618 0.326887
v 0.081258 0.305510 0.287161
v 0.571974 0.428618 -0.000000
v 0.571974 0.428618 -0.000000
v 0.530399 0.305510 0.183950
v 0.530399 0.305510 0.183950
v 0.530399 0.305510 -0.000000
v 0.561795 -0.018743 0.195466
v 0.514680 0.339789 0.361036
v 0.514680 0.339789 0.361036
v 0.514680 0.339789 0.361036
v 0.514680 0.339789 0.361036
v 0.556812 0.301868 0.334971
v 0.556812 0.301868 0.334971
v 0.556812 0.301868 0.334971
v 0.556812 0.301868 0.334971
v 0.556812 0.301868 0.334971
v 0.548640 0.377710 0.329964
v 0.548640 0.377710 0.329964
v 0.548640 0.377710 0.329964
v 0.548640 0.377710 0.329964
v 0.473276 0.377710 0.329964
v 0.473276 0.377710 0.329964
v 0.473276 0.377710 0.329964
v 0.473276 0.377710 0.329964
v 0.480482 0.301868 0.334971
v 0.480482 0.301868 0.334971
v 0.480482 0.301868 0.334971
v 0.480482 0.301868 0.334971
v 0.574511 0.161721 0.344563
v 0.574511 0.161721 0.344563
v 0.574511 0.161721 0.344563
v 0.574511 0.161721 0.344563
v 0.582536 0.083935 0.349465
v 0.582536 0.083935 0.349465
v 0.582536 0.083935 0.349465
v 0.582536 0.083935 0.349465
v 0.500073 0.083935 0.349465
v 0.500073 0.083935 0.349465
v 0.500073 0.083935 0.349465
v 0.493092 0.161108 0.344604
v 0.493092 0.161108 0.344604
v 0.493092 0.161108 0.344604
v 0.493092 0.161108 0.344604
v 0.493092 0.161108 0.344604
v 0.537474 0.122674 0.377705
v 0.537474 0.122674 0.377705
v 0.537474 0.122674 0.377705
v 0.537474 0.122674 0.377705
v 0.577059 0.379108 0.229618
v 0.577059 0.379108 0.229618
v 0.577059 0.379108 0.229618
v 0.585745 0.301720 0.233295
v 0.585745 0.301720 0.233295
v 0.585745 0.301720 0.233295
v 0.585745 0.301720 0.233295
v 0.585745 0.301720 0.233295
v 0.585745 0.301720 0.305795
v 0.585745 0.301720 0.305795
v 0.585745 0.301720 0.305795
v 0.585745 0.301720 0.305795
v 0.577167 0.378097 0.301142
v 0.577167 0.378097 0.301142
v 0.577167 0.378097 0.301142
v 0.577167 0.378097 0.301142
v 0.601865 0.163355 0.241575
v 0.601865 0.163355 0.241575
v 0.601865 0.163355 0.241575
v 0.601865 0.163355 0.241575
v 0.610249 0.085335 0.245144
v 0.610249 0.085335 0.245144
v 0.610249 0.085335 0.245144
v 0.610249 0.085335 0.245144
v 0.610335 0.084483 0.319587
v 0.610335 0.084483 0.319587
v 0.610335 0.084483 0.319587
v 0.610335 0.084483 0.319587
v 0.602094 0.161320 0.314625
v 0.602094 0.161320 0.314625
v 0.602094 0.161320 0.314625
v 0.602094 0.161320 0.314625
v 0.637601 0.123747 0.280537
v 0.637601 0.123747 0.280537
v 0.637601 0.123747 0.280537
v 0.637601 0.123747 0.280537
v 0.611672 0.340160 0.267606
v 0.611672 0.340160 0.267606
v 0.611672 0.340160 0.267606
v 0.611672 0.340160 0.267606
v 0.000000 0.317760 -0.323294
v 0.000000 0.317760 -0.323294
v -0.423245 0.317760 -0.323294
v -0.423245 0.317760 -0.323294
v -0.423245 0.317760 -0.323294
v -0.423245 0.317760 -0.323294
v -0.450131 -0.018743 -0.343568
v -0.450131 -0.018743 -0.343568
v -0.593964 -0.018743 -0.195466
v -0.593964 -0.018743 -0.195466
v -0.561057 0.305510 -0.183950
v -0.561057 0.305510 -0.183950
v -0.561057 0.305510 -0.183950
v -0.561057 0.305510 -0.183950
v -0.619373 -0.018743 -0.220784
v -0.619373 -0.018743 -0.220784
v -0.619373 -0.018743 -0.220784
v -0.619373 -0.018743 -0.354745
v -0.619373 -0.018743 -0.354745
v -0.619373 -0.018743 -0.354745
v -0.619373 -0.018743 -0.354745
v -0.571974 0.428618 -0.326887
v -0.571974 0.428618 -0.326887
v -0.571974 0.428618 -0.326887
v -0.571974 0.428618 -0.326887
v -0.571974 0.428618 -0.326887
v -0.571974 0.428618 -0.326887
v -0.571974 0.428618 -0.326887
v -0.437749 0.428618 -0.326887
v -0.437749 0.428618 -0.326887
v -0.437749 0.428618 -0.326887
v -0.437749 0.428618 -0.326887
v -0.437749 0.428618 -0.326887
v -0.475490 -0.018743 -0.354745
v -0.475490 -0.018743 -0.354745
v -0.475490 -0.018743 -0.354745
v -0.571974 0.428618 -0.202779
v -0.571974 0.428618 -0.202779
v -0.571974 0.428618 -0.202779
v -0.571974 0.428618 -0.202779
v -0.571974 0.428618 -0.202779
v -0.162155 0.317760 -0.323294
v -0.162155 0.317760 -0.323294
v -0.283736 0.317760 -0.323294
v -0.283736 0.317760 -0.323294
v 0.000000 0.428618 -0.326887
v 0.000000 0.428618 -0.326887
v -0.158550 0.428618 -0.326887
v -0.158550 0.428618 -0.326887
v -0.277518 0.428618 -0.326887
v -0.277518 0.428618 -0.326887
v 0.000000 0.305510 -0.287161
v -0.284473 0.305510 -0.287161
v -0.424315 0.305510 -0.287161
v -0.424315 0.305510 -0.287161
v -0.450131 -0.018743 -0.304639
v -0.187095 0.305510 -0.287161
v -0.081043 0.317760 -0.323294
v -0.081043 0.317760 -0.323294
v -0.079232 0.428618 -0.326887
v -0.079232 0.428618 -0.326887
v -0.081258 0.305510 -0.287161
v -0.530399 0.305510 -0.183950
v -0.530399 0.305510 -0.183950
v -0.561795 -0.018743 -0.195466
v -0.514680 0.339789 -0.361036
v -0.514680 0.339789 -0.361036
v -0.514680 0.339789 -0.361036
v -0.514680 0.339789 -0.361036
v -0.556812 0.301868 -0.334971
v -0.556812 0.301868 -0.334971
v -0.556812 0.301868 -0.334971
v -0.556812 0.301868 -0.334971
v -0.556812 0.301868 -0.334971
v -0.548640 0.377710 -0.329964
v -0.548640 0.377710 -0.329964
v -0.548640 0.377710 -0.329964
v -0.548640 0.377710 -0.329964
v -0.473276 0.377710 -0.329964
v -0.473276 0.377710 -0.329964
v -0.473276 0.377710 -0.329964
v -0.473276 0.377710 -0.329964
v -0.480482 0.301868 -0.334971
v -0.480482 0.301868 -0.334971
v -0.480482 0.301868 -0.334971
v -0.480482 0.301868 -0.334971
v -0.574511 0.161721 -0.344563
v -0.574511 0.161721 -0.344563
v -0.574511 0.161721 -0.344563
v -0.574511 0.161721 -0.344563
v -0.582536 0.083935 -0.349465
v -0.582536 0.083935 -0.349465
v -0.582536 0.083935 -0.349465
v -0.582536 0.083935 -0.349465
v -0.500073 0.083935 -0.349465
v -0.500073 0.083935 -0.349465
v -0.500073 0.083935 -0.349465
v -0.493092 0.161108 -0.344604
v -0.493092 0.161108 -0.344604
v -0.493092 0.161108 -0.344604
v -0.493092 0.161108 -0.344604
v -0.493092 0.161108 -0.344604
v -0.537474 0.122674 -0.377705
v -0.537474 0.122674 -0.377705
v -0.537474 0.122674 -0.377705
v -0.537474 0.122674 -0.377705
v -0.577059 0.379108 -0.229618
v -0.577059 0.379108 -0.229618
v -0.577059 0.379108 -0.229618
v -0.585745 0.301720 -0.233295
v -0.585745 0.301720 -0.233295
v -0.585745 0.301720 -0.233295
v -0.585745 0.301720 -0.233295
v -0.585745 0.301720 -0.233295
v -0.585745 0.301720 -0.305795
v -0.585745 0.301720 -0.305795
v -0.585745 0.301720 -0.305795
v -0.585745 0.301720 -0.305795
v -0.577167 0.378097 -0.301142
v -0.577167 0.378097 -0.301142
v -0.577167 0.378097 -0.301142
v -0.577167 0.378097 -0.301142
v -0.601865 0.163355 -0.241575
v -0.601865 0.163355 -0.241575
v -0.601865 0.163355 -0.241575
v -0.601865 0.163355 -0.241575
v -0.610249 0.085335 -0.245144
v -0.610249 0.085335 -0.245144
v -0.610249 0.085335 -0.245144
v -0.610249 0.085335 -0.245144
v -0.610335 0.084483 -0.319587
v -0.610335 0.084483 -0.319587
v -0.610335 0.084483 -0.319587
v -0.610335 0.084483 -0.319587
v -0.602094 0.161320 -0.314625
v -0.602094 0.161320 -0.314625
v -0.602094 0.161320 -0.314625
v -0.602094 0.161320 -0.314625
v -0.637601 0.123747 -0.280537
v -0.637601 0.123747 -0.280537
v -0.637601 0.123747 -0.280537
v -0.637601 0.123747 -0.280537
v -0.611672 0.340160 -0.267606
v -0.611672 0.340160 -0.267606
v -0.611672 0.340160 -0.267606
v -0.611672 0.340160 -0.267606
v 0.423245 0.317760 -0.323294
v 0.423245 0.317760 -0.323294
v 0.423245 0.317760 -0.323294
v 0.423245 0.317760 -0.323294
v 0.450131 -0.018743 -0.343568
v 0.450131 -0.018743 -0.343568
v 0.593964 -0.018743 -0.195466
v 0.593964 -0.018743 -0.195466
v 0.561057 0.305510 -0.183950
v 0.561057 0.305510 -0.183950
v 0.561057 0.305510 -0.183950
v 0.561057 0.305510 -0.183950
v 0.619373 -0.018743 -0.220784
v 0.619373 -0.018743 -0.220784
v 0.619373 -0.018743 -0.220784
v 0.619373 -0.018743 -0.354745
v 0.619373 -0.018743 -0.354745
v 0.619373 -0.018743 -0.354745
v 0.619373 -0.018743 -0.354745
v 0.571974 0.428618 -0.326887
v 0.571974 0.428618 -0.326887
v 0.571974 0.428618 -0.326887
v 0.571974 0.428618 -0.326887
v 0.571974 0.428618 -0.326887
v 0.571974 0.428618 -0.326887
v 0.571974 0.428618 -0.326887
v 0.437749 0.428618 -0.326887
v 0.437749 0.428618 -0.326887
v 0.437749 0.428618 -0.326887
v 0.437749 0.428618 -0.326887
v 0.437749 0.428618 -0.326887
v 0.475490 -0.018743 -0.354745
v 0.475490 -0.018743 -0.354745
v 0.475490 -0.018743 -0.354745
v 0.571974 0.428618 -0.202779
v 0.571974 0.428618 -0.202779
v 0.571974 0.428618 -0.202779
v 0.571974 0.428618 -0.202779
v 0.571974 0.428618 -0.202779
v 0.162156 0.317760 -0.323294
v 0.162156 0.317760 -0.323294
v 0.283736 0.317760 -0.323294
v 0.283736 0.317760 -0.323294
v 0.158550 0.428618 -0.326887
v 0.158550 0.428618 -0.326887
v 0.277518 0.428618 -0.326887
v 0.277518 0.428618 -0.326887
v 0.284473 0.305510 -0.287161
v 0.424315 0.305510 -0.287161
v 0.424315 0.305510 -0.287161
v 0.450131 -0.018743 -0.304639
v 0.187095 0.305510 -0.287161
v 0.081043 0.317760 -0.323294
v 0.081043 0.317760 -0.323294
v 0.079232 0.428618 -0.326887
v 0.079232 0.428618 -0.326887
v 0.081258 0.305510 -0.287161
v 0.530399 0.305510 -0.183950
v 0.530399 0.305510 -0.183950
v 0.561795 -0.018743 -0.195466
v 0.514680 0.339789 -0.361036
v 0.514680 0.339789 -0.361036
v 0.514680 0.339789 -0.361036
v 0.514680 0.339789 -0.361036
v 0.556812 0.301868 -0.334971
v 0.556812 0.301868 -0.334971
v 0.556812 0.301868 -0.334971
v 0.556812 0.301868 -0.334971
v 0.556812 0.301868 -0.334971
v 0.548640 0.377710 -0.329964
v 0.548640 0.377710 -0.329964
v 0.548640 0.377710 -0.329964
v 0.548640 0.377710 -0.329964
v 0.473276 0.377710 -0.329964
v 0.473276 0.377710 -0.329964
v 0.473276 0.377710 -0.329964
v 0.473276 0.377710 -0.329964
v 0.480482 0.301868 -0.334971
v 0.480482 0.301868 -0.334971
v 0.480482 0.301868 -0.334971
v 0.480482 0.301868 -0.334971
v 0.574511 0.161721 -0.344563
v 0.574511 0.161721 -0.344563
v 0.574511 0.161721 -0.344563
v 0.574511 0.161721 -0.344563
v 0.582536 0.083935 -0.349465
v 0.582536 0.083935 -0.349465
v 0.582536 0.083935 -0.349465
v 0.582536 0.083935 -0.349465
v 0.500073 0.083935 -0.349465
v 0.500073 0.083935 -0.349465
v 0.500073 0.083935 -0.349465
v 0.493092 0.161108 -0.344604
v 0.493092 0.161108 -0.344604
v 0.493092 0.161108 -0.344604
v 0.493092 0.161108 -0.344604
v 0.493092 0.161108 -0.344604
v 0.537474 0.122674 -0.377705
v 0.537474 0.122674 -0.377705
v 0.537474 0.122674 -0.377705
v 0.537474 0.122674 -0.377705
v 0.577059 0.379108 -0.229618
v 0.577059 0.379108 -0.229618
v 0.577059 0.379108 -0.229618
v 0.585745 0.301720 -0.233295
v 0.585745 0.301720 -0.233295
v 0.585745 0.301720 -0.233295
v 0.585745 0.301720 -0.233295
v 0.585745 0.301720 -0.233295
v 0.585745 0.301720 -0.305795
v 0.585745 0.301720 -0.305795
v 0.585745 0.301720 -0.305795
v 0.585745 0.301720 -0.305795
v 0.577167 0.378097 -0.301142
v 0.577167 0.378097 -0.301142
v 0.577167 0.378097 -0.301142
v 0.577167 0.378097 -0.301142
v 0.601865 0.163355 -0.241575
v 0.601865 0.163355 -0.241575
v 0.601865 0.163355 -0.241575
v 0.601865 0.163355 -0.241575
v 0.610249 0.085335 -0.245144
v 0.610249 0.085335 -0.245144
v 0.610249 0.085335 -0.245144
v 0.610249 0.085335 -0.245144
v 0.610335 0.084483 -0.319587
v 0.610335 0.084483 -0.319587
v 0.610335 0.084483 -0.319587
v 0.610335 0.084483 -0.319587
v 0.602094 0.161320 -0.314625
v 0.602094 0.161320 -0.314625
v 0.602094 0.161320 -0.314625
v 0.602094 0.161320 -0.314625
v 0.637601 0.123747 -0.280537
v 0.637601 0.123747 -0.280537
v 0.637601 0.123747 -0.280537
v 0.637601 0.123747 -0.280537
v 0.611672 0.340160 -0.267606
v 0.611672 0.340160 -0.267606
v 0.611672 0.340160 -0.267606
v 0.611672 0.340160 -0.267606
v -0.556422 0.308446 -0.120543
v -0.556422 0.308446 -0.120543
v -0.556422 0.308446 0.120543
v -0.556422 0.308446 0.120543
v -0.568139 0.428063 -0.117643
v -0.568139 0.428063 -0.117643
v -0.568139 0.428063 0.117643
v -0.568139 0.428063 0.117643
v -0.582292 0.408970 -0.105249
v -0.582292 0.408970 -0.105249
v -0.582292 0.408970 -0.105249
v -0.573230 0.313422 -0.107342
v -0.573230 0.313422 -0.107342
v -0.573230 0.313422 -0.107342
v -0.573230 0.313422 0.101041
v -0.573230 0.313422 0.101041
v -0.573230 0.313422 0.101041
v -0.582292 0.408970 0.099069
v -0.582292 0.408970 0.099069
v -0.582292 0.408970 0.099069
v -0.575758 0.361633 -0.021151
v -0.575759 0.361633 0.014922
v -0.575206 0.355782 -0.021177
v -0.575206 0.355782 0.014941
v -0.574677 0.350156 -0.021202
v -0.574677 0.350155 0.014958
v -0.574192 0.344970 -0.021225
v -0.574192 0.344970 0.014975
v -0.573767 0.340425 -0.021245
v -0.573767 0.340425 0.014989
v -0.573420 0.336695 -0.021262
v -0.573420 0.336695 0.015001
v -0.573162 0.333923 -0.021275
v -0.573162 0.333923 0.015010
v -0.573004 0.332217 -0.021283
v -0.573004 0.332217 -0.021283
v -0.573004 0.332217 0.015015
v -0.573004 0.332217 0.015015
v -0.595167 0.326585 -0.021308
v -0.595167 0.326585 -0.021308
v -0.595167 0.326585 0.015034
v -0.595167 0.326585 0.015034
v -0.606435 0.326355 -0.021309
v -0.606435 0.326355 -0.021309
v -0.606435 0.326355 0.015034
v -0.606435 0.326355 0.015034
v -0.616391 0.330727 -0.021289
v -0.616391 0.330727 -0.021289
v -0.616391 0.330727 0.015020
v -0.616391 0.330727 0.015020
v -0.623506 0.339034 -0.021252
v -0.623506 0.339034 -0.021252
v -0.623505 0.339034 0.014994
v -0.623505 0.339034 0.014994
v -0.626699 0.350012 -0.021202
v -0.626699 0.350012 -0.021202
v -0.626699 0.350012 0.014959
v -0.626699 0.350012 0.014959
v -0.625505 0.361990 -0.021149
v -0.625505 0.361990 -0.021149
v -0.625505 0.361990 0.014921
v -0.625505 0.361990 0.014921
v -0.620129 0.373144 -0.021100
v -0.620129 0.373144 -0.021100
v -0.620129 0.373144 0.014887
v -0.620129 0.373144 0.014887
v -0.611402 0.381775 -0.021063
v -0.611402 0.381775 -0.021063
v -0.611402 0.381775 0.014861
v -0.611402 0.381775 0.014861
v -0.600647 0.386571 -0.021043
v -0.600647 0.386571 -0.021043
v -0.600647 0.386571 0.014846
v -0.600647 0.386571 0.014846
v -0.578582 0.391050 -0.021024
v -0.578582 0.391050 -0.021024
v -0.578582 0.391050 0.014833
v -0.578582 0.391050 0.014833
v -0.578416 0.389343 -0.021031
v -0.578416 0.389343 0.014838
v -0.578146 0.386572 -0.021043
v -0.578146 0.386572 0.014846
v -0.577785 0.382842 -0.021059
v -0.577785 0.382842 0.014858
v -0.577347 0.378296 -0.021078
v -0.577347 0.378296 0.014871
v -0.576850 0.373111 -0.021101
v -0.576850 0.373111 0.014887
v -0.576314 0.367485 -0.021125
v -0.576314 0.367485 0.014904
v 0.556422 0.308446 -0.120543
v 0.556422 0.308446 -0.120543
v 0.556422 0.308446 0.120543
v 0.556422 0.308446 0.120543
v 0.568139 0.428063 -0.117643
v 0.568139 0.428063 -0.117643
v 0.568139 0.428063 0.117643
v 0.568139 0.428063 0.117643
v 0.582292 0.408970 -0.105249
v 0.582292 0.408970 -0.105249
v 0.582292 0.408970 -0.105249
v 0.573230 0.313422 -0.107342
v 0.573230 0.313422 -0.107342
v 0.573230 0.313422 -0.107342
v 0.573230 0.313422 0.101041
v 0.573230 0.313422 0.101041
v 0.573230 0.313422 0.101041
v 0.582292 0.408970 0.099069
v 0.582292 0.408970 0.099069
v 0.582292 0.408970 0.099069
v 0.575758 0.361633 -0.021151
v 0.575759 0.361633 0.014922
v 0.575206 0.355782 -0.021177
v 0.575206 0.355782 0.014941
v 0.574677 0.350156 -0.021202
v 0.574677 0.350155 0.014958
v 0.574192 0.344970 -0.021225
v 0.574192 0.344970 0.014975
v 0.573767 0.340425 -0.021245
v 0.573767 0.340425 0.014989
v 0.573420 0.336695 -0.021262
v 0.573420 0.336695 0.015001
v 0.573162 0.333923 -0.021275
v 0.573162 0.333923 0.015010
v 0.573004 0.332217 -0.021283
v 0.573004 0.332217 -0.021283
v 0.573004 0.332217 0.015015
v 0.573004 0.332217 0.015015
v 0.595167 0.326585 -0.021308
v 0.595167 0.326585 -0.021308
v 0.595167 0.326585 0.015034
v 0.595167 0.326585 0.015034
v 0.606435 0.326355 -0.021309
v 0.606435 0.326355 -0.021309
v 0.606435 0.326355 0.015034
v 0.606435 0.326355 0.015034
v 0.616391 0.330727 -0.021289
v 0.616391 0.330727 -0.021289
v 0.616391 0.330727 0.015020
v 0.616391 0.330727 0.015020
v 0.623506 0.339034 -0.021252
v 0.623506 0.339034 -0.021252
v 0.623505 0.339034 0.014994
v 0.623505 0.339034 0.014994
v 0.626699 0.350012 -0.021202
v 0.626699 0.350012 -0.021202
v 0.626699 0.350012 0.014959
v 0.626699 0.350012 0.014959
v 0.625505 0.361990 -0.021149
v 0.625505 0.361990 -0.021149
v 0.625505 0.361990 0.014921
v 0.625505 0.361990 0.014921
v 0.620129 0.373144 -0.021100
v 0.620129 0.373144 -0.021100
v 0.620129 0.373144 0.014887
v 0.620129 0.373144 0.014887
v 0.611402 0.381775 -0.021063
v 0.611402 0.381775 -0.021063
v 0.611402 0.381775 0.014861
v 0.611402 0.381775 0.014861
v 0.600647 0.386571 -0.021043
v 0.600647 0.386571 -0.021043
v 0.600647 0.386571 0.014846
v 0.600647 0.386571 0.014846
v 0.578582 0.391050 -0.021024
v 0.578582 0.391050 -0.021024
v 0.578582 0.391050 0.014833
v 0.578582 0.391050 0.014833
v 0.578416 0.389343 -0.021031
v 0.578416 0.389343 0.014838
v 0.578146 0.386572 -0.021043
v 0.578146 0.386572 0.014846
v 0.577785 0.382842 -0.021059
v 0.577785 0.382842 0.014858
v 0.577347 0.378296 -0.021078
v 0.577347 0.378296 0.014871
v 0.576850 0.373111 -0.021101
v 0.576850 0.373111 0.014887
v 0.576314 0.367485 -0.021125
v 0.576314 0.367485 0.014904
v -0.465656 0.182260 0.271507
v -0.465656 0.182260 0.271507
v -0.441323 0.182260 0.271507
v -0.441323 0.182260 0.271507
v -0.570720 0.054231 0.273746
v -0.570720 0.054231 0.273746
v -0.573433 -0.022697 0.279712
v -0.276505 -0.018687 0.277278
v -0.443055 0.166536 0.315032
v -0.443055 0.166536 0.315032
v -0.443055 0.166536 0.315032
v -0.463924 0.166536 0.315032
v -0.463924 0.166536 0.315032
v -0.463924 0.166536 0.315032
v -0.463924 0.166536 0.315032
v -0.567098 -0.013457 0.326284
v -0.567098 -0.013457 0.326284
v -0.560608 0.046490 0.322537
v -0.560608 0.046490 0.322537
v -0.560608 0.046490 0.322537
v -0.302310 -0.018687 0.324851
v -0.302310 -0.018687 0.324851
v -0.463924 -0.018687 0.326284
v -0.463924 -0.018687 0.326284
v 0.465387 0.179823 0.278254
v 0.465387 0.179823 0.278254
v 0.441591 0.179823 0.278254
v 0.441591 0.179823 0.278254
v 0.570720 0.054231 0.273746
v 0.570720 0.054231 0.273746
v 0.573433 -0.022697 0.279712
v 0.276505 -0.018687 0.277278
v 0.443055 0.166536 0.315032
v 0.443055 0.166536 0.315032
v 0.443055 0.166536 0.315032
v 0.463924 0.166536 0.315032
v 0.463924 0.166536 0.315032
v 0.463924 0.166536 0.315032
v 0.463924 0.166536 0.315032
v 0.567098 -0.013457 0.326284
v 0.567098 -0.013457 0.326284
v 0.560608 0.046490 0.322537
v 0.560608 0.046490 0.322537
v 0.560608 0.046490 0.322537
v 0.302310 -0.018687 0.324851
v 0.302310 -0.018687 0.324851
v 0.463924 -0.018687 0.326284
v 0.463924 -0.018687 0.326284
v -0.465444 0.180339 -0.276826
v -0.465444 0.180339 -0.276826
v -0.441534 0.180339 -0.276826
v -0.441534 0.180339 -0.276826
v -0.570720 0.054231 -0.273746
v -0.570720 0.054231 -0.273746
v -0.573433 -0.022697 -0.279712
v -0.276505 -0.018687 -0.277278
v -0.443055 0.166536 -0.315032
v -0.443055 0.166536 -0.315032
v -0.443055 0.166536 -0.315032
v -0.463924 0.166536 -0.315032
v -0.463924 0.166536 -0.315032
v -0.463924 0.166536 -0.315032
v -0.463924 0.166536 -0.315032
v -0.567098 -0.013457 -0.326284
v -0.567098 -0.013457 -0.326284
v -0.560608 0.046490 -0.322537
v -0.560608 0.046490 -0.322537
v -0.560608 0.046490 -0.322537
v -0.302310 -0.018687 -0.324851
v -0.302310 -0.018687 -0.324851
v -0.463924 -0.018687 -0.326284
v -0.463924 -0.018687 -0.326284
v 0.465407 0.180006 -0.277746
v 0.465407 0.180006 -0.277746
v 0.441571 0.180006 -0.277746
v 0.441571 0.180006 -0.277746
v 0.570720 0.054231 -0.273746
v 0.570720 0.054231 -0.273746
v 0.573433 -0.022697 -0.279712
v 0.276505 -0.018687 -0.277278
v 0.443055 0.166536 -0.315032
v 0.443055 0.166536 -0.315032
v 0.443055 0.166536 -0.315032
v 0.463924 0.166536 -0.315032
v 0.463924 0.166536 -0.315032
v 0.463924 0.166536 -0.315032
v 0.463924 0.166536 -0.315032
v 0.567098 -0.013457 -0.326284
v 0.567098 -0.013457 -0.326284
v 0.560608 0.046490 -0.322537
v 0.560608 0.046490 -0.322537
v 0.560608 0.046490 -0.322537
v 0.302310 -0.018687 -0.324851
v 0.302310 -0.018687 -0.324851
v 0.463924 -0.018687 -0.326284
v 0.463924 -0.018687 -0.326284
v 0.039362 0.429850 -0.330677
v 0.039362 0.429850 -0.330677
v 0.039362 0.429850 -0.330677
v -0.039362 0.429850 -0.330677
v -0.039362 0.429850 -0.330677
v -0.039362 0.429850 -0.330677
v 0.039362 0.423820 -0.332293
v 0.039362 0.423820 -0.332293
v 0.039362 0.423820 -0.332293
v -0.039362 0.423820 -0.332293
v -0.039362 0.423820 -0.332293
v -0.039362 0.423820 -0.332293
v 0.039362 0.419406 -0.336708
v 0.039362 0.419406 -0.336708
v 0.039362 0.419406 -0.336708
v -0.039362 0.419406 -0.336708
v -0.039362 0.419406 -0.336708
v -0.039362 0.419406 -0.336708
v 0.039362 0.417790 -0.342738
v 0.039362 0.417790 -0.342738
v 0.039362 0.417790 -0.342738
v -0.039362 0.417790 -0.342738
v -0.039362 0.417790 -0.342738
v -0.039362 0.417790 -0.342738
v 0.039362 0.419406 -0.348768
v 0.039362 0.419406 -0.348768
v 0.039362 0.419406 -0.348768
v -0.039362 0.419406 -0.348768
v -0.039362 0.419406 -0.348768
v -0.039362 0.419406 -0.348768
v 0.039362 0.423820 -0.353182
v 0.039362 0.423820 -0.353182
v 0.039362 0.423820 -0.353182
v -0.039362 0.423820 -0.353182
v -0.039362 0.423820 -0.353182
v -0.039362 0.423820 -0.353182
v 0.039362 0.429850 -0.354798
v 0.039362 0.429850 -0.354798
v 0.039362 0.429850 -0.354798
v -0.039362 0.429850 -0.354798
v -0.039362 0.429850 -0.354798
v -0.039362 0.429850 -0.354798
v 0.039362 0.435880 -0.353182
v 0.039362 0.435880 -0.353182
v 0.039362 0.435880 -0.353182
v -0.039362 0.435880 -0.353182
v -0.039362 0.435880 -0.353182
v -0.039362 0.435880 -0.353182
v 0.039362 0.440295 -0.348768
v 0.039362 0.440295 -0.348768
v -0.039362 0.440295 -0.348768
v -0.039362 0.440295 -0.348768
v 0.039362 0.441911 -0.342738
v 0.039362 0.441911 -0.342738
v 0.039362 0.441911 -0.342738
v -0.039362 0.441911 -0.342738
v -0.039362 0.441911 -0.342738
v -0.039362 0.441911 -0.342738
v 0.039362 0.440295 -0.336708
v 0.039362 0.440295 -0.336708
v -0.039362 0.440295 -0.336708
v -0.039362 0.440295 -0.336708
v 0.039362 0.435880 -0.332293
v 0.039362 0.435880 -0.332293
v 0.039362 0.435880 -0.332293
v -0.039362 0.435880 -0.332293
v -0.039362 0.435880 -0.332293
v -0.039362 0.435880 -0.332293
v -0.038519 0.412512 -0.342019
v -0.038519 0.412512 -0.342019
v -0.038519 0.412512 -0.342019
v -0.060058 0.338182 -0.330054
v -0.060058 0.338182 -0.330054
v -0.060058 0.338182 -0.330054
v -0.045716 0.419925 -0.327858
v -0.045716 0.419925 -0.327858
v -0.071938 0.339799 -0.314959
v -0.071938 0.339799 -0.314959
v 0.000000 0.423649 -0.343812
v 0.000000 0.423649 -0.343812
v 0.000000 0.310446 -0.325589
v 0.000000 0.310446 -0.325589
v 0.000000 0.306681 -0.309628
v -0.031250 0.326208 -0.312772
v -0.025459 0.327600 -0.328351
v -0.025459 0.327600 -0.328351
v -0.045880 0.355393 -0.332825
v -0.045880 0.355393 -0.332825
v -0.053868 0.360280 -0.318256
v 0.000000 0.355393 -0.332825
v -0.034554 0.355393 -0.332825
v -0.036014 0.419925 -0.327858
v -0.053894 0.328398 -0.313124
v -0.029760 0.412512 -0.342019
v -0.029760 0.412512 -0.342019
v -0.045903 0.329584 -0.328670
v -0.045903 0.329584 -0.328670
v -0.043269 0.324821 -0.312548
v -0.036310 0.326408 -0.328159
v -0.036310 0.326408 -0.328159
v -0.031163 0.426059 -0.328845
v -0.025381 0.423649 -0.343812
v -0.025381 0.423649 -0.343812
v -0.017348 0.316948 -0.326636
v -0.017348 0.316948 -0.326636
v -0.007952 0.311587 -0.325773
v -0.007952 0.311587 -0.325773
v -0.011858 0.308534 -0.309927
v -0.022266 0.314451 -0.310879
v -0.014763 0.423649 -0.343812
v -0.014763 0.423649 -0.343812
v -0.015148 0.355393 -0.332825
v -0.053141 0.344583 -0.331085
v -0.053141 0.344583 -0.331085
v -0.061910 0.348349 -0.316336
v -0.047322 0.388404 -0.322783
v -0.039969 0.383952 -0.337422
v -0.039969 0.383952 -0.337422
v 0.000000 0.383952 -0.337422
v -0.029927 0.383952 -0.337422
v -0.012725 0.383952 -0.337422
v -0.057026 0.354315 -0.317296
v -0.048647 0.349988 -0.331955
v -0.048647 0.349988 -0.331955
v 0.038519 0.412512 -0.342019
v 0.038519 0.412512 -0.342019
v 0.038519 0.412512 -0.342019
v 0.060058 0.338182 -0.330054
v 0.060058 0.338182 -0.330054
v 0.060058 0.338182 -0.330054
v 0.045716 0.419925 -0.327858
v 0.045716 0.419925 -0.327858
v 0.071939 0.339799 -0.314959
v 0.071939 0.339799 -0.314959
v 0.031250 0.326208 -0.312772
v 0.025459 0.327600 -0.328351
v 0.025459 0.327600 -0.328351
v 0.045880 0.355393 -0.332825
v 0.045880 0.355393 -0.332825
v 0.053868 0.360280 -0.318256
v 0.034555 0.355393 -0.332825
v 0.036014 0.419925 -0.327858
v 0.053894 0.328398 -0.313124
v 0.029760 0.412512 -0.342019
v 0.029760 0.412512 -0.342019
v 0.045903 0.329584 -0.328670
v 0.045903 0.329584 -0.328670
v 0.043269 0.324821 -0.312548
v 0.036310 0.326408 -0.328159
v 0.036310 0.326408 -0.328159
v 0.031163 0.426059 -0.328845
v 0.025381 0.423649 -0.343812
v 0.025381 0.423649 -0.343812
v 0.017348 0.316948 -0.326636
v 0.017348 0.316948 -0.326636
v 0.007952 0.311587 -0.325773
v 0.007952 0.311587 -0.325773
v 0.011859 0.308534 -0.309927
v 0.022266 0.314451 -0.310879
v 0.014763 0.423649 -0.343812
v 0.014763 0.423649 -0.343812
v 0.015148 0.355393 -0.332825
v 0.053141 0.344583 -0.331085
v 0.053141 0.344583 -0.331085
v 0.061911 0.348349 -0.316336
v 0.047322 0.388404 -0.322784
v 0.039969 0.383952 -0.337422
v 0.039969 0.383952 -0.337422
v 0.029927 0.383952 -0.337422
v 0.012725 0.383952 -0.337422
v 0.057026 0.354315 -0.317296
v 0.048647 0.349988 -0.331955
v 0.048647 0.349988 -0.331955
v -0.041752 0.369673 -0.335123
v -0.041752 0.369673 -0.335123
v -0.049213 0.374342 -0.320520
v 0.041752 0.369673 -0.335123
v 0.041752 0.369673 -0.335123
v 0.049213 0.374342 -0.320520
v 0.000000 0.426059 -0.328845
v -0.014763 0.426059 -0.328845
v 0.014763 0.426059 -0.328845
v -0.302310 -0.017579 0.319848
v -0.366301 0.054949 0.272275
v -0.344442 0.033216 0.319848
v -0.344442 0.033216 0.319848
v 0.000000 -0.017579 0.319848
v 0.000000 0.033216 0.319848
v 0.000000 0.033216 0.319848
v 0.000000 0.054949 0.272275
v 0.302310 -0.017579 0.319848
v 0.366301 0.054949 0.272275
v 0.344442 0.033216 0.319848
v 0.344442 0.033216 0.319848
v -0.302310 -0.017579 -0.319848
v -0.366301 0.054949 -0.272275
v -0.344442 0.033216 -0.319848
v -0.344442 0.033216 -0.319848
v 0.000000 -0.017579 -0.319848
v 0.000000 0.033216 -0.319848
v 0.000000 0.033216 -0.319848
v 0.000000 0.054949 -0.272275
v 0.302310 -0.017579 -0.319848
v 0.366301 0.054949 -0.272275
v 0.344442 0.033216 -0.319848
v 0.344442 0.033216 -0.319848
v -0.575030 -0.016945 -0.225927
v -0.527206 0.054949 -0.289641
v -0.575030 0.033851 -0.268060
v -0.575030 0.033851 -0.268060
v -0.575030 -0.016945 0.076382
v -0.575030 0.033851 0.076382
v -0.575030 0.033851 0.076382
v -0.527206 0.054949 0.076660
v -0.575030 -0.016945 0.247170
v -0.575030 0.033851 0.270972
v -0.575030 0.033851 0.270972
v -0.527206 0.054949 0.283599
v 0.574779 -0.017579 -0.225650
v 0.527206 0.054949 -0.289641
v 0.574779 0.033216 -0.267783
v 0.574779 0.033216 -0.267783
v 0.574779 -0.017579 0.076660
v 0.574779 0.033216 0.076660
v 0.574779 0.033216 0.076660
v 0.527206 0.054949 0.076660
v 0.574779 -0.017579 0.247447
v 0.574779 0.033216 0.271250
v 0.574779 0.033216 0.271250
v 0.527206 0.054949 0.283599
v -0.524056 0.428618 0.279583
v -0.524056 0.428618 0.279583
v -0.524056 0.428618 0.279583
v -0.524056 0.428618 0.279583
v -0.401076 0.428618 0.279583
v -0.401076 0.428618 0.279583
v -0.524056 0.428618 0.173434
v -0.524056 0.428618 0.173434
v 0.000000 0.428618 0.279582
v 0.000000 0.428618 0.279582
v -0.145267 0.428618 0.279583
v -0.145267 0.428618 0.279583
v -0.254268 0.428618 0.279583
v -0.254268 0.428618 0.279583
v -0.072594 0.428618 0.279582
v -0.072594 0.428618 0.279582
v -0.524056 0.428618 -0.000000
v -0.524056 0.428618 -0.000000
v 0.524056 0.428618 0.279583
v 0.524056 0.428618 0.279583
v 0.524056 0.428618 0.279583
v 0.524056 0.428618 0.279583
v 0.401076 0.428618 0.279583
v 0.401076 0.428618 0.279583
v 0.524056 0.428618 0.173434
v 0.524056 0.428618 0.173434
v 0.145267 0.428618 0.279583
v 0.145267 0.428618 0.279583
v 0.254268 0.428618 0.279583
v 0.254268 0.428618 0.279583
v 0.072594 0.428618 0.279582
v 0.072594 0.428618 0.279582
v 0.524056 0.428618 -0.000000
v 0.524056 0.428618 -0.000000
v -0.524056 0.428618 -0.279583
v -0.524056 0.428618 -0.279583
v -0.524056 0.428618 -0.279583
v -0.524056 0.428618 -0.279583
v -0.401076 0.428618 -0.279583
v -0.401076 0.428618 -0.279583
v -0.524056 0.428618 -0.173434
v -0.524056 0.428618 -0.173434
v 0.000000 0.428618 -0.279582
v 0.000000 0.428618 -0.279582
v -0.145267 0.428618 -0.279583
v -0.145267 0.428618 -0.279583
v -0.254268 0.428618 -0.279583
v -0.254268 0.428618 -0.279583
v -0.072594 0.428618 -0.279582
v -0.072594 0.428618 -0.279582
v 0.524056 0.428618 -0.279583
v 0.524056 0.428618 -0.279583
v 0.524056 0.428618 -0.279583
v 0.524056 0.428618 -0.279583
v 0.401076 0.428618 -0.279583
v 0.401076 0.428618 -0.279583
v 0.524056 0.428618 -0.173434
v 0.524056 0.428618 -0.173434
v 0.145267 0.428618 -0.279583
v 0.145267 0.428618 -0.279583
v 0.254268 0.428618 -0.279583
v 0.254268 0.428618 -0.279583
v 0.072594 0.428618 -0.279582
v 0.072594 0.428618 -0.279582
v -0.489697 0.148081 0.261252
v -0.489697 0.148081 0.261252
v -0.489697 0.148081 0.261252
v -0.374780 0.148081 0.261252
v -0.374780 0.148081 0.261252
v -0.489697 0.148081 0.162063
v -0.489697 0.148081 0.162063
v 0.000000 0.148081 0.261252
v 0.000000 0.148081 0.261252
v -0.135743 0.148081 0.261252
v -0.135743 0.148081 0.261252
v -0.237598 0.148081 0.261252
v -0.237598 0.148081 0.261252
v -0.067835 0.148081 0.261252
v -0.067835 0.148081 0.261252
v -0.489697 0.148081 -0.000000
v -0.489697 0.148081 -0.000000
v 0.489697 0.148081 0.261252
v 0.489697 0.148081 0.261252
v 0.489697 0.148081 0.261252
v 0.374781 0.148081 0.261252
v 0.374781 0.148081 0.261252
v 0.489697 0.148081 0.162063
v 0.489697 0.148081 0.162063
v 0.135743 0.148081 0.261252
v 0.135743 0.148081 0.261252
v 0.237598 0.148081 0.261252
v 0.237598 0.148081 0.261252
v 0.067835 0.148081 0.261252
v 0.067835 0.148081 0.261252
v 0.489697 0.148081 -0.000000
v 0.489697 0.148081 -0.000000
v -0.489697 0.148081 -0.261252
v -0.489697 0.148081 -0.261252
v -0.489697 0.148081 -0.261252
v -0.374780 0.148081 -0.261252
v -0.374780 0.148081 -0.261252
v -0.489697 0.148081 -0.162063
v -0.489697 0.148081 -0.162063
v 0.000000 0.148081 -0.261252
v 0.000000 0.148081 -0.261252
v -0.135743 0.148081 -0.261252
v -0.135743 0.148081 -0.261252
v -0.237598 0.148081 -0.261252
v -0.237598 0.148081 -0.261252
v -0.067835 0.148081 -0.261252
v -0.067835 0.148081 -0.261252
v 0.489697 0.148081 -0.261252
v 0.489697 0.148081 -0.261252
v 0.489697 0.148081 -0.261252
v 0.374780 0.148081 -0.261252
v 0.374780 0.148081 -0.261252
v 0.489697 0.148081 -0.162063
v 0.489697 0.148081 -0.162063
v 0.135743 0.148081 -0.261252
v 0.135743 0.148081 -0.261252
v 0.237598 0.148081 -0.261252
v 0.237598 0.148081 -0.261252
v 0.067835 0.148081 -0.261252
v 0.067835 0.148081 -0.261252
v 0.101558 0.318940 0.275463
v 0.104098 0.243968 0.289289
v 0.104098 0.243968 0.289289
v 0.217182 0.162257 0.292338
v 0.217182 0.162257 0.292338
v 0.138479 0.224535 0.290023
v 0.166224 0.323779 0.276296
v 0.169737 0.282336 0.288001
v 0.169737 0.282336 0.288001
v 0.276672 0.200741 0.290972
v 0.276672 0.200741 0.290972
v 0.193106 0.262783 0.288709
v 0.109376 0.329977 0.277545
v 0.109376 0.329977 0.277545
v 0.157159 0.331846 0.277517
v 0.157159 0.331846 0.277517
v 0.137343 0.242088 0.301670
v 0.137343 0.242088 0.301670
v 0.111866 0.256474 0.301021
v 0.111866 0.256474 0.301021
v 0.111866 0.256474 0.301021
v 0.225042 0.172762 0.304796
v 0.225042 0.172762 0.304796
v 0.225042 0.172762 0.304796
v 0.193186 0.244958 0.301540
v 0.193186 0.244958 0.301540
v 0.159238 0.270458 0.300390
v 0.159238 0.270458 0.300390
v 0.159238 0.270458 0.300390
v 0.265789 0.188797 0.304073
v 0.265789 0.188797 0.304073
v 0.265789 0.188797 0.304073
v 0.285911 0.031955 0.296272
v 0.273309 0.034822 0.311017
v 0.273309 0.034822 0.311017
v 0.216287 0.030074 0.296266
v 0.225560 0.033540 0.311075
v 0.225560 0.033540 0.311075
v 0.101777 0.312483 0.287018
v 0.101777 0.312483 0.287018
v 0.168608 0.315626 0.287487
v 0.168608 0.315626 0.287487
v 0.109832 0.316424 0.298317
v 0.109832 0.316424 0.298317
v 0.109832 0.316424 0.298317
v 0.109832 0.316424 0.298317
v 0.157587 0.319131 0.298195
v 0.157587 0.319131 0.298195
v 0.157587 0.319131 0.298195
v 0.157587 0.319131 0.298195
v -0.101540 0.319468 0.274519
v -0.104098 0.243968 0.289289
v -0.104098 0.243968 0.289289
v -0.217182 0.162257 0.292338
v -0.217182 0.162257 0.292338
v -0.138479 0.224535 0.290023
v -0.166029 0.324445 0.275383
v -0.169737 0.282336 0.288001
v -0.169737 0.282336 0.288001
v -0.276672 0.200741 0.290972
v -0.276672 0.200741 0.290972
v -0.193106 0.262783 0.288709
v -0.109376 0.329977 0.277545
v -0.109376 0.329977 0.277545
v -0.157159 0.331846 0.277517
v -0.157159 0.331846 0.277517
v -0.137343 0.242088 0.301670
v -0.137343 0.242088 0.301670
v -0.111866 0.256474 0.301021
v -0.111866 0.256474 0.301021
v -0.111866 0.256474 0.301021
v -0.225042 0.172762 0.304796
v -0.225042 0.172762 0.304796
v -0.225042 0.172762 0.304796
v -0.193186 0.244958 0.301540
v -0.193186 0.244958 0.301540
v -0.159238 0.270458 0.300390
v -0.159238 0.270458 0.300390
v -0.159238 0.270458 0.300390
v -0.265789 0.188797 0.304073
v -0.265789 0.188797 0.304073
v -0.265789 0.188797 0.304073
v -0.285911 0.031955 0.296272
v -0.273309 0.034822 0.311017
v -0.273309 0.034822 0.311017
v -0.216287 0.030074 0.296266
v -0.225560 0.033540 0.311075
v -0.225560 0.033540 0.311075
v -0.101777 0.312483 0.287018
v -0.101777 0.312483 0.287018
v -0.168608 0.315626 0.287487
v -0.168608 0.315626 0.287487
v -0.109832 0.316424 0.298317
v -0.109832 0.316424 0.298317
v -0.109832 0.316424 0.298317
v -0.109832 0.316424 0.298317
v -0.157587 0.319131 0.298195
v -0.157587 0.319131 0.298195
v -0.157587 0.319131 0.298195
v -0.157587 0.319131 0.298195
v 0.101531 0.319726 -0.274058
v 0.104098 0.243968 -0.289289
v 0.104098 0.243968 -0.289289
v 0.217182 0.162257 -0.292338
v 0.217182 0.162257 -0.292338
v 0.138479 0.224535 -0.290023
v 0.165934 0.324771 -0.274936
v 0.169737 0.282336 -0.288001
v 0.169737 0.282336 -0.288001
v 0.276672 0.200741 -0.290972
v 0.276672 0.200741 -0.290972
v 0.193106 0.262783 -0.288709
v 0.109323 0.331539 -0.275151
v 0.109323 0.331539 -0.275151
v 0.157109 0.333311 -0.275134
v 0.157109 0.333311 -0.275134
v 0.137343 0.242088 -0.301670
v 0.137343 0.242088 -0.301670
v 0.111866 0.256474 -0.301021
v 0.111866 0.256474 -0.301021
v 0.111866 0.256474 -0.301021
v 0.225042 0.172762 -0.304796
v 0.225042 0.172762 -0.304796
v 0.225042 0.172762 -0.304796
v 0.193186 0.244958 -0.301540
v 0.193186 0.244958 -0.301540
v 0.159238 0.270458 -0.300390
v 0.159238 0.270458 -0.300390
v 0.159238 0.270458 -0.300390
v 0.265789 0.188797 -0.304073
v 0.265789 0.188797 -0.304073
v 0.265789 0.188797 -0.304073
v 0.285911 0.031955 -0.296272
v 0.273309 0.034822 -0.311017
v 0.273309 0.034822 -0.311017
v 0.216287 0.030074 -0.296266
v 0.225560 0.033540 -0.311075
v 0.225560 0.033540 -0.311075
v 0.101777 0.312483 -0.287018
v 0.101777 0.312483 -0.287018
v 0.168608 0.315626 -0.287487
v 0.168608 0.315626 -0.287487
v 0.109832 0.316424 -0.298317
v 0.109832 0.316424 -0.298317
v 0.109832 0.316424 -0.298317
v 0.109832 0.316424 -0.298317
v 0.157587 0.319131 -0.298195
v 0.157587 0.319131 -0.298195
v 0.157587 0.319131 -0.298195
v 0.157587 0.319131 -0.298195
v -0.101563 0.318777 -0.275755
v -0.104098 0.243968 -0.289289
v -0.104098 0.243968 -0.289289
v -0.217182 0.162257 -0.292338
v -0.217182 0.162257 -0.292338
v -0.138479 0.224535 -0.290023
v -0.166284 0.323573 -0.276580
v -0.169737 0.282336 -0.288001
v -0.169737 0.282336 -0.288001
v -0.276672 0.200741 -0.290972
v -0.276672 0.200741 -0.290972
v -0.193106 0.262783 -0.288709
v -0.109323 0.331539 -0.275151
v -0.109323 0.331539 -0.275151
v -0.157109 0.333311 -0.275134
v -0.157109 0.333311 -0.275134
v -0.137343 0.242088 -0.301670
v -0.137343 0.242088 -0.301670
v -0.111866 0.256474 -0.301021
v -0.111866 0.256474 -0.301021
v -0.111866 0.256474 -0.301021
v -0.225042 0.172762 -0.304796
v -0.225042 0.172762 -0.304796
v -0.225042 0.172762 -0.304796
v -0.193186 0.244958 -0.301540
v -0.193186 0.244958 -0.301540
v -0.159238 0.270458 -0.300390
v -0.159238 0.270458 -0.300390
v -0.159238 0.270458 -0.300390
v -0.265789 0.188797 -0.304073
v -0.265789 0.188797 -0.304073
v -0.265789 0.188797 -0.304073
v -0.285911 0.031955 -0.296272
v -0.273309 0.034822 -0.311017
v -0.273309 0.034822 -0.311017
v -0.216287 0.030074 -0.296266
v -0.225560 0.033540 -0.311075
v -0.225560 0.033540 -0.311075
v -0.101777 0.312483 -0.287018
v -0.101777 0.312483 -0.287018
v -0.168608 0.315626 -0.287487
v -0.168608 0.315626 -0.287487
v -0.109832 0.316424 -0.298317
v -0.109832 0.316424 -0.298317
v -0.109832 0.316424 -0.298317
v -0.109832 0.316424 -0.298317
v -0.157587 0.319131 -0.298195
v -0.157587 0.319131 -0.298195
v -0.157587 0.319131 -0.298195
v -0.157587 0.319131 -0.298195
v -0.618299 0.291536 0.089286
v -0.627121 0.288805 0.075160
v -0.618917 0.286269 0.060957
v -0.601861 0.286477 0.060954
v -0.593098 0.289219 0.075153
v -0.593098 0.289219 0.075153
v -0.601331 0.291743 0.089282
v -0.614742 0.324132 0.078078
v -0.624058 0.316447 0.065726
v -0.616428 0.308935 0.053279
v -0.599432 0.309143 0.053277
v -0.590181 0.316861 0.065720
v -0.590181 0.316861 0.065720
v -0.597860 0.324339 0.078074
v -0.611878 0.351030 0.057802
v -0.621577 0.339256 0.048550
v -0.614401 0.327639 0.039212
v -0.597455 0.327846 0.039210
v -0.587820 0.339671 0.048546
v -0.587820 0.339671 0.048546
v -0.595066 0.351237 0.057799
v -0.610000 0.369156 0.030818
v -0.619938 0.354627 0.025628
v -0.613054 0.340242 0.020385
v -0.596140 0.340450 0.020384
v -0.586260 0.355042 0.025626
v -0.586260 0.355042 0.025626
v -0.593234 0.369363 0.030816
v -0.609482 0.374236 0.015723
v -0.619484 0.358935 0.012793
v -0.612680 0.343775 0.009830
v -0.612680 0.343775 0.009830
v -0.595775 0.343982 0.009830
v -0.585828 0.359349 0.012791
v -0.585828 0.359349 0.012791
v -0.592728 0.374443 0.015723
v -0.609333 0.375703 -0.015631
v -0.609333 0.375703 -0.015631
v -0.619353 0.360179 -0.013881
v -0.619353 0.360179 -0.013881
v -0.612572 0.344795 -0.012112
v -0.612572 0.344795 -0.012112
v -0.595670 0.345003 -0.012111
v -0.595670 0.345003 -0.012111
v -0.585704 0.360594 -0.013880
v -0.585704 0.360594 -0.013880
v -0.585704 0.360594 -0.013880
v -0.585704 0.360594 -0.013880
v -0.592583 0.375910 -0.015630
v -0.592583 0.375910 -0.015630
v -0.610367 0.365580 -0.045731
v -0.620259 0.351595 -0.039477
v -0.613319 0.337756 -0.033158
v -0.596398 0.337963 -0.033157
v -0.586566 0.352009 -0.039474
v -0.586566 0.352009 -0.039474
v -0.593592 0.365787 -0.045729
v -0.612511 0.345023 -0.071328
v -0.622126 0.334162 -0.061208
v -0.614851 0.323461 -0.050998
v -0.597893 0.323669 -0.050996
v -0.588343 0.334576 -0.061203
v -0.588343 0.334576 -0.061203
v -0.595683 0.345229 -0.071325
v -0.615581 0.316380 -0.089568
v -0.624781 0.309873 -0.076643
v -0.617017 0.303545 -0.063626
v -0.600007 0.303752 -0.063623
v -0.590871 0.310287 -0.076636
v -0.590871 0.310287 -0.076636
v -0.598679 0.316587 -0.089564
v -0.619250 0.282924 -0.098286
v -0.627937 0.281502 -0.083957
v -0.619580 0.280281 -0.069558
v -0.602507 0.280489 -0.069555
v -0.593875 0.281916 -0.083950
v -0.593875 0.281916 -0.083950
v -0.602259 0.283131 -0.098282
v -0.623073 0.248478 -0.096281
v -0.631218 0.252291 -0.082169
v -0.622238 0.256329 -0.068019
v -0.605101 0.256537 -0.068016
v -0.596999 0.252705 -0.082161
v -0.596999 0.252705 -0.082161
v -0.605990 0.248684 -0.096277
v -0.626565 0.216975 -0.083548
v -0.634218 0.225577 -0.071315
v -0.624671 0.234424 -0.059071
v -0.607476 0.234631 -0.059069
v -0.599856 0.225991 -0.071308
v -0.599856 0.225991 -0.071308
v -0.609397 0.217182 -0.083544
v -0.629301 0.192016 -0.061393
v -0.636579 0.204412 -0.052527
v -0.626592 0.217069 -0.043665
v -0.609350 0.217276 -0.043663
v -0.602104 0.204826 -0.052522
v -0.602104 0.204826 -0.052522
v -0.612067 0.192223 -0.061390
v -0.630983 0.176452 -0.032345
v -0.638037 0.191213 -0.027949
v -0.627783 0.206246 -0.023558
v -0.610512 0.206454 -0.023557
v -0.603493 0.191627 -0.027946
v -0.603493 0.191627 -0.027946
v -0.613709 0.176659 -0.032344
v -0.631453 0.172061 0.000138
v -0.638446 0.187489 -0.000489
v -0.628118 0.203193 -0.001114
v -0.610839 0.203400 -0.001114
v -0.603882 0.187904 -0.000489
v -0.603882 0.187904 -0.000489
v -0.614168 0.172268 0.000138
v -0.630672 0.179345 0.032130
v -0.637767 0.193666 0.026560
v -0.627563 0.208257 0.020997
v -0.610296 0.208465 0.020996
v -0.603235 0.194080 0.026557
v -0.603235 0.194080 0.026557
v -0.613405 0.179551 0.032128
v -0.628706 0.197471 0.059772
v -0.636065 0.209037 0.049958
v -0.626174 0.220861 0.040148
v -0.608941 0.221069 0.040146
v -0.601615 0.209451 0.049954
v -0.601615 0.209451 0.049954
v -0.611487 0.197677 0.059769
v -0.625748 0.224368 0.079799
v -0.633516 0.231846 0.066957
v -0.624101 0.239564 0.054100
v -0.606919 0.239772 0.054098
v -0.599187 0.232260 0.066951
v -0.599187 0.232260 0.066951
v -0.608600 0.224575 0.079795
v -0.622130 0.256965 0.089964
v -0.630408 0.259488 0.075646
v -0.621582 0.262230 0.061281
v -0.604461 0.262438 0.061278
v -0.596228 0.259902 0.075639
v -0.596228 0.259902 0.075639
v -0.605069 0.257171 0.089960
v 0.611662 0.291536 0.089286
v 0.620483 0.288805 0.075160
v 0.612280 0.286269 0.060957
v 0.595224 0.286477 0.060954
v 0.586460 0.289219 0.075153
v 0.586460 0.289219 0.075153
v 0.594694 0.291743 0.089282
v 0.608104 0.324132 0.078078
v 0.617420 0.316447 0.065726
v 0.609790 0.308935 0.053279
v 0.592794 0.309143 0.053277
v 0.583544 0.316861 0.065720
v 0.583544 0.316861 0.065720
v 0.591222 0.324339 0.078074
v 0.605241 0.351030 0.057802
v 0.614939 0.339256 0.048550
v 0.607764 0.327639 0.039212
v 0.590817 0.327846 0.039210
v 0.581183 0.339671 0.048546
v 0.581183 0.339671 0.048546
v 0.588429 0.351237 0.057799
v 0.603362 0.369156 0.030818
v 0.613300 0.354627 0.025628
v 0.606417 0.340242 0.020385
v 0.589503 0.340450 0.020384
v 0.579623 0.355042 0.025626
v 0.579623 0.355042 0.025626
v 0.586596 0.369363 0.030816
v 0.602844 0.374236 0.015723
v 0.612846 0.358935 0.012793
v 0.606042 0.343775 0.009830
v 0.606042 0.343775 0.009830
v 0.589137 0.343982 0.009830
v 0.579191 0.359349 0.012791
v 0.579191 0.359349 0.012791
v 0.586091 0.374443 0.015723
v 0.602695 0.375703 -0.015631
v 0.602695 0.375703 -0.015631
v 0.612716 0.360179 -0.013881
v 0.612716 0.360179 -0.013881
v 0.605934 0.344795 -0.012112
v 0.605934 0.344795 -0.012112
v 0.589032 0.345003 -0.012111
v 0.589032 0.345003 -0.012111
v 0.579066 0.360594 -0.013880
v 0.579066 0.360594 -0.013880
v 0.579066 0.360594 -0.013880
v 0.579066 0.360594 -0.013880
v 0.585945 0.375910 -0.015630
v 0.585945 0.375910 -0.015630
v 0.603729 0.365580 -0.045731
v 0.613621 0.351595 -0.039477
v 0.606681 0.337756 -0.033158
v 0.589761 0.337963 -0.033157
v 0.579928 0.352009 -0.039474
v 0.579928 0.352009 -0.039474
v 0.586954 0.365787 -0.045729
v 0.605873 0.345023 -0.071328
v 0.615489 0.334162 -0.061208
v 0.608213 0.323461 -0.050998
v 0.591256 0.323669 -0.050996
v 0.581706 0.334576 -0.061203
v 0.581706 0.334576 -0.061203
v 0.589046 0.345229 -0.071325
v 0.608943 0.316380 -0.089568
v 0.618144 0.309873 -0.076643
v 0.610380 0.303545 -0.063626
v 0.593369 0.303752 -0.063623
v 0.584233 0.310287 -0.076636
v 0.584233 0.310287 -0.076636
v 0.592041 0.316587 -0.089564
v 0.612612 0.282924 -0.098286
v 0.621299 0.281502 -0.083958
v 0.612942 0.280281 -0.069558
v 0.595869 0.280489 -0.069555
v 0.587237 0.281916 -0.083950
v 0.587237 0.281916 -0.083950
v 0.595621 0.283131 -0.098282
v 0.616436 0.248478 -0.096281
v 0.624580 0.252291 -0.082169
v 0.615600 0.256329 -0.068019
v 0.598463 0.256537 -0.068016
v 0.590361 0.252705 -0.082161
v 0.590361 0.252705 -0.082161
v 0.599352 0.248684 -0.096277
v 0.619927 0.216975 -0.083548
v 0.627581 0.225577 -0.071315
v 0.618034 0.234424 -0.059071
v 0.600838 0.234631 -0.059069
v 0.593219 0.225991 -0.071308
v 0.593219 0.225991 -0.071308
v 0.602760 0.217182 -0.083544
v 0.622663 0.192016 -0.061393
v 0.629941 0.204412 -0.052527
v 0.619955 0.217069 -0.043665
v 0.602712 0.217276 -0.043663
v 0.595466 0.204826 -0.052522
v 0.595466 0.204826 -0.052522
v 0.605429 0.192223 -0.061390
v 0.624345 0.176452 -0.032345
v 0.631399 0.191213 -0.027949
v 0.621146 0.206246 -0.023558
v 0.603874 0.206454 -0.023557
v 0.596855 0.191627 -0.027946
v 0.596855 0.191627 -0.027946
v 0.607071 0.176659 -0.032344
v 0.624816 0.172061 0.000138
v 0.631808 0.187489 -0.000489
v 0.621480 0.203193 -0.001114
v 0.604201 0.203400 -0.001114
v 0.597244 0.187904 -0.000489
v 0.597244 0.187904 -0.000489
v 0.607530 0.172268 0.000138
v 0.624034 0.179345 0.032130
v 0.631129 0.193666 0.026560
v 0.620925 0.208257 0.020997
v 0.603659 0.208465 0.020996
v 0.596598 0.194080 0.026557
v 0.596598 0.194080 0.026557
v 0.606768 0.179551 0.032128
v 0.622069 0.197471 0.059772
v 0.629427 0.209037 0.049958
v 0.619536 0.220861 0.040148
v 0.602304 0.221069 0.040146
v 0.594977 0.209451 0.049954
v 0.594977 0.209451 0.049954
v 0.604850 0.197677 0.059769
v 0.619111 0.224368 0.079799
v 0.626878 0.231846 0.066957
v 0.617463 0.239564 0.054100
v 0.600281 0.239772 0.054098
v 0.592549 0.232260 0.066951
v 0.592549 0.232260 0.066951
v 0.601963 0.224575 0.079795
v 0.615492 0.256965 0.089964
v 0.623771 0.259488 0.075646
v 0.614945 0.262230 0.061281
v 0.597823 0.262438 0.061278
v 0.589591 0.259902 0.075639
v 0.589591 0.259902 0.075639
v 0.598432 0.257171 0.089960
vn -0.0000 0.0538 0.9986
vn -0.9953 0.0964 -0.0000
vn 0.9953 0.0964 -0.0000
vn -0.0000 0.0538 -0.9986
vn -0.7043 0.0462 -0.7084
vn -0.7044 0.0462 -0.7083
vn 0.0172 0.0624 0.9979
vn -0.9932 0.1103 0.0363
vn 0.4032 0.0230 0.9148
vn 0.4028 0.0230 0.9150
vn 0.4029 0.0230 0.9149
vn -0.0000 -0.9471 0.3211
vn 0.9968 -0.0796 -0.0012
vn 0.9968 -0.0796 -0.0011
vn 0.9968 -0.0796 -0.0013
vn -0.0000 -0.0324 0.9995
vn -0.9961 -0.0883 -0.0000
vn -0.0000 -1.0000 -0.0000
vn -0.0000 -0.0355 -0.9994
vn 0.0098 0.0648 0.9978
vn -0.0000 0.0603 0.9982
vn -0.5964 0.1167 0.7942
vn -0.0000 0.6338 0.7735
vn 0.6029 -0.0046 0.7978
vn -0.0000 -0.5665 0.8241
vn 0.0045 0.6496 0.7603
vn 0.0035 0.0522 0.9986
vn 0.0033 0.0521 0.9986
vn -0.0000 -0.5891 0.8081
vn 0.6000 -0.0039 0.8000
vn -0.5948 0.1115 0.7961
vn -0.0268 0.0664 0.9974
vn -0.0000 0.0683 0.9977
vn -0.9946 0.1040 0.0033
vn -0.9946 0.1039 0.0031
vn -0.7434 0.6688 0.0083
vn -0.7517 0.1225 0.6480
vn -0.9962 0.0874 -0.0001
vn -0.9962 0.0872 -0.0000
vn -0.7619 0.0523 -0.6456
vn -0.7342 0.6787 0.0166
vn -0.8178 -0.5754 -0.0075
vn -0.9934 0.1056 -0.0452
vn -0.9933 0.1158 0.0003
vn -0.9933 0.1157 0.0001
vn -0.7584 0.1242 0.6399
vn -0.7657 0.0555 -0.6408
vn -0.8290 -0.5592 -0.0000
vn 0.7043 0.0462 -0.7084
vn 0.7044 0.0462 -0.7083
vn -0.0172 0.0624 0.9979
vn 0.9932 0.1103 0.0363
vn -0.4029 0.0230 0.9149
vn -0.4027 0.0230 0.9150
vn -0.9968 -0.0796 -0.0012
vn -0.9968 -0.0796 -0.0013
vn -0.9968 -0.0796 -0.0011
vn 0.9961 -0.0883 -0.0000
vn -0.0098 0.0648 0.9978
vn 0.5964 0.1167 0.7942
vn -0.6029 -0.0046 0.7978
vn -0.0045 0.6496 0.7603
vn -0.0035 0.0522 0.9986
vn -0.0033 0.0521 0.9986
vn -0.6000 -0.0039 0.8000
vn 0.5948 0.1115 0.7961
vn 0.0268 0.0664 0.9974
vn 0.9946 0.1040 0.0033
vn 0.9946 0.1039 0.0031
vn 0.7434 0.6688 0.0083
vn 0.7517 0.1225 0.6480
vn 0.9962 0.0872 -0.0000
vn 0.9962 0.0874 -0.0001
vn 0.7619 0.0523 -0.6456
vn 0.7342 0.6787 0.0166
vn 0.8178 -0.5754 -0.0075
vn 0.9934 0.1056 -0.0452
vn 0.9933 0.1157 0.0001
vn 0.9933 0.1157 -0.0000
vn 0.7584 0.1242 0.6399
vn 0.7657 0.0555 -0.6408
vn 0.8290 -0.5592 -0.0000
vn -0.7042 0.0462 0.7085
vn -0.7043 0.0462 0.7084
vn -0.7044 0.0462 0.7083
vn 0.0172 0.0624 -0.9979
vn -0.9932 0.1103 -0.0363
vn 0.4028 0.0230 -0.9150
vn 0.4027 0.0230 -0.9150
vn -0.0000 -0.9471 -0.3211
vn 0.9968 -0.0796 0.0012
vn 0.9968 -0.0796 0.0013
vn 0.9968 -0.0796 0.0011
vn -0.0000 -0.0324 -0.9995
vn -0.0000 -0.0355 0.9994
vn 0.0098 0.0648 -0.9978
vn -0.0000 0.0603 -0.9982
vn -0.5964 0.1167 -0.7942
vn -0.0000 0.6338 -0.7735
vn 0.6029 -0.0046 -0.7978
vn -0.0000 -0.5665 -0.8241
vn 0.0045 0.6496 -0.7603
vn 0.0035 0.0522 -0.9986
vn 0.0033 0.0521 -0.9986
vn -0.0000 -0.5891 -0.8081
vn 0.6000 -0.0039 -0.8000
vn -0.5948 0.1115 -0.7961
vn -0.0268 0.0664 -0.9974
vn -0.0000 0.0683 -0.9977
vn -0.9946 0.1040 -0.0033
vn -0.9946 0.1039 -0.0031
vn -0.7434 0.6688 -0.0083
vn -0.7517 0.1225 -0.6480
vn -0.9962 0.0874 0.0001
vn -0.7619 0.0523 0.6456
vn -0.7342 0.6787 -0.0166
vn -0.8178 -0.5754 0.0075
vn -0.9934 0.1056 0.0452
vn -0.9933 0.1157 -0.0001
vn -0.9933 0.1158 -0.0003
vn -0.7584 0.1242 -0.6399
vn -0.7657 0.0555 0.6408
vn 0.7043 0.0462 0.7084
vn 0.7044 0.0462 0.7083
vn -0.0172 0.0624 -0.9979
vn 0.9932 0.1103 -0.0363
vn -0.4027 0.0230 -0.9150
vn -0.4028 0.0230 -0.9150
vn -0.9968 -0.0796 0.0012
vn -0.9968 -0.0796 0.0011
vn -0.9968 -0.0796 0.0013
vn -0.0098 0.0648 -0.9978
vn 0.5964 0.1167 -0.7942
vn -0.6029 -0.0046 -0.7978
vn -0.0045 0.6496 -0.7603
vn -0.0035 0.0522 -0.9986
vn -0.0036 0.0522 -0.9986
vn -0.6000 -0.0039 -0.8000
vn 0.5948 0.1115 -0.7961
vn 0.0268 0.0664 -0.9974
vn 0.9946 0.1040 -0.0033
vn 0.9946 0.1039 -0.0031
vn 0.7434 0.6688 -0.0083
vn 0.7517 0.1225 -0.6480
vn 0.9962 0.0874 0.0001
vn 0.7619 0.0523 0.6456
vn 0.7342 0.6787 -0.0166
vn 0.8178 -0.5754 0.0075
vn 0.9934 0.1056 0.0452
vn 0.9933 0.1157 -0.0001
vn 0.7584 0.1242 -0.6399
vn 0.7657 0.0555 0.6408
vn -0.9955 -0.0944 -0.0000
vn -0.8034 0.5955 -0.0000
vn -0.2838 -0.9589 -0.0000
vn -0.7637 -0.0592 0.6428
vn -0.7636 -0.0592 0.6430
vn -0.6248 -0.0423 -0.7796
vn -0.6254 -0.0422 -0.7792
vn 0.2463 -0.9692 -0.0000
vn 0.1342 -0.9910 -0.0000
vn 0.1341 -0.9910 -0.0000
vn -0.1953 -0.9807 -0.0000
vn -0.5955 -0.8034 -0.0000
vn -0.5954 -0.8034 -0.0000
vn -0.8795 -0.4760 -0.0000
vn -0.8794 -0.4761 -0.0000
vn -0.9957 -0.0921 -0.0000
vn -0.9957 -0.0923 -0.0000
vn -0.9627 0.2705 -0.0000
vn -0.9628 0.2704 -0.0000
vn -0.8140 0.5808 -0.0000
vn -0.8141 0.5808 -0.0000
vn -0.5645 0.8254 -0.0000
vn -0.5646 0.8254 -0.0000
vn -0.3050 0.9524 -0.0000
vn -0.1989 0.9800 -0.0000
vn -0.1990 0.9800 -0.0000
vn -0.0000 0.0031 1.0000
vn -0.0000 0.0030 1.0000
vn -0.0001 0.0031 1.0000
vn -0.0001 0.0032 1.0000
vn -0.0000 0.0032 1.0000
vn -0.0000 0.0044 -1.0000
vn -0.0000 0.0045 -1.0000
vn -0.0000 0.0043 -1.0000
vn -0.0001 0.0044 -1.0000
vn -0.0001 0.0045 -1.0000
vn -0.0000 0.0046 -1.0000
vn -0.0000 0.0042 -1.0000
vn 0.9955 -0.0944 -0.0000
vn 0.8034 0.5955 -0.0000
vn 0.2838 -0.9589 -0.0000
vn 0.7636 -0.0592 0.6430
vn 0.7637 -0.0592 0.6428
vn 0.6254 -0.0422 -0.7792
vn 0.6248 -0.0423 -0.7796
vn -0.2463 -0.9692 -0.0000
vn -0.1342 -0.9910 -0.0000
vn 0.1953 -0.9807 -0.0000
vn 0.5954 -0.8034 -0.0000
vn 0.5955 -0.8034 -0.0000
vn 0.8794 -0.4761 -0.0000
vn 0.8795 -0.4760 -0.0000
vn 0.9957 -0.0923 -0.0000
vn 0.9957 -0.0921 -0.0000
vn 0.9628 0.2704 -0.0000
vn 0.9627 0.2705 -0.0000
vn 0.8141 0.5808 -0.0000
vn 0.8140 0.5808 -0.0000
vn 0.5646 0.8254 -0.0000
vn 0.5645 0.8254 -0.0000
vn 0.3050 0.9524 -0.0000
vn 0.1990 0.9800 -0.0000
vn 0.0001 0.0032 1.0000
vn 0.0001 0.0031 1.0000
vn 0.0001 0.0044 -1.0000
vn 0.0001 0.0045 -1.0000
vn 0.0079 0.0599 0.9982
vn 0.0078 0.0598 0.9982
vn 0.7352 0.5949 0.3249
vn -0.7458 0.6165 0.2524
vn -0.0000 0.9405 0.3398
vn -0.9826 0.0780 0.1683
vn 0.0022 0.0606 0.9982
vn 0.0024 0.0610 0.9981
vn -0.0079 0.0599 0.9982
vn -0.0078 0.0598 0.9982
vn -0.7343 0.5928 0.3308
vn 0.7458 0.6165 0.2524
vn 0.9826 0.0780 0.1683
vn -0.0024 0.0610 0.9981
vn -0.0022 0.0606 0.9982
vn 0.0079 0.0599 -0.9982
vn 0.0078 0.0598 -0.9982
vn 0.7345 0.5933 -0.3294
vn -0.7458 0.6165 -0.2524
vn -0.0000 0.9405 -0.3398
vn -0.9826 0.0780 -0.1683
vn 0.0024 0.0610 -0.9981
vn 0.0022 0.0606 -0.9982
vn -0.0079 0.0599 -0.9982
vn -0.0078 0.0598 -0.9982
vn -0.7344 0.5930 -0.3303
vn -0.7344 0.5930 -0.3302
vn 0.7458 0.6165 -0.2524
vn 0.9826 0.0780 -0.1683
vn -0.0022 0.0606 -0.9982
vn -0.0024 0.0610 -0.9981
vn -0.0000 -0.5000 0.8661
vn -0.0000 -0.0001 1.0000
vn -0.0000 -0.0000 1.0000
vn -0.0000 -0.5000 0.8660
vn -0.0000 0.5000 0.8660
vn -0.0000 0.0001 1.0000
vn -0.0000 0.8660 -0.5000
vn -0.0000 1.0000 -0.0001
vn -0.0000 -0.0000 -1.0000
vn -0.0000 -0.0001 -1.0000
vn -0.0000 -0.5000 -0.8661
vn -0.0000 -0.5000 -0.8660
vn -0.0000 -1.0000 0.0001
vn -0.0000 -0.8661 0.5000
vn -0.0001 -0.8661 0.5000
vn -0.0000 -0.8660 0.5000
vn -0.0001 -0.8660 0.5000
vn 0.0001 -1.0000 -0.0001
vn -0.0000 -0.8660 -0.5000
vn -0.0000 -0.8661 -0.5000
vn -0.0000 -1.0000 -0.0001
vn -0.0000 -0.8660 -0.5001
vn -0.0000 0.5000 -0.8660
vn -0.0000 0.5000 -0.8661
vn -0.0000 0.0001 -1.0000
vn -0.0000 1.0000 0.0001
vn -0.0000 0.8660 0.5000
vn 1.0000 -0.0000 -0.0000
vn -1.0000 -0.0000 -0.0000
vn -0.6574 0.5323 -0.5334
vn -0.6036 0.5994 -0.5257
vn -0.6411 0.5536 -0.5315
vn -0.4119 -0.8695 -0.2727
vn -0.4813 -0.8234 -0.3006
vn -0.4814 -0.8234 -0.3005
vn -0.3731 -0.8915 -0.2569
vn -0.0000 -0.1589 -0.9873
vn -0.2946 -0.9356 -0.1943
vn -0.4189 -0.8772 -0.2346
vn -0.5996 -0.7401 -0.3045
vn -0.6036 -0.7366 -0.3051
vn -0.3147 -0.9141 -0.2557
vn -0.2919 -0.9227 -0.2519
vn -0.0000 -0.9741 -0.2262
vn -0.8668 0.1126 -0.4857
vn -0.8151 0.2493 -0.5230
vn -0.8135 0.2528 -0.5238
vn -0.8679 0.1092 -0.4846
vn -0.1479 -0.9754 -0.1637
vn -0.0467 -0.9917 -0.1199
vn -0.0000 0.8860 -0.4637
vn -0.4156 0.7421 -0.5258
vn -0.5043 0.6853 -0.5254
vn -0.5704 0.7196 -0.3961
vn -0.4088 0.8480 -0.3374
vn -0.7439 0.3945 -0.5395
vn -0.7342 0.4124 -0.5393
vn -0.8965 -0.0256 -0.4423
vn -0.8916 0.0092 -0.4527
vn -0.8921 0.0058 -0.4517
vn -0.8965 -0.0255 -0.4422
vn 0.6574 0.5322 -0.5335
vn 0.6411 0.5536 -0.5315
vn 0.6036 0.5994 -0.5257
vn 0.4119 -0.8695 -0.2727
vn 0.3731 -0.8915 -0.2569
vn 0.4814 -0.8234 -0.3005
vn 0.4813 -0.8234 -0.3006
vn 0.2946 -0.9356 -0.1943
vn 0.6036 -0.7366 -0.3051
vn 0.5997 -0.7400 -0.3046
vn 0.4190 -0.8772 -0.2346
vn 0.3147 -0.9141 -0.2557
vn 0.2919 -0.9227 -0.2519
vn 0.8668 0.1126 -0.4857
vn 0.8679 0.1092 -0.4846
vn 0.8135 0.2528 -0.5238
vn 0.8151 0.2493 -0.5230
vn 0.1479 -0.9754 -0.1637
vn 0.0471 -0.9917 -0.1199
vn 0.5043 0.6853 -0.5254
vn 0.4156 0.7421 -0.5258
vn 0.4088 0.8480 -0.3374
vn 0.5704 0.7196 -0.3961
vn 0.7439 0.3945 -0.5395
vn 0.7342 0.4124 -0.5393
vn 0.8965 -0.0256 -0.4423
vn 0.8965 -0.0255 -0.4422
vn 0.8921 0.0058 -0.4517
vn 0.8916 0.0092 -0.4527
vn -0.0000 0.9873 -0.1589
vn -0.0000 0.9096 0.4155
vn -0.0000 0.9096 -0.4155
vn -0.4036 0.9149 -0.0000
vn 0.4155 0.9096 -0.0000
vn -0.0000 1.0000 -0.0000
vn -0.0000 0.0652 0.9979
vn -0.0000 0.0652 -0.9979
vn -0.9926 0.1216 -0.0000
vn 0.9926 0.1216 -0.0000
vn -0.8222 -0.0058 0.5691
vn -0.8223 -0.0058 0.5691
vn 0.3758 0.5274 0.7620
vn 0.3796 0.5204 0.7649
vn 0.3777 0.5240 0.7634
vn 0.7525 0.0639 0.6555
vn -0.8514 0.0209 0.5242
vn -0.8513 0.0209 0.5242
vn -0.8513 0.0209 0.5243
vn -0.0000 0.0451 0.9990
vn -0.3601 -0.5328 0.7658
vn -0.3987 -0.5286 0.7494
vn -0.4377 -0.5232 0.7312
vn -0.3210 -0.5363 0.7806
vn 0.3814 0.5169 0.7664
vn 0.6224 0.6788 0.3896
vn 0.7222 0.0473 0.6900
vn -0.0396 0.8436 0.5355
vn -0.7810 0.5236 0.3404
vn 0.8222 -0.0058 0.5691
vn 0.8223 -0.0058 0.5691
vn -0.3758 0.5274 0.7620
vn -0.3777 0.5240 0.7634
vn -0.3796 0.5204 0.7649
vn -0.7525 0.0639 0.6555
vn 0.8514 0.0209 0.5242
vn 0.8513 0.0209 0.5242
vn 0.8513 0.0209 0.5243
vn 0.3601 -0.5328 0.7658
vn 0.4377 -0.5232 0.7312
vn 0.3987 -0.5286 0.7494
vn 0.3210 -0.5363 0.7806
vn -0.3814 0.5169 0.7664
vn -0.6231 0.6787 0.3887
vn -0.7222 0.0473 0.6900
vn 0.0396 0.8436 0.5355
vn 0.7817 0.5233 0.3393
vn -0.8222 -0.0058 -0.5691
vn -0.8223 -0.0058 -0.5691
vn 0.3758 0.5274 -0.7620
vn 0.3777 0.5240 -0.7634
vn 0.3796 0.5204 -0.7649
vn 0.7525 0.0639 -0.6555
vn -0.8514 0.0209 -0.5242
vn -0.8513 0.0209 -0.5242
vn -0.8513 0.0209 -0.5243
vn -0.0000 0.0451 -0.9990
vn -0.3601 -0.5328 -0.7658
vn -0.4377 -0.5232 -0.7312
vn -0.3987 -0.5286 -0.7494
vn -0.3210 -0.5363 -0.7806
vn 0.3814 0.5169 -0.7664
vn 0.6247 0.6774 -0.3884
vn 0.7222 0.0473 -0.6900
vn -0.0388 0.8437 -0.5355
vn -0.0388 0.8436 -0.5355
vn -0.7833 0.5212 -0.3389
vn -0.7833 0.5211 -0.3390
vn -0.7832 0.5212 -0.3389
vn 0.8222 -0.0058 -0.5691
vn 0.8223 -0.0058 -0.5691
vn -0.3758 0.5274 -0.7620
vn -0.3796 0.5204 -0.7649
vn -0.3777 0.5240 -0.7634
vn -0.7525 0.0639 -0.6555
vn 0.8514 0.0209 -0.5242
vn 0.8513 0.0209 -0.5242
vn 0.8513 0.0209 -0.5243
vn 0.3601 -0.5328 -0.7658
vn 0.3987 -0.5286 -0.7494
vn 0.4377 -0.5232 -0.7312
vn 0.3210 -0.5363 -0.7806
vn -0.3814 0.5169 -0.7664
vn -0.6233 0.6777 -0.3901
vn -0.6233 0.6777 -0.3902
vn -0.7222 0.0473 -0.6900
vn 0.0388 0.8437 -0.5355
vn 0.0388 0.8436 -0.5355
vn 0.7818 0.5220 -0.3410
vn 0.7819 0.5220 -0.3410
vn -0.5060 -0.6587 -0.5568
vn -0.9975 0.0491 -0.0515
vn -0.9952 0.0758 -0.0620
vn -0.4945 -0.4242 -0.7586
vn -0.4619 0.4517 0.7633
vn -0.9918 0.1230 0.0357
vn -0.9920 0.1173 0.0462
vn -0.4680 0.1986 0.8611
vn 0.5021 0.6076 0.6154
vn -0.4590 0.6661 0.5879
vn 0.4902 0.3741 0.7872
vn 0.9954 -0.0756 0.0596
vn 0.4793 0.1085 0.8709
vn 0.9939 -0.0953 0.0562
vn -0.5481 -0.5742 -0.6082
vn -0.5333 -0.3431 -0.7732
vn -0.9915 0.1270 0.0268
vn -0.9992 0.0291 -0.0275
vn -0.5090 0.8239 0.2490
vn -0.5098 0.6967 0.5047
vn -0.5133 -0.8119 -0.2781
vn 0.5160 0.7599 0.3953
vn -0.4645 0.8034 0.3725
vn 0.9972 -0.0516 0.0544
vn -0.5538 -0.7333 -0.3945
vn -0.9928 0.1192 0.0129
vn -0.9997 0.0232 0.0039
vn -0.5088 0.8601 -0.0360
vn -0.5152 -0.8561 0.0403
vn -0.9929 0.1046 0.0571
vn -0.4784 -0.0783 0.8746
vn 0.9985 -0.0437 0.0336
vn 0.9997 -0.0191 -0.0129
vn 0.9994 -0.0333 0.0124
vn 0.5086 -0.8482 -0.1478
vn 0.5165 -0.8491 0.1109
vn -0.9989 0.0334 0.0342
vn -0.5092 0.8003 -0.3168
vn -0.5116 -0.7834 0.3529
vn -0.5685 -0.8134 0.1233
vn 0.0121 -0.9826 -0.1853
vn 0.5207 0.8374 0.1662
vn -0.4645 0.8718 0.1557
vn -0.9926 0.1211 0.0031
vn -0.9151 -0.3929 -0.0907
vn 0.5065 -0.7834 -0.3602
vn 0.9986 -0.0341 -0.0416
vn 0.5133 -0.7652 0.3887
vn 0.5159 0.8476 -0.1239
vn -0.5031 -0.6068 0.6154
vn -0.9969 0.0554 0.0552
vn -0.5590 -0.7112 0.4264
vn -0.5684 -0.8134 0.1233
vn -0.4584 0.8810 -0.1168
vn -0.5100 0.6529 -0.5601
vn 0.9967 -0.0578 -0.0568
vn 0.5094 -0.6037 0.6132
vn 0.5098 0.7452 -0.4299
vn -0.4911 -0.3582 0.7941
vn -0.9946 0.0826 0.0623
vn -0.5441 -0.5211 0.6576
vn -0.4588 0.7897 -0.4073
vn -0.4584 0.8810 -0.1169
vn -0.5116 0.4384 -0.7390
vn 0.9950 -0.0809 -0.0593
vn 0.5095 -0.3885 0.7677
vn 0.4991 0.5541 -0.6663
vn -0.5300 -0.2809 0.8001
vn -0.4596 0.6175 -0.6383
vn -0.5151 0.1844 -0.8371
vn 0.9936 -0.0993 -0.0546
vn 0.5154 -0.1388 0.8457
vn 0.4873 0.3108 -0.8160
vn -0.9921 0.1152 -0.0489
vn -0.5199 -0.0175 0.8540
vn -0.9918 0.1223 -0.0380
vn -0.4628 0.3923 -0.7949
vn -0.4702 0.1322 -0.8726
vn 0.9925 -0.1132 -0.0465
vn 0.5264 0.1300 0.8402
vn 0.4770 0.0407 -0.8780
vn -0.9932 0.0999 -0.0592
vn -0.5141 0.2491 0.8208
vn -0.4815 -0.1481 -0.8639
vn 0.9917 -0.1235 -0.0363
vn 0.5401 0.3965 0.7423
vn 0.4687 -0.2373 -0.8509
vn -0.5112 0.4963 0.7017
vn 0.9912 -0.1305 -0.0243
vn 0.5529 0.6267 0.5492
vn 0.4624 -0.4994 -0.7326
vn -0.5220 -0.0833 -0.8489
vn 0.5134 -0.2025 -0.8339
vn 0.5232 0.0631 -0.8499
vn 0.9927 -0.1102 0.0487
vn 0.9909 -0.1341 -0.0113
vn 0.5617 0.7800 0.2759
vn 0.9911 -0.1305 -0.0243
vn 0.4579 -0.7143 -0.5292
vn 0.5091 -0.4454 -0.7365
vn 0.9909 -0.1349 0.0017
vn 0.5641 0.8248 -0.0401
vn 0.4554 -0.8510 -0.2615
vn 0.5103 -0.6496 -0.5636
vn 0.9910 -0.1334 0.0146
vn 0.5600 0.7510 -0.3499
vn 0.4547 -0.8898 0.0379
vn 0.9913 -0.1290 0.0273
vn 0.5499 0.5753 -0.6055
vn 0.4559 -0.8255 0.3326
vn -0.9909 0.1348 -0.0061
vn 0.9919 -0.1213 0.0389
vn 0.5366 0.3324 -0.7756
vn 0.4589 -0.6672 0.5867
vn -0.9912 0.1306 -0.0198
vn 0.9918 -0.1213 0.0389
vn 0.4638 -0.4378 0.7702
vn -0.9916 0.1260 -0.0292
vn 0.4705 -0.1692 0.8660
vn 0.5060 -0.6587 -0.5568
vn 0.4945 -0.4242 -0.7586
vn 0.9952 0.0758 -0.0620
vn 0.9975 0.0491 -0.0515
vn 0.4619 0.4517 0.7633
vn 0.4680 0.1986 0.8611
vn 0.9920 0.1173 0.0462
vn 0.9918 0.1230 0.0357
vn -0.5021 0.6076 0.6154
vn -0.4902 0.3741 0.7872
vn 0.4590 0.6661 0.5879
vn -0.9954 -0.0756 0.0596
vn -0.9939 -0.0953 0.0562
vn -0.4793 0.1086 0.8709
vn 0.5481 -0.5742 -0.6082
vn 0.9915 0.1270 0.0268
vn 0.5333 -0.3431 -0.7732
vn 0.9992 0.0291 -0.0275
vn 0.5098 0.6967 0.5047
vn 0.5090 0.8239 0.2490
vn 0.5133 -0.8119 -0.2781
vn -0.5160 0.7599 0.3953
vn 0.4645 0.8034 0.3725
vn -0.9972 -0.0516 0.0544
vn 0.5538 -0.7333 -0.3945
vn 0.9928 0.1192 0.0130
vn 0.9997 0.0232 0.0039
vn 0.5088 0.8601 -0.0360
vn 0.5152 -0.8561 0.0403
vn 0.4784 -0.0783 0.8746
vn 0.9929 0.1046 0.0571
vn -0.9985 -0.0437 0.0336
vn -0.9997 -0.0191 -0.0129
vn -0.5165 -0.8491 0.1109
vn -0.5086 -0.8482 -0.1478
vn -0.9994 -0.0333 0.0124
vn 0.9989 0.0334 0.0342
vn 0.5092 0.8003 -0.3168
vn 0.5116 -0.7834 0.3529
vn 0.5684 -0.8134 0.1234
vn -0.0121 -0.9826 -0.1853
vn 0.4645 0.8718 0.1557
vn -0.5207 0.8374 0.1662
vn 0.9926 0.1212 0.0034
vn 0.9151 -0.3929 -0.0907
vn -0.5065 -0.7834 -0.3602
vn -0.9986 -0.0341 -0.0416
vn -0.5131 -0.7654 0.3885
vn -0.9997 -0.0191 -0.0130
vn -0.5159 0.8476 -0.1239
vn 0.5031 -0.6068 0.6154
vn 0.9969 0.0554 0.0552
vn 0.5590 -0.7112 0.4264
vn 0.5684 -0.8134 0.1233
vn 0.4584 0.8810 -0.1168
vn 0.5100 0.6529 -0.5601
vn -0.9967 -0.0578 -0.0568
vn -0.5096 -0.6035 0.6133
vn -0.5098 0.7452 -0.4299
vn 0.4911 -0.3582 0.7941
vn 0.9946 0.0826 0.0623
vn 0.5441 -0.5211 0.6576
vn 0.4584 0.8810 -0.1169
vn 0.4588 0.7897 -0.4073
vn 0.5116 0.4384 -0.7390
vn -0.9950 -0.0809 -0.0593
vn -0.5095 -0.3885 0.7678
vn -0.4991 0.5541 -0.6663
vn 0.5300 -0.2809 0.8001
vn 0.4596 0.6175 -0.6383
vn 0.5151 0.1844 -0.8371
vn -0.9936 -0.0993 -0.0546
vn -0.5154 -0.1388 0.8457
vn -0.4873 0.3108 -0.8160
vn 0.9921 0.1152 -0.0489
vn 0.9918 0.1223 -0.0380
vn 0.5199 -0.0175 0.8540
vn 0.4628 0.3923 -0.7949
vn 0.4702 0.1322 -0.8726
vn -0.9925 -0.1132 -0.0465
vn -0.5264 0.1300 0.8402
vn -0.4770 0.0407 -0.8780
vn 0.9932 0.0999 -0.0592
vn 0.5141 0.2491 0.8208
vn 0.4815 -0.1481 -0.8639
vn -0.9917 -0.1235 -0.0363
vn -0.5401 0.3965 0.7423
vn -0.4687 -0.2373 -0.8509
vn 0.5112 0.4963 0.7017
vn -0.9911 -0.1305 -0.0243
vn -0.5529 0.6267 0.5492
vn -0.4624 -0.4994 -0.7326
vn 0.5220 -0.0833 -0.8489
vn -0.5232 0.0631 -0.8499
vn -0.5134 -0.2025 -0.8339
vn -0.9927 -0.1102 0.0487
vn -0.9909 -0.1341 -0.0113
vn -0.5618 0.7800 0.2757
vn -0.4579 -0.7143 -0.5292
vn -0.5091 -0.4454 -0.7365
vn -0.9909 -0.1349 0.0017
vn -0.5641 0.8248 -0.0401
vn -0.4554 -0.8510 -0.2615
vn -0.5103 -0.6496 -0.5636
vn -0.9910 -0.1334 0.0146
vn -0.5600 0.7510 -0.3499
vn -0.4547 -0.8898 0.0379
vn -0.9913 -0.1290 0.0273
vn -0.5501 0.5750 -0.6056
vn -0.4559 -0.8255 0.3326
vn 0.9909 0.1348 -0.0061
vn 0.5684 -0.8135 0.1233
vn -0.9919 -0.1213 0.0389
vn -0.5366 0.3324 -0.7756
vn -0.4589 -0.6672 0.5867
vn 0.9912 0.1309 -0.0197
vn -0.4638 -0.4378 0.7702
vn 0.9916 0.1263 -0.0292
vn -0.4705 -0.1692 0.8660
vt 0.005177 0.263794
vt 0.542773 0.263794
vt 0.542773 0.379392
vt 0.005177 0.379392
vt 0.949573 0.393780
vt 0.513789 0.393780
vt 0.513789 0.447470
vt 0.949573 0.447470
vt 0.005177 0.379392
vt 0.005177 0.263794
vt 0.509592 0.446797
vt 0.948278 0.446797
vt 0.948278 0.395175
vt 0.509592 0.395175
vt 0.541488 0.385900
vt 0.008060 0.385900
vt 0.008060 0.262135
vt 0.541488 0.262135
vt 0.486286 0.753885
vt 0.012747 0.753885
vt 0.012747 0.708235
vt 0.486286 0.708235
vt 0.663983 0.648347
vt 0.580817 0.634116
vt 0.787686 0.634116
vt 0.764145 0.648916
vt 0.729074 0.648915
vt 0.228944 0.648467
vt 0.181210 0.634116
vt 0.388080 0.634116
vt 0.364718 0.648685
vt 0.329399 0.648685
vt 0.264475 0.648704
vt 0.012747 0.708235
vt 0.486286 0.708235
vt 0.486286 0.753885
vt 0.672594 0.957126
vt 0.765595 0.957126
vt 0.765595 0.992061
vt 0.672594 0.992061
vt 0.547579 0.957126
vt 0.603002 0.957126
vt 0.603002 0.992061
vt 0.547579 0.992061
vt 0.987343 0.957126
vt 0.987343 0.992061
vt 0.403555 0.838675
vt 0.342846 0.838675
vt 0.342846 0.760793
vt 0.403555 0.760793
vt 0.294497 0.838675
vt 0.250891 0.838675
vt 0.250891 0.760793
vt 0.294497 0.760793
vt 0.484685 0.838675
vt 0.484685 0.760793
vt 0.497592 0.957126
vt 0.497592 0.992061
vt 0.342989 0.705453
vt 0.342989 0.756652
vt 0.236262 0.756652
vt 0.236262 0.705453
vt 0.432291 0.992061
vt 0.309956 0.992062
vt 0.309956 0.957126
vt 0.432291 0.957126
vt 0.649176 0.992061
vt 0.649176 0.957126
vt 0.787686 0.697725
vt 0.729074 0.684348
vt 0.764145 0.684348
vt 0.746706 0.667947
vt 0.746706 0.665316
vt 0.746513 0.665316
vt 0.746512 0.667947
vt 0.664267 0.685272
vt 0.646211 0.666736
vt 0.628297 0.648347
vt 0.628297 0.685272
vt 0.580817 0.697725
vt 0.388080 0.697726
vt 0.329400 0.685015
vt 0.365185 0.685015
vt 0.347175 0.666731
vt 0.247101 0.666307
vt 0.229338 0.684303
vt 0.181210 0.697726
vt 0.265416 0.684303
vt 0.322590 0.957126
vt 0.322590 0.992061
vt 0.229589 0.992062
vt 0.229589 0.957126
vt 0.447605 0.957126
vt 0.447605 0.992061
vt 0.392181 0.992061
vt 0.392181 0.957126
vt 0.007841 0.992062
vt 0.007841 0.957126
vt 0.098227 0.838675
vt 0.098227 0.760793
vt 0.158935 0.760793
vt 0.158935 0.838675
vt 0.207284 0.838675
vt 0.207284 0.760793
vt 0.017097 0.838675
vt 0.017097 0.760793
vt 0.196147 0.992062
vt 0.196147 0.957126
vt 0.318482 0.957126
vt 0.318482 0.992061
vt 0.242351 0.992062
vt 0.242351 0.957126
vt 0.459237 0.957126
vt 0.459237 0.992061
vt 0.164862 0.706285
vt 0.010560 0.706285
vt 0.382214 0.706285
vt 0.295116 0.706285
vt 0.402317 0.769096
vt 0.402317 0.837974
vt 0.342598 0.837974
vt 0.342598 0.769096
vt 0.295037 0.769096
vt 0.295037 0.837974
vt 0.252142 0.837974
vt 0.252142 0.769096
vt 0.482124 0.769096
vt 0.482124 0.837974
vt 0.469312 0.706285
vt 0.187621 0.992062
vt 0.187621 0.957126
vt 0.124536 0.992062
vt 0.124536 0.957126
vt 0.341422 0.957126
vt 0.341422 0.992061
vt 0.101967 0.769096
vt 0.161685 0.769096
vt 0.161685 0.837974
vt 0.101967 0.837974
vt 0.209246 0.769096
vt 0.209246 0.837974
vt 0.022159 0.769096
vt 0.022159 0.837974
vt 0.440817 0.992061
vt 0.440817 0.957126
vt 0.657702 0.992061
vt 0.440817 0.957126
vt 0.657702 0.957126
vt 0.858704 0.555880
vt 0.977657 0.555880
vt 0.977657 0.608597
vt 0.858704 0.608597
vt 0.993334 0.621076
vt 0.845647 0.621076
vt 0.845647 0.544544
vt 0.993334 0.544544
vt 0.708368 0.741656
vt 0.708368 0.716182
vt 0.723568 0.716182
vt 0.723568 0.741656
vt 0.731268 0.716182
vt 0.738967 0.716182
vt 0.738968 0.741656
vt 0.731268 0.741656
vt 0.746667 0.716182
vt 0.746667 0.741656
vt 0.754367 0.716182
vt 0.754367 0.741656
vt 0.762067 0.716182
vt 0.762067 0.741656
vt 0.769766 0.716182
vt 0.769766 0.741656
vt 0.777466 0.716182
vt 0.777466 0.741656
vt 0.785166 0.716182
vt 0.785166 0.741656
vt 0.800366 0.716182
vt 0.800366 0.741656
vt 0.994726 0.801275
vt 0.994726 0.804977
vt 0.994726 0.808827
vt 0.994726 0.812677
vt 0.994726 0.816379
vt 0.994726 0.819790
vt 0.994726 0.822781
vt 0.994726 0.825235
vt 0.994726 0.827059
vt 0.994726 0.828182
vt 0.979530 0.828561
vt 0.971979 0.827059
vt 0.965577 0.822781
vt 0.961299 0.816379
vt 0.959797 0.808827
vt 0.961299 0.801275
vt 0.965577 0.794873
vt 0.971979 0.790596
vt 0.979530 0.789093
vt 0.994726 0.789473
vt 0.994726 0.790596
vt 0.994726 0.792419
vt 0.994726 0.794873
vt 0.994726 0.797864
vt 0.958994 0.804977
vt 0.958994 0.808827
vt 0.958994 0.812677
vt 0.958994 0.816379
vt 0.958994 0.819790
vt 0.958994 0.822781
vt 0.958994 0.825235
vt 0.958994 0.827059
vt 0.958994 0.828182
vt 0.943799 0.828561
vt 0.958994 0.797864
vt 0.958994 0.801275
vt 0.958994 0.792419
vt 0.958994 0.794873
vt 0.958994 0.789473
vt 0.958994 0.790596
vt 0.936247 0.790596
vt 0.943799 0.789093
vt 0.925567 0.801275
vt 0.929845 0.794873
vt 0.925567 0.816379
vt 0.924065 0.808827
vt 0.936247 0.827059
vt 0.929845 0.822781
vt 0.755748 0.319867
vt 0.717927 0.379483
vt 0.711657 0.379426
vt 0.712301 0.309956
vt 0.775619 0.316947
vt 0.719298 0.400004
vt 0.709615 0.399808
vt 0.671617 0.341721
vt 0.683549 0.332864
vt 0.671503 0.292874
vt 0.681929 0.309350
vt 0.719086 0.396823
vt 0.709932 0.396649
vt 0.719131 0.397497
vt 0.709865 0.397318
vt 0.719102 0.397063
vt 0.709908 0.396886
vt 0.981456 0.744426
vt 0.987923 0.744426
vt 0.987923 0.780613
vt 0.981456 0.780613
vt 0.994438 0.744426
vt 0.994438 0.780613
vt 0.987971 0.780613
vt 0.987971 0.744426
vt 0.932304 0.744426
vt 0.932304 0.780613
vt 0.925837 0.780613
vt 0.925837 0.744426
vt 0.974942 0.780613
vt 0.974942 0.744426
vt 0.981409 0.744426
vt 0.981409 0.780613
vt 0.948884 0.780613
vt 0.948884 0.744426
vt 0.955351 0.744426
vt 0.955351 0.780613
vt 0.968427 0.780613
vt 0.968427 0.744426
vt 0.974894 0.744426
vt 0.974894 0.780613
vt 0.961865 0.780613
vt 0.955398 0.780613
vt 0.955398 0.744426
vt 0.961865 0.744426
vt 0.938819 0.780613
vt 0.938819 0.744426
vt 0.945286 0.744426
vt 0.945286 0.780613
vt 0.968380 0.780613
vt 0.961913 0.780613
vt 0.961913 0.744426
vt 0.968380 0.744426
vt 0.938771 0.744426
vt 0.938771 0.780613
vt 0.925790 0.744426
vt 0.925790 0.780613
vt 0.919323 0.780613
vt 0.919323 0.744426
vt 0.912856 0.744426
vt 0.912856 0.780613
vt 0.980044 0.737233
vt 0.984864 0.728884
vt 0.984864 0.719243
vt 0.980044 0.710894
vt 0.971695 0.706073
vt 0.962053 0.706073
vt 0.953704 0.710894
vt 0.948884 0.719243
vt 0.948884 0.728884
vt 0.953704 0.737233
vt 0.962053 0.742054
vt 0.971694 0.742054
vt 0.948836 0.728884
vt 0.944016 0.737233
vt 0.935667 0.742054
vt 0.926026 0.742054
vt 0.917676 0.737233
vt 0.912856 0.728884
vt 0.912856 0.719243
vt 0.917676 0.710894
vt 0.926025 0.706073
vt 0.935666 0.706073
vt 0.944016 0.710894
vt 0.948836 0.719243
vt 0.401351 0.481288
vt 0.408796 0.487376
vt 0.411461 0.507748
vt 0.396232 0.500573
vt 0.430331 0.489369
vt 0.417519 0.473566
vt 0.355698 0.433251
vt 0.355881 0.418914
vt 0.389397 0.419094
vt 0.389060 0.437370
vt 0.312943 0.403223
vt 0.312820 0.393523
vt 0.323221 0.386900
vt 0.354888 0.385705
vt 0.355842 0.404548
vt 0.440834 0.462926
vt 0.424028 0.449729
vt 0.435306 0.438713
vt 0.451761 0.448525
vt 0.457702 0.434891
vt 0.440091 0.428055
vt 0.441003 0.419436
vt 0.459924 0.419563
vt 0.388413 0.459517
vt 0.388177 0.473152
vt 0.370747 0.467337
vt 0.381109 0.492694
vt 0.364465 0.487051
vt 0.436739 0.477097
vt 0.422165 0.463314
vt 0.312048 0.473530
vt 0.307424 0.462296
vt 0.322990 0.450503
vt 0.324232 0.459511
vt 0.302019 0.455618
vt 0.312678 0.443876
vt 0.312816 0.434299
vt 0.354534 0.452038
vt 0.394727 0.476483
vt 0.388314 0.496064
vt 0.353641 0.463830
vt 0.347657 0.483342
vt 0.312374 0.418821
vt 0.388926 0.378633
vt 0.389288 0.400811
vt 0.402172 0.357014
vt 0.397316 0.337635
vt 0.412664 0.330667
vt 0.409709 0.351023
vt 0.431290 0.349331
vt 0.418247 0.364968
vt 0.441427 0.375939
vt 0.452155 0.390493
vt 0.435563 0.400082
vt 0.424432 0.388911
vt 0.457909 0.404207
vt 0.440206 0.410805
vt 0.371336 0.370573
vt 0.388872 0.364979
vt 0.365309 0.350725
vt 0.382063 0.345311
vt 0.437530 0.361702
vt 0.422755 0.375292
vt 0.312437 0.363564
vt 0.324562 0.377852
vt 0.307619 0.374842
vt 0.302066 0.381538
vt 0.395475 0.361733
vt 0.389325 0.342038
vt 0.348397 0.354203
vt 0.354141 0.373868
vt 0.296158 0.436345
vt 0.295108 0.418817
vt 0.295878 0.401158
vt 0.221023 0.993375
vt 0.514900 0.993375
vt 0.514900 0.957640
vt 0.180066 0.957640
vt 0.790594 0.952804
vt 0.500551 0.952804
vt 0.500551 0.989552
vt 0.809000 0.989552
vt 0.808777 0.993375
vt 0.849734 0.957640
vt 0.210508 0.952804
vt 0.192102 0.989552
vt 0.221023 0.993985
vt 0.180066 0.957030
vt 0.514900 0.957030
vt 0.514900 0.993985
vt 0.790594 0.950216
vt 0.809000 0.992140
vt 0.500551 0.992140
vt 0.500551 0.950216
vt 0.808777 0.993985
vt 0.849734 0.957030
vt 0.210508 0.950216
vt 0.192102 0.992140
vt 0.221023 0.993122
vt 0.514900 0.993122
vt 0.514900 0.950081
vt 0.180066 0.950081
vt 0.680924 0.993122
vt 0.704062 0.950081
vt 0.336693 0.950216
vt 0.326295 0.992140
vt 0.221023 0.990073
vt 0.180066 0.951176
vt 0.514900 0.951176
vt 0.514900 0.990073
vt 0.680924 0.990073
vt 0.704062 0.951176
vt 0.699221 0.993195
vt 0.615940 0.993195
vt 0.603857 0.951342
vt 0.680160 0.951342
vt 0.471701 0.951342
vt 0.512882 0.951342
vt 0.509432 0.993195
vt 0.471701 0.993195
vt 0.174418 0.951342
vt 0.244181 0.951342
vt 0.263242 0.993195
vt 0.199323 0.993195
vt 0.615940 0.951342
vt 0.699221 0.951342
vt 0.680160 0.993195
vt 0.603857 0.993195
vt 0.389295 0.951342
vt 0.430520 0.951342
vt 0.433970 0.993195
vt 0.396198 0.993195
vt 0.244181 0.993195
vt 0.174418 0.993195
vt 0.199323 0.951342
vt 0.263242 0.951342
vt 0.327461 0.951342
vt 0.339545 0.993195
vt 0.430520 0.993195
vt 0.389295 0.993195
vt 0.396198 0.951342
vt 0.433970 0.951342
vt 0.327461 0.993195
vt 0.339545 0.951342
vt 0.244454 0.993195
vt 0.179949 0.993195
vt 0.204535 0.951342
vt 0.259706 0.951342
vt 0.519748 0.993195
vt 0.455242 0.993195
vt 0.439990 0.951342
vt 0.495161 0.951342
vt 0.344317 0.993195
vt 0.238923 0.993195
vt 0.254175 0.951342
vt 0.344317 0.951342
vt 0.449711 0.993195
vt 0.434459 0.951342
vt 0.768984 0.993195
vt 0.744079 0.951342
vt 0.554107 0.993195
vt 0.512882 0.993195
vt 0.509432 0.951342
vt 0.547203 0.951342
vt 0.768984 0.951342
vt 0.744079 0.993195
vt 0.554107 0.951342
vt 0.547203 0.993195
vt 0.349848 0.993195
vt 0.349848 0.951342
vt 0.174418 0.993195
vt 0.199004 0.951342
vt 0.514217 0.993195
vt 0.489630 0.951342
vt 0.269006 0.858817
vt 0.290484 0.858817
vt 0.290484 0.942199
vt 0.269006 0.942199
vt 0.265144 0.942199
vt 0.232148 0.942199
vt 0.232148 0.858817
vt 0.265144 0.858817
vt 0.242036 0.858817
vt 0.242036 0.942199
vt 0.188053 0.942199
vt 0.188053 0.858817
vt 0.205995 0.858817
vt 0.205995 0.942199
vt 0.315123 0.942199
vt 0.291422 0.942199
vt 0.291422 0.858817
vt 0.315123 0.858817
vt 0.309856 0.858817
vt 0.309856 0.942199
vt 0.388968 0.942199
vt 0.341070 0.942199
vt 0.341070 0.858817
vt 0.388968 0.858817
vt 0.476156 0.942199
vt 0.442193 0.942199
vt 0.442193 0.858817
vt 0.476157 0.858817
vt 0.293172 0.942199
vt 0.293172 0.858817
vt 0.413716 0.858817
vt 0.441477 0.858817
vt 0.441477 0.942199
vt 0.413716 0.942199
vt 0.366131 0.858817
vt 0.397307 0.858817
vt 0.397307 0.942199
vt 0.366131 0.942199
vt 0.232438 0.858817
vt 0.263614 0.858817
vt 0.263614 0.942199
vt 0.232438 0.942199
vt 0.365102 0.942199
vt 0.338823 0.942199
vt 0.338823 0.858817
vt 0.365102 0.858817
vt 0.329227 0.858817
vt 0.350706 0.858817
vt 0.350706 0.942199
vt 0.329227 0.942199
vt 0.398098 0.942199
vt 0.398098 0.858817
vt 0.377675 0.858817
vt 0.377675 0.942199
vt 0.314873 0.858817
vt 0.314873 0.942199
vt 0.154089 0.942199
vt 0.154089 0.858817
vt 0.178235 0.858817
vt 0.178235 0.942199
vt 0.418099 0.942199
vt 0.418099 0.858817
vt 0.264040 0.942199
vt 0.264040 0.858817
vt 0.355018 0.940040
vt 0.336181 0.940040
vt 0.323623 0.940040
vt 0.380389 0.940040
vt 0.401642 0.923736
vt 0.401642 0.940040
vt 0.401642 0.897097
vt 0.380389 0.854154
vt 0.401642 0.854154
vt 0.401642 0.870458
vt 0.311077 0.940040
vt 0.355018 0.854154
vt 0.323622 0.854154
vt 0.336181 0.854154
vt 0.298532 0.940040
vt 0.285973 0.940040
vt 0.267136 0.940040
vt 0.241765 0.940040
vt 0.220513 0.940040
vt 0.220513 0.923736
vt 0.311077 0.854154
vt 0.220513 0.897097
vt 0.298532 0.854154
vt 0.267136 0.854154
vt 0.285973 0.854154
vt 0.220513 0.870458
vt 0.220513 0.854154
vt 0.241765 0.854154
vt 0.673321 0.029715
vt 0.682005 0.010732
vt 0.624070 0.007800
vt 0.633519 0.028252
vt 0.582952 0.164041
vt 0.593251 0.184231
vt 0.637647 0.118809
vt 0.620963 0.107262
vt 0.445258 0.184370
vt 0.590512 0.186752
vt 0.579942 0.166031
vt 0.447564 0.163479
vt 0.548606 0.119586
vt 0.539888 0.098931
vt 0.445985 0.098882
vt 0.448210 0.119535
vt 0.630834 0.033135
vt 0.616585 0.052813
vt 0.618953 0.102224
vt 0.639019 0.073942
vt 0.670636 0.034598
vt 0.674025 0.073111
vt 0.549252 0.122165
vt 0.579942 0.160495
vt 0.616451 0.049517
vt 0.600982 0.036293
vt 0.542025 0.096882
vt 0.550642 0.117299
vt 0.630377 0.030284
vt 0.621142 0.010296
vt 0.651240 0.099600
vt 0.640516 0.079704
vt 0.676466 0.076529
vt 0.692613 0.095567
vt 0.698475 0.091515
vt 0.692421 0.076150
vt 0.641461 0.077360
vt 0.652467 0.097778
vt 0.688776 0.035264
vt 0.689979 0.072733
vt 0.691462 0.030382
vt 0.691790 0.011227
vt 0.447712 0.122114
vt 0.447564 0.157942
vt 0.698954 0.091184
vt 0.688776 0.035264
vt 0.691462 0.030382
vt 0.692589 0.011268
vt 0.694260 0.076107
vt 0.699188 0.091022
vt 0.690867 0.035341
vt 0.691818 0.072689
vt 0.693553 0.030459
vt 0.692980 0.011288
vt 0.698327 0.091618
vt 0.694260 0.076107
vt 0.691543 0.011215
vt 0.327995 0.025814
vt 0.327995 0.034460
vt 0.312050 0.034460
vt 0.312050 0.025814
vt 0.455552 0.025814
vt 0.455552 0.034460
vt 0.439608 0.034460
vt 0.439608 0.025814
vt 0.471497 0.017176
vt 0.471497 0.025814
vt 0.455552 0.017176
vt 0.455552 0.008530
vt 0.439608 0.017176
vt 0.439608 0.008530
vt 0.471497 0.043126
vt 0.455552 0.043126
vt 0.471497 0.034460
vt 0.343939 0.034460
vt 0.343939 0.043126
vt 0.327995 0.043126
vt 0.343939 0.025814
vt 0.487442 0.017176
vt 0.487442 0.025814
vt 0.471497 0.008530
vt 0.487442 0.043126
vt 0.487442 0.034460
vt 0.359884 0.034460
vt 0.359884 0.043126
vt 0.359884 0.025814
vt 0.423663 0.034460
vt 0.423663 0.025814
vt 0.487442 0.008530
vt 0.511388 0.060467
vt 0.495443 0.060467
vt 0.495443 0.051801
vt 0.511388 0.051801
vt 0.375829 0.034460
vt 0.375829 0.043126
vt 0.375829 0.025814
vt 0.511388 0.043126
vt 0.495443 0.043126
vt 0.495443 0.017176
vt 0.495443 0.025814
vt 0.495443 0.034460
vt 0.487442 0.051801
vt 0.487442 0.060467
vt 0.495443 0.008530
vt 0.232326 0.060467
vt 0.216382 0.060467
vt 0.216382 0.051801
vt 0.232326 0.051801
vt 0.511388 0.008530
vt 0.511388 0.017176
vt 0.391774 0.025814
vt 0.391774 0.034460
vt 0.232326 0.043126
vt 0.216382 0.043126
vt 0.511388 0.025814
vt 0.391774 0.043126
vt 0.248271 0.060467
vt 0.248271 0.051801
vt 0.232326 0.008530
vt 0.232326 0.017176
vt 0.216382 0.017176
vt 0.216382 0.008530
vt 0.407718 0.025814
vt 0.407718 0.034460
vt 0.248271 0.043126
vt 0.232326 0.025814
vt 0.216382 0.025814
vt 0.407718 0.043126
vt 0.264216 0.060467
vt 0.264216 0.051801
vt 0.248271 0.008530
vt 0.248271 0.017176
vt 0.264216 0.043126
vt 0.248271 0.025814
vt 0.423663 0.043126
vt 0.280161 0.060467
vt 0.280161 0.051801
vt 0.264216 0.008530
vt 0.264216 0.017176
vt 0.280161 0.034460
vt 0.280161 0.043126
vt 0.264216 0.034460
vt 0.264216 0.025814
vt 0.280161 0.025814
vt 0.296105 0.060467
vt 0.296105 0.051801
vt 0.280161 0.008530
vt 0.280161 0.017176
vt 0.296105 0.034460
vt 0.296105 0.043126
vt 0.296105 0.025814
vt 0.312050 0.060467
vt 0.312050 0.051801
vt 0.296105 0.008530
vt 0.296105 0.017176
vt 0.312050 0.043126
vt 0.327995 0.060467
vt 0.327995 0.051801
vt 0.312050 0.008530
vt 0.312050 0.017176
vt 0.439608 0.043126
vt 0.439608 0.051801
vt 0.423663 0.051801
vt 0.439608 0.060467
vt 0.423663 0.060467
vt 0.343939 0.060467
vt 0.343939 0.051801
vt 0.327995 0.008530
vt 0.327995 0.017176
vt 0.455552 0.051801
vt 0.455552 0.060467
vt 0.359884 0.060467
vt 0.359884 0.051801
vt 0.343939 0.008530
vt 0.343939 0.017176
vt 0.471497 0.051801
vt 0.471497 0.060467
vt 0.375829 0.060467
vt 0.375829 0.051801
vt 0.359884 0.008530
vt 0.359884 0.017176
vt 0.391774 0.060467
vt 0.391774 0.051801
vt 0.375829 0.008530
vt 0.375829 0.017176
vt 0.511388 0.034460
vt 0.407718 0.060467
vt 0.407718 0.051801
vt 0.391774 0.008530
vt 0.391774 0.017176
vt 0.232326 0.034460
vt 0.216382 0.034460
vt 0.407718 0.008530
vt 0.407718 0.017176
vt 0.248271 0.034460
vt 0.423663 0.008530
vt 0.423663 0.017176
s 0
usemtl MI_Trim_Furniture
f 9/1/1 6/2/1 7/3/1
f 9/1/1 7/3/1 8/4/1
f 14/5/1 15/6/1 12/7/1
f 14/5/1 12/7/1 2/8/1
f 1/3/1 11/9/1 5/10/1
f 1/3/1 5/10/1 10/2/1
f 3/11/1 4/12/1 16/13/1
f 3/11/1 16/13/1 13/14/1
f 20/15/2 17/16/2 18/17/2
f 20/15/2 18/17/2 19/18/2
f 27/1/1 26/4/1 25/3/1
f 27/1/1 25/3/1 24/2/1
f 32/5/1 22/8/1 30/7/1
f 32/5/1 30/7/1 33/6/1
f 21/3/1 28/2/1 23/10/1
f 21/3/1 23/10/1 29/9/1
f 3/11/1 31/14/1 34/13/1
f 3/11/1 34/13/1 4/12/1
f 38/15/3 37/18/3 36/17/3
f 38/15/3 36/17/3 35/16/3
f 47/1/4 46/4/4 45/3/4
f 47/1/4 45/3/4 44/2/4
f 52/5/4 40/8/4 50/7/4
f 52/5/4 50/7/4 53/6/4
f 39/3/4 48/2/4 43/10/4
f 39/3/4 43/10/4 49/9/4
f 41/11/4 51/14/4 54/13/4
f 41/11/4 54/13/4 42/12/4
f 56/15/2 19/18/2 18/17/2
f 56/15/2 18/17/2 55/16/2
f 63/1/4 60/2/4 61/3/4
f 63/1/4 61/3/4 62/4/4
f 68/5/4 69/6/4 66/7/4
f 68/5/4 66/7/4 58/8/4
f 57/3/4 65/9/4 59/10/4
f 57/3/4 59/10/4 64/2/4
f 41/11/4 42/12/4 70/13/4
f 41/11/4 70/13/4 67/14/4
f 72/15/3 71/16/3 36/17/3
f 72/15/3 36/17/3 37/18/3
s 1
usemtl MI_Trim_Metal
f 87/19/5 84/20/5 89/21/6
f 87/19/5 89/21/6 112/22/5
f 178/23/7 109/24/7 106/25/7
f 106/25/7 158/26/7 162/27/7
f 106/25/7 162/27/7 178/23/7
f 210/28/8 94/29/8 101/30/8
f 101/30/8 198/31/8 194/32/8
f 194/32/8 214/33/8 210/28/8
f 101/30/8 194/32/8 210/28/8
f 79/34/9 77/35/10 107/36/11
f 79/34/9 107/36/11 110/20/10
s 0
f 119/37/12 76/38/12 128/39/12
f 119/37/12 128/39/12 127/40/12
f 133/41/12 117/42/12 131/43/12
f 133/41/12 131/43/12 136/44/12
s 1
f 78/38/13 80/45/14 130/46/14
f 78/38/13 130/46/14 129/39/15
s 0
f 117/42/12 119/37/12 127/40/12
f 117/42/12 127/40/12 131/43/12
f 118/47/16 116/48/16 123/49/16
f 118/47/16 123/49/16 125/50/16
f 132/51/16 73/52/16 121/53/16
f 132/51/16 121/53/16 135/54/16
f 75/55/16 118/47/16 125/50/16
f 75/55/16 125/50/16 105/56/16
f 116/48/16 132/51/16 135/54/16
f 116/48/16 135/54/16 123/49/16
f 74/57/12 133/41/12 136/44/12
f 74/57/12 136/44/12 126/58/12
f 88/59/17 115/60/17 138/61/17
f 88/59/17 138/61/17 82/62/17
f 86/63/18 81/64/18 141/65/18
f 86/63/18 141/65/18 140/66/18
f 83/67/19 85/63/19 139/66/19
f 83/67/19 139/66/19 142/68/19
f 99/69/20 149/70/20 154/71/20
f 152/71/21 156/26/21 103/25/21
f 152/71/21 103/25/21 96/69/21
f 146/72/22 155/71/22 151/70/22
f 143/73/23 157/26/23 153/71/23
s 1
f 145/74/24 163/27/24 159/26/24
s 0
f 144/75/25 148/70/25 161/27/25
f 177/23/26 165/76/26 181/77/26
s 1
f 173/78/27 169/79/27 92/80/27
f 108/24/28 176/23/27 173/78/27
f 173/78/27 92/80/27 108/24/28
s 0
f 168/79/29 172/78/29 180/77/29
s 1
f 182/77/30 174/78/30 179/23/30
f 183/77/31 167/76/31 171/79/31
f 166/76/32 150/70/32 100/69/32
f 100/69/32 93/80/32 170/79/32
f 166/76/32 100/69/32 170/79/32
s 0
f 175/23/33 160/27/33 147/70/33
f 175/23/33 147/70/33 164/76/33
s 1
f 114/81/34 191/82/35 186/83/35
f 186/83/35 199/31/35 102/30/35
f 114/81/34 186/83/35 102/30/35
s 0
f 184/83/36 220/84/36 196/31/36
f 208/28/37 213/33/37 217/85/37
f 211/28/38 207/86/38 91/87/38
f 211/28/39 91/87/39 95/29/39
f 204/86/40 218/85/40 201/88/40
f 200/88/41 216/85/41 212/33/41
f 219/85/42 205/86/42 209/28/42
s 1
f 206/86/43 203/88/43 190/82/43
f 190/82/43 113/81/43 90/87/43
f 190/82/43 90/87/43 206/86/43
s 0
f 215/33/44 195/32/44 189/82/44
f 215/33/45 189/82/45 202/88/45
f 197/31/46 221/84/46 192/32/46
f 222/84/47 185/83/47 187/82/47
f 193/32/48 223/84/48 188/82/48
s 1
f 236/19/49 261/22/49 238/21/50
f 236/19/49 238/21/50 233/20/50
f 255/25/51 258/24/51 324/23/51
f 324/23/51 308/27/51 304/26/51
f 324/23/51 304/26/51 255/25/51
f 249/30/52 242/29/52 356/28/52
f 356/28/52 360/33/52 340/32/52
f 340/32/52 344/31/52 249/30/52
f 356/28/52 340/32/52 249/30/52
s 0
f 228/34/53 259/20/53 256/36/53
f 228/34/54 256/36/54 226/35/54
f 268/89/12 273/90/12 274/91/12
f 268/89/12 274/91/12 225/92/12
f 279/93/12 282/94/12 277/95/12
f 279/93/12 277/95/12 266/96/12
s 1
f 227/92/55 275/91/56 276/97/57
f 227/92/55 276/97/57 229/98/57
s 0
f 266/96/12 277/95/12 273/90/12
f 266/96/12 273/90/12 268/89/12
f 267/99/16 272/100/16 270/101/16
f 267/99/16 270/101/16 265/102/16
f 278/103/16 281/104/16 121/53/16
f 278/103/16 121/53/16 73/52/16
f 224/105/16 254/106/16 272/100/16
f 224/105/16 272/100/16 267/99/16
f 265/102/16 270/101/16 281/104/16
f 265/102/16 281/104/16 278/103/16
f 74/57/12 126/58/12 282/94/12
f 74/57/12 282/94/12 279/93/12
f 237/59/58 231/62/58 284/61/58
f 237/59/58 284/61/58 264/60/58
f 235/107/18 286/108/18 287/109/18
f 235/107/18 287/109/18 230/110/18
f 232/111/19 288/112/19 285/113/19
f 232/111/19 285/113/19 234/114/19
f 251/69/59 301/71/59 297/70/59
f 298/71/21 245/69/21 252/25/21
f 298/71/21 252/25/21 302/26/21
f 291/72/60 296/70/60 300/71/60
f 289/73/23 299/71/23 303/26/23
f 292/74/61 305/26/61 309/27/61
f 290/75/25 307/27/25 294/70/25
f 323/23/62 328/77/62 313/76/62
s 1
f 319/78/63 322/23/63 257/24/64
f 257/24/64 244/80/63 317/79/63
f 319/78/63 257/24/64 317/79/63
s 0
f 314/79/29 326/77/29 318/78/29
f 329/77/65 325/23/65 320/78/65
f 327/77/66 316/79/66 312/76/66
s 1
f 311/76/67 315/79/67 241/80/67
f 241/80/67 248/69/67 295/70/67
f 311/76/67 241/80/67 295/70/67
s 0
f 321/23/33 310/76/33 293/70/33
f 321/23/33 293/70/33 306/27/33
s 1
f 263/81/68 250/30/69 345/31/69
f 332/83/69 337/82/69 263/81/68
f 263/81/68 345/31/69 332/83/69
s 0
f 330/83/70 342/31/70 366/84/70
f 354/28/71 363/85/71 359/33/71
f 357/28/72 243/29/72 240/87/72
f 357/28/73 240/87/73 353/86/73
f 350/86/74 347/88/74 364/85/74
f 346/88/75 358/33/75 362/85/75
f 365/85/76 355/28/76 351/86/76
s 1
f 336/82/77 349/88/77 352/86/77
f 352/86/77 239/87/77 262/81/77
f 352/86/77 262/81/77 336/82/77
s 0
f 361/33/78 348/88/78 335/82/78
f 361/33/79 335/82/79 341/32/79
f 343/31/80 338/32/80 367/84/80
f 368/84/81 333/82/81 331/83/81
f 339/32/82 334/82/82 369/84/82
s 1
f 382/19/83 407/22/84 384/21/85
f 382/19/83 384/21/85 379/20/84
f 401/25/86 404/24/86 470/23/86
f 470/23/86 454/27/86 450/26/86
f 470/23/86 450/26/86 401/25/86
f 396/30/87 389/29/87 502/28/87
f 502/28/87 506/33/87 486/32/87
f 486/32/87 490/31/87 396/30/87
f 502/28/87 486/32/87 396/30/87
f 376/34/88 405/20/88 402/36/88
s 0
f 376/34/89 402/36/89 374/35/89
f 414/115/90 422/115/90 423/116/90
f 414/115/90 423/116/90 373/116/90
f 428/117/90 431/117/90 426/118/90
f 428/117/90 426/118/90 412/118/90
s 1
f 375/35/91 424/35/92 425/34/93
f 375/35/91 425/34/93 377/34/93
s 0
f 412/118/90 426/118/90 422/115/90
f 412/118/90 422/115/90 414/115/90
f 413/119/94 420/120/94 418/121/94
f 413/119/94 418/121/94 411/122/94
f 427/123/94 430/124/94 416/125/94
f 427/123/94 416/125/94 370/126/94
f 372/127/94 400/128/94 420/120/94
f 372/127/94 420/120/94 413/119/94
f 411/122/94 418/121/94 430/124/94
f 411/122/94 430/124/94 427/123/94
f 371/129/90 421/129/90 431/117/90
f 371/129/90 431/117/90 428/117/90
f 383/59/17 82/62/17 138/61/17
f 383/59/17 138/61/17 410/60/17
f 381/130/18 433/131/18 141/65/18
f 381/130/18 141/65/18 81/64/18
f 378/132/95 434/133/95 432/134/95
f 378/132/95 432/134/95 380/135/95
f 394/69/96 446/71/96 441/70/96
f 444/71/97 391/69/97 398/25/97
f 444/71/97 398/25/97 448/26/97
f 438/72/98 443/70/98 447/71/98
f 435/73/99 445/71/99 449/26/99
s 1
f 437/74/100 451/26/100 455/27/100
s 0
f 436/75/101 453/27/101 440/70/101
f 469/23/102 473/77/102 457/76/102
s 1
f 465/78/103 468/23/103 403/24/104
f 403/24/104 387/80/103 461/79/103
f 465/78/103 403/24/104 461/79/103
s 0
f 460/79/105 472/77/105 464/78/105
f 474/77/106 471/23/106 466/78/106
f 475/77/107 463/79/107 459/76/107
s 1
f 458/76/108 462/79/108 388/80/108
f 388/80/108 395/69/108 442/70/108
f 458/76/108 388/80/108 442/70/108
s 0
f 467/23/109 456/76/109 439/70/109
f 467/23/109 439/70/109 452/27/109
s 1
f 409/81/110 397/30/111 491/31/111
f 478/83/111 483/82/111 409/81/110
f 409/81/110 491/31/111 478/83/111
s 0
f 476/83/112 488/31/112 512/84/112
f 500/28/113 509/85/113 505/33/113
f 503/28/39 390/29/39 386/87/39
f 503/28/114 386/87/114 499/86/114
f 496/86/115 493/88/115 510/85/115
f 492/88/116 504/33/116 508/85/116
f 511/85/117 501/28/117 497/86/117
s 1
f 482/82/118 495/88/118 498/86/118
f 498/86/118 385/87/118 408/81/118
f 498/86/118 408/81/118 482/82/118
s 0
f 507/33/119 494/88/119 481/82/119
f 507/33/120 481/82/120 487/32/120
f 489/31/121 484/32/121 513/84/121
f 514/84/122 479/82/122 477/83/122
f 485/32/48 480/82/48 515/84/48
s 1
f 526/19/123 523/20/123 528/21/124
f 526/19/123 528/21/124 551/22/123
f 611/23/125 548/24/125 545/25/125
f 545/25/125 591/26/125 595/27/125
f 545/25/125 595/27/125 611/23/125
f 643/28/126 532/29/126 539/30/126
f 539/30/126 631/31/126 627/32/126
f 627/32/126 647/33/126 643/28/126
f 539/30/126 627/32/126 643/28/126
s 0
f 520/34/127 518/35/127 546/36/127
s 1
f 520/34/128 546/36/128 549/20/128
s 0
f 558/115/90 517/116/90 564/116/90
f 558/115/90 564/116/90 563/115/90
f 569/117/90 556/118/90 567/118/90
f 569/117/90 567/118/90 572/117/90
s 1
f 519/35/129 521/34/130 566/34/130
f 519/35/129 566/34/130 565/35/131
s 0
f 556/118/90 558/115/90 563/115/90
f 556/118/90 563/115/90 567/118/90
f 557/136/94 555/137/94 560/138/94
f 557/136/94 560/138/94 562/139/94
f 568/140/94 370/126/94 416/125/94
f 568/140/94 416/125/94 571/141/94
f 516/142/94 557/136/94 562/139/94
f 516/142/94 562/139/94 544/143/94
f 555/137/94 568/140/94 571/141/94
f 555/137/94 571/141/94 560/138/94
f 371/129/90 569/117/90 572/117/90
f 371/129/90 572/117/90 421/129/90
f 527/59/58 554/60/58 284/61/58
f 527/59/58 284/61/58 231/62/58
f 525/144/18 230/110/18 287/109/18
f 525/144/18 287/109/18 574/145/18
f 522/146/95 524/144/95 573/147/95
f 522/146/95 573/147/95 575/148/95
f 541/69/132 584/70/132 588/71/132
f 585/71/97 589/26/97 542/25/97
f 585/71/97 542/25/97 535/69/97
f 578/72/133 587/71/133 583/70/133
f 576/73/99 590/26/99 586/71/99
s 1
f 579/74/134 596/27/134 592/26/134
s 0
f 577/75/101 581/70/101 594/27/101
f 610/23/135 600/76/135 615/77/135
s 1
f 606/78/136 604/79/136 534/80/136
f 547/24/137 609/23/136 606/78/136
f 606/78/136 534/80/136 547/24/137
s 0
f 601/79/105 605/78/105 613/77/105
f 616/77/138 607/78/138 612/23/138
f 614/77/139 599/76/139 603/79/139
s 1
f 598/76/140 582/70/140 538/69/140
f 538/69/140 531/80/140 602/79/140
f 598/76/140 538/69/140 602/79/140
s 0
f 608/23/109 593/27/109 580/70/109
f 608/23/109 580/70/109 597/76/109
s 1
f 553/81/141 624/82/142 619/83/142
f 619/83/142 632/31/142 540/30/142
f 553/81/141 619/83/142 540/30/142
s 0
f 617/83/143 653/84/143 629/31/143
f 641/28/144 646/33/144 650/85/144
f 644/28/145 640/86/145 530/87/145
f 644/28/72 530/87/72 533/29/72
f 637/86/146 651/85/146 634/88/146
f 633/88/147 649/85/147 645/33/147
f 652/85/148 638/86/148 642/28/148
s 1
f 639/86/149 636/88/149 623/82/149
f 623/82/149 552/81/149 529/87/149
f 623/82/149 529/87/149 639/86/149
s 0
f 648/33/79 628/32/79 622/82/79
f 648/33/150 622/82/150 635/88/150
f 630/31/151 654/84/151 625/32/151
f 655/84/152 618/83/152 620/82/152
f 626/32/82 656/84/82 621/82/82
f 670/149/153 673/150/153 676/151/153
f 670/149/153 676/151/153 667/152/153
f 664/153/154 662/154/154 666/152/154
f 664/153/154 666/152/154 675/151/154
f 657/155/155 659/156/155 671/150/155
f 657/155/155 671/150/155 668/149/155
f 660/156/156 663/153/156 674/151/156
f 660/156/157 674/151/157 672/150/157
f 661/154/158 658/155/158 669/149/158
f 661/154/159 669/149/159 665/152/159
s 1
f 692/157/160 694/158/160 698/159/161
f 692/157/160 698/159/161 696/160/162
f 702/161/163 706/162/164 704/163/165
f 702/161/163 704/163/165 700/164/163
f 706/162/164 710/165/166 708/166/167
f 706/162/164 708/166/167 704/163/165
f 710/165/166 714/167/168 712/168/169
f 710/165/166 712/168/169 708/166/167
f 714/167/168 718/169/170 716/170/171
f 714/167/168 716/170/171 712/168/169
f 718/169/170 722/171/172 720/172/173
f 718/169/170 720/172/173 716/170/171
f 722/171/172 726/173/174 724/174/175
f 722/171/172 724/174/175 720/172/173
f 726/173/174 730/175/176 728/176/176
f 726/173/174 728/176/176 724/174/175
f 728/176/176 730/175/176 734/177/177
f 728/176/176 734/177/177 732/178/178
f 682/179/179 680/180/179 678/181/179
f 678/181/179 746/182/179 744/183/179
f 744/183/179 742/184/179 740/185/179
f 740/185/179 738/186/179 736/187/179
s 0
f 736/187/180 733/188/180 729/189/180
f 729/189/179 725/190/179 721/191/179
f 721/191/181 717/192/181 713/193/181
f 713/193/182 709/194/182 705/195/182
f 705/195/183 701/196/183 697/197/183
f 697/197/183 693/198/183 690/199/183
s 1
f 690/199/183 688/200/179 686/201/179
f 686/201/179 684/202/179 682/179/179
f 682/179/179 678/181/179 744/183/179
f 744/183/179 740/185/179 736/187/179
s 0
f 736/187/180 729/189/180 721/191/180
f 721/191/181 713/193/181 705/195/181
f 705/195/183 697/197/183 690/199/183
s 1
f 690/199/183 686/201/179 682/179/179
f 682/179/179 744/183/179 736/187/179
s 0
f 736/187/179 721/191/179 705/195/179
f 705/195/183 690/199/183 682/179/183
f 736/187/179 705/195/179 682/179/179
s 1
f 745/203/184 677/204/184 679/205/184
f 679/205/184 681/206/184 683/207/184
f 683/207/184 685/208/184 687/209/184
s 0
f 689/210/185 691/211/185 695/212/185
s 1
f 683/207/184 687/209/184 689/210/184
f 745/203/184 679/205/184 683/207/184
f 741/213/184 743/214/184 745/203/184
f 737/215/184 739/216/184 741/213/184
f 731/217/184 735/218/184 737/215/184
s 0
f 723/219/186 727/220/186 731/217/186
f 715/221/187 719/222/187 723/219/187
f 707/223/188 711/224/188 715/221/188
f 699/225/185 703/226/185 707/223/185
f 689/210/189 695/212/189 699/225/189
s 1
f 745/203/184 683/207/184 689/210/184
f 737/215/184 741/213/184 745/203/184
s 0
f 723/219/190 731/217/190 737/215/190
f 707/223/188 715/221/188 723/219/188
f 689/210/185 699/225/185 707/223/185
s 1
f 737/215/184 745/203/184 689/210/184
s 0
f 707/223/184 723/219/184 737/215/184
f 689/210/184 707/223/184 737/215/184
s 1
f 698/159/161 702/161/163 700/164/163
f 698/159/161 700/164/163 696/160/162
s 0
f 760/149/191 757/152/191 766/151/191
f 760/149/191 766/151/191 763/150/191
f 754/153/192 765/151/192 756/152/192
f 754/153/192 756/152/192 752/154/192
f 747/155/193 758/149/193 761/150/193
f 747/155/193 761/150/193 749/156/193
f 750/156/194 762/150/194 764/151/194
f 750/156/195 764/151/195 753/153/195
f 751/154/196 755/152/196 759/149/196
f 751/154/197 759/149/197 748/155/197
s 1
f 782/157/198 786/160/199 788/159/199
f 782/157/198 788/159/199 784/158/198
f 792/161/200 790/164/200 794/163/201
f 792/161/200 794/163/201 796/162/202
f 796/162/202 794/163/201 798/166/203
f 796/162/202 798/166/203 800/165/204
f 800/165/204 798/166/203 802/168/205
f 800/165/204 802/168/205 804/167/206
f 804/167/206 802/168/205 806/170/207
f 804/167/206 806/170/207 808/169/208
f 808/169/208 806/170/207 810/172/209
f 808/169/208 810/172/209 812/171/210
f 812/171/210 810/172/209 814/174/211
f 812/171/210 814/174/211 816/173/212
f 816/173/212 814/174/211 818/176/213
f 816/173/212 818/176/213 820/175/213
f 818/176/213 822/178/214 824/177/214
f 818/176/213 824/177/214 820/175/213
f 768/181/179 770/180/179 772/179/179
f 772/179/179 774/202/179 776/201/179
f 776/201/179 778/200/179 780/199/179
s 0
f 780/199/183 783/198/183 787/197/183
f 787/197/183 791/196/183 795/195/183
f 795/195/215 799/194/215 803/193/215
f 803/193/216 807/192/216 811/191/216
f 811/191/179 815/190/179 819/189/179
f 819/189/180 823/188/180 826/187/180
s 1
f 826/187/179 828/186/179 830/185/179
f 830/185/179 832/184/179 834/183/179
f 834/183/179 836/182/179 768/181/179
f 768/181/179 772/179/179 776/201/179
s 0
f 776/201/183 780/199/183 787/197/183
f 787/197/183 795/195/183 803/193/183
f 803/193/216 811/191/216 819/189/216
f 819/189/180 826/187/180 830/185/180
s 1
f 830/185/179 834/183/179 768/181/179
s 0
f 768/181/183 776/201/183 787/197/183
f 787/197/216 803/193/216 819/189/216
f 819/189/179 830/185/179 768/181/179
f 787/197/181 819/189/181 768/181/181
s 1
f 769/205/184 767/204/184 835/203/184
f 835/203/184 833/214/184 831/213/184
f 831/213/184 829/216/184 827/215/184
f 827/215/184 825/218/184 821/217/184
s 0
f 821/217/186 817/220/186 813/219/186
f 813/219/217 809/222/217 805/221/217
f 805/221/218 801/224/218 797/223/218
f 797/223/190 793/226/190 789/225/190
f 789/225/189 785/212/189 781/211/189
s 1
f 779/210/184 777/209/184 775/208/184
s 0
f 789/225/185 781/211/185 779/210/185
f 805/221/218 797/223/218 789/225/218
f 821/217/184 813/219/184 805/221/184
s 1
f 831/213/184 827/215/184 821/217/184
f 769/205/184 835/203/184 831/213/184
f 773/207/184 771/206/184 769/205/184
f 779/210/184 775/208/184 773/207/184
s 0
f 805/221/185 789/225/185 779/210/185
f 831/213/186 821/217/186 805/221/186
s 1
f 773/207/184 769/205/184 831/213/184
s 0
f 805/221/185 779/210/185 773/207/185
f 831/213/184 805/221/184 773/207/184
s 1
f 788/159/199 786/160/199 790/164/200
f 788/159/199 790/164/200 792/161/200
f 857/227/219 846/228/220 850/229/220
f 857/227/219 850/229/220 860/230/220
f 844/231/221 840/232/221 847/228/221
f 844/231/221 847/228/221 858/227/221
s 0
f 838/233/222 841/234/222 855/235/222
f 838/233/222 855/235/222 851/229/222
f 839/232/223 837/233/223 848/229/223
f 839/232/223 848/229/223 845/228/223
s 1
f 842/234/224 843/236/224 853/237/224
f 842/234/224 853/237/224 856/235/224
s 0
f 859/230/225 849/229/225 854/235/225
s 1
f 859/230/226 854/235/226 852/237/226
f 881/227/227 884/230/228 875/229/228
f 881/227/227 875/229/228 870/228/228
f 868/231/229 882/227/229 871/228/229
f 868/231/229 871/228/229 864/238/229
s 0
f 862/239/230 873/229/230 878/235/230
f 862/239/230 878/235/230 865/234/230
f 863/238/223 869/228/223 872/229/223
f 863/238/223 872/229/223 861/239/223
s 1
f 866/234/231 879/235/231 876/237/231
f 866/234/231 876/237/231 867/236/231
f 883/230/232 877/237/232 880/235/232
s 0
f 883/230/233 880/235/233 874/229/233
s 1
f 905/227/234 908/230/235 898/229/235
f 905/227/234 898/229/235 894/228/235
f 892/231/236 906/227/236 895/228/236
f 892/231/236 895/228/236 888/240/236
s 0
f 886/241/237 899/229/237 903/235/237
f 886/241/237 903/235/237 889/234/237
f 887/240/238 893/228/238 896/229/238
f 887/240/238 896/229/238 885/241/238
s 1
f 890/234/239 904/235/239 901/237/239
f 890/234/239 901/237/239 891/236/239
f 907/230/240 900/237/240 902/235/240
s 0
f 907/230/241 902/235/241 897/229/241
s 1
f 929/227/242 918/228/243 923/229/243
f 929/227/242 923/229/243 932/230/243
f 916/231/244 912/242/244 919/228/245
f 916/231/244 919/228/245 930/227/244
s 0
f 910/243/246 913/234/246 926/235/246
s 1
f 910/243/246 926/235/246 921/229/246
s 0
f 911/242/238 909/243/238 920/229/238
f 911/242/238 920/229/238 917/228/238
s 1
f 914/234/247 915/236/247 924/237/247
f 914/234/247 924/237/247 927/235/247
s 0
f 931/230/248 922/229/248 928/235/248
s 1
f 931/230/249 928/235/249 925/237/249
f 940/244/250 933/245/251 936/246/252
f 940/244/250 936/246/252 943/247/253
f 996/248/254 999/249/254 937/250/255
f 996/248/254 937/250/255 934/251/255
f 981/252/256 983/253/256 989/254/257
f 981/252/256 989/254/257 986/255/257
f 973/256/258 970/257/259 964/258/260
f 973/256/258 964/258/260 967/259/261
f 954/260/262 951/261/262 945/262/263
f 954/260/262 945/262/263 948/263/264
f 949/264/265 946/265/266 939/266/253
f 949/264/265 939/266/253 942/267/253
f 955/268/267 961/269/268 958/270/269
f 955/268/267 958/270/269 952/271/270
f 966/272/261 963/273/261 957/274/268
f 966/272/261 957/274/268 960/275/271
f 972/276/258 979/277/272 976/278/273
f 972/276/258 976/278/273 969/279/274
f 981/252/256 975/280/272 978/281/272
f 981/252/256 978/281/272 983/253/256
f 985/282/275 988/283/275 993/284/276
f 985/282/275 993/284/276 991/285/276
f 995/286/254 991/285/276 993/284/276
f 995/286/254 993/284/276 998/287/254
s 0
f 997/288/277 935/289/277 941/290/277
f 941/290/277 947/291/277 953/292/277
f 953/292/277 959/293/277 965/294/277
f 965/294/277 971/295/277 977/296/277
f 977/296/277 982/297/277 987/298/277
f 987/298/277 992/299/277 997/288/277
f 997/288/277 941/290/277 953/292/277
f 953/292/277 965/294/277 977/296/277
f 977/296/277 987/298/277 997/288/277
f 953/292/277 977/296/277 997/288/277
f 950/300/278 944/301/278 938/302/278
f 938/302/278 1000/303/278 994/304/278
f 994/304/278 990/305/278 984/306/278
f 984/306/278 980/307/278 974/308/278
f 974/308/278 968/309/278 962/310/278
f 962/310/278 956/311/278 950/300/278
f 950/300/278 938/302/278 994/304/278
f 994/304/278 984/306/278 974/308/278
f 974/308/278 962/310/278 950/300/278
f 994/304/278 974/308/278 950/300/278
s 1
f 1046/312/279 1006/313/280 1010/314/280
f 1046/312/279 1010/314/280 1047/315/281
f 1025/316/282 1009/314/283 1005/313/284
f 1025/316/282 1005/313/284 1029/317/285
s 0
f 1028/317/286 1004/313/286 1045/312/286
f 1053/318/286 1051/319/286 1022/320/286
f 1053/318/286 1022/320/286 1044/321/286
f 1093/322/286 1084/323/286 1076/324/286
f 1076/324/286 1101/325/286 1102/326/286
f 1076/324/286 1102/326/286 1093/322/286
s 1
f 1016/327/287 1018/328/288 1037/329/289
f 1016/327/287 1037/329/289 1041/330/290
f 1040/331/291 1039/332/292 1014/333/293
f 1040/331/291 1014/333/293 1015/334/293
s 0
f 1023/335/286 1019/336/286 1106/337/286
s 1
f 1107/337/294 1020/336/295 1021/338/296
f 1107/337/294 1021/338/296 1108/339/297
f 1030/340/298 1025/316/282 1029/317/285
f 1030/340/298 1029/317/285 1032/341/299
f 1007/342/300 1024/343/301 1027/344/302
f 1007/342/300 1027/344/302 1001/345/300
f 1016/327/287 1030/340/298 1032/341/299
f 1016/327/287 1032/341/299 1018/328/288
s 0
f 1023/335/286 1031/341/286 1028/317/286
s 1
f 1024/343/301 1033/346/303 1035/347/304
f 1024/343/301 1035/347/304 1027/344/302
f 1039/332/292 1040/331/291 1041/330/290
f 1039/332/292 1041/330/290 1037/329/289
s 0
f 1017/328/286 1023/335/286 1044/321/286
f 1017/328/286 1044/321/286 1036/329/286
f 1043/348/286 1053/318/286 1052/349/286
f 1052/349/286 1026/344/286 1034/347/286
f 1052/349/286 1034/347/286 1043/348/286
f 1023/335/286 1017/328/286 1031/341/286
f 1023/335/286 1028/317/286 1045/312/286
f 1023/335/286 1045/312/286 1055/350/286
s 1
f 1056/350/305 1046/312/279 1047/315/281
f 1056/350/305 1047/315/281 1054/351/306
f 1003/345/307 1050/352/308 1048/353/309
f 1003/345/307 1048/353/309 1008/342/310
s 0
f 1026/344/286 1052/349/286 1049/352/286
f 1026/344/286 1049/352/286 1002/345/286
f 1093/322/286 1102/326/286 1051/319/286
f 1093/322/286 1051/319/286 1012/354/286
f 1102/326/286 1101/325/286 1073/355/286
f 1102/326/286 1073/355/286 1094/356/286
f 1044/321/286 1038/332/286 1036/329/286
s 1
f 1020/336/295 1056/350/305 1054/351/306
f 1020/336/295 1054/351/306 1021/338/296
s 0
f 1023/335/286 1055/350/286 1019/336/286
f 1038/332/286 1044/321/286 1022/320/286
f 1038/332/286 1022/320/286 1013/333/286
s 1
f 1096/357/311 1097/358/312 1066/359/313
f 1096/357/311 1066/359/313 1062/360/313
f 1075/361/314 1079/362/315 1061/360/316
f 1075/361/314 1061/360/316 1065/359/317
s 0
f 1078/362/286 1095/357/286 1060/360/286
f 1023/335/286 1052/349/286 1053/318/286
f 1023/335/286 1053/318/286 1044/321/286
s 1
f 1067/363/318 1091/364/319 1087/365/320
f 1067/363/318 1087/365/320 1069/366/321
f 1090/367/322 1015/334/293 1014/333/293
f 1090/367/322 1014/333/293 1089/368/323
s 0
f 1073/355/286 1109/369/286 1070/370/286
s 1
f 1110/369/324 1111/371/325 1072/372/326
f 1110/369/324 1072/372/326 1071/370/327
f 1080/373/328 1082/374/329 1079/362/315
f 1080/373/328 1079/362/315 1075/361/314
f 1063/375/300 1057/376/300 1077/324/330
f 1063/375/300 1077/324/330 1074/377/331
f 1067/363/318 1069/366/321 1082/374/329
f 1067/363/318 1082/374/329 1080/373/328
s 0
f 1073/355/286 1078/362/286 1081/374/286
s 1
f 1074/377/331 1077/324/330 1085/323/332
f 1074/377/331 1085/323/332 1083/378/333
f 1089/368/323 1087/365/320 1091/364/319
f 1089/368/323 1091/364/319 1090/367/322
s 0
f 1068/366/286 1086/365/286 1094/356/286
f 1068/366/286 1094/356/286 1073/355/286
f 1073/355/286 1081/374/286 1068/366/286
f 1073/355/286 1104/379/286 1095/357/286
f 1073/355/286 1095/357/286 1078/362/286
s 1
f 1105/379/334 1103/380/335 1097/358/312
f 1105/379/334 1097/358/312 1096/357/311
f 1059/376/336 1064/375/337 1098/381/338
f 1059/376/336 1098/381/338 1100/382/339
s 0
f 1076/324/286 1058/376/286 1099/382/286
f 1076/324/286 1099/382/286 1101/325/286
f 1053/318/286 1043/348/286 1012/354/286
f 1053/318/286 1012/354/286 1051/319/286
f 1094/356/286 1022/320/286 1051/319/286
f 1094/356/286 1051/319/286 1102/326/286
f 1094/356/286 1086/365/286 1088/368/286
s 1
f 1071/370/327 1072/372/326 1103/380/335
f 1071/370/327 1103/380/335 1105/379/334
s 0
f 1073/355/286 1070/370/286 1104/379/286
f 1088/368/286 1013/333/286 1022/320/286
f 1088/368/286 1022/320/286 1094/356/286
s 1
f 1100/382/339 1098/381/338 1111/371/325
f 1100/382/339 1111/371/325 1110/369/324
s 0
f 1101/325/286 1099/382/286 1109/369/286
f 1101/325/286 1109/369/286 1073/355/286
s 1
f 1050/352/308 1107/337/294 1108/339/297
f 1050/352/308 1108/339/297 1048/353/309
s 0
f 1052/349/286 1023/335/286 1106/337/286
f 1052/349/286 1106/337/286 1049/352/286
s 1
f 1033/346/303 1113/383/340 1042/348/340
f 1033/346/303 1042/348/340 1035/347/304
s 0
f 1011/354/340 1112/384/340 1114/385/340
f 1011/354/340 1114/385/340 1092/322/340
f 1042/348/340 1113/383/340 1112/384/340
f 1042/348/340 1112/384/340 1011/354/340
s 1
f 1092/322/340 1114/385/340 1083/378/333
f 1092/322/340 1083/378/333 1085/323/332
s 0
f 1115/386/252 1119/387/252 1120/388/252
f 1115/386/252 1120/388/252 1117/389/252
f 1118/390/341 1121/391/341 1122/392/341
f 1118/390/341 1122/392/341 1116/393/341
f 1123/394/252 1125/395/252 1120/388/252
f 1123/394/252 1120/388/252 1119/387/252
f 1126/396/341 1124/397/341 1122/392/341
f 1126/396/341 1122/392/341 1121/391/341
f 1127/398/258 1129/399/258 1132/400/258
f 1127/398/258 1132/400/258 1131/401/258
f 1130/402/342 1128/403/342 1134/404/342
f 1130/402/342 1134/404/342 1133/405/342
f 1135/406/258 1131/401/258 1132/400/258
f 1135/406/258 1132/400/258 1137/407/258
f 1138/408/342 1133/405/342 1134/404/342
f 1138/408/342 1134/404/342 1136/409/342
f 1139/410/278 1143/411/278 1145/412/278
f 1139/410/278 1145/412/278 1142/413/278
f 1141/402/343 1144/405/343 1146/404/343
f 1141/402/343 1146/404/343 1140/403/343
f 1147/414/278 1149/415/278 1145/412/278
f 1147/414/278 1145/412/278 1143/411/278
s 1
f 1148/416/343 1150/417/343 1146/404/343
s 0
f 1148/416/343 1146/404/343 1144/405/343
f 1151/418/277 1154/419/277 1157/420/277
f 1151/418/277 1157/420/277 1155/421/277
f 1153/402/344 1152/403/344 1158/404/344
f 1153/402/344 1158/404/344 1156/405/344
f 1159/422/277 1155/421/277 1157/420/277
f 1159/422/277 1157/420/277 1161/423/277
f 1160/416/344 1156/405/344 1158/404/344
f 1160/416/344 1158/404/344 1162/417/344
f 104/424/345 124/425/345 1176/426/345
f 104/424/345 1176/426/345 1168/427/345
f 415/428/345 429/429/345 1212/430/345
f 415/428/345 1212/430/345 1206/431/345
f 536/432/345 543/433/345 1218/434/345
f 536/432/345 1218/434/345 1214/435/345
f 419/436/345 399/437/345 1202/438/345
f 419/436/345 1202/438/345 1210/439/345
f 559/440/345 570/441/345 1226/442/345
f 559/440/345 1226/442/345 1222/443/345
f 253/444/345 246/445/345 1182/446/345
f 253/444/345 1182/446/345 1186/447/345
f 561/448/345 559/440/345 1222/443/345
f 561/448/345 1222/443/345 1224/449/345
f 280/450/345 269/451/345 1190/452/345
f 280/450/345 1190/452/345 1194/453/345
f 570/441/345 415/428/345 1206/431/345
f 570/441/345 1206/431/345 1226/442/345
f 269/451/345 271/454/345 1192/455/345
f 269/451/345 1192/455/345 1190/452/345
f 550/456/345 537/457/345 1215/458/345
f 550/456/345 1215/458/345 1219/459/345
f 120/431/345 280/450/345 1194/453/345
f 120/431/345 1194/453/345 1172/428/345
f 247/460/345 260/461/345 1187/462/345
f 247/460/345 1187/462/345 1183/463/345
f 543/433/345 561/448/345 1224/449/345
f 543/433/345 1224/449/345 1218/434/345
f 137/464/345 111/465/345 1169/466/345
f 137/464/345 1169/466/345 1179/467/345
f 271/454/345 253/444/345 1186/447/345
f 271/454/345 1186/447/345 1192/455/345
f 406/468/345 137/464/345 1179/467/345
f 406/468/345 1179/467/345 1203/469/345
f 98/470/345 104/424/345 1168/427/345
f 98/470/345 1168/427/345 1165/471/345
f 122/472/345 134/473/345 1178/474/345
f 122/472/345 1178/474/345 1174/475/345
f 124/425/345 122/472/345 1174/475/345
f 124/425/345 1174/475/345 1176/426/345
f 399/437/345 393/476/345 1199/477/345
f 399/437/345 1199/477/345 1202/438/345
f 429/429/345 417/478/345 1208/479/345
f 429/429/345 1208/479/345 1212/430/345
f 283/480/345 550/456/345 1219/459/345
f 283/480/345 1219/459/345 1195/481/345
f 111/465/345 97/482/345 1164/483/345
f 111/465/345 1164/483/345 1169/466/345
f 417/478/345 419/436/345 1210/439/345
f 417/478/345 1210/439/345 1208/479/345
f 134/473/345 120/431/345 1172/428/345
f 134/473/345 1172/428/345 1178/474/345
f 392/484/345 406/468/345 1203/469/345
f 392/484/345 1203/469/345 1198/485/345
f 260/461/345 283/480/345 1195/481/345
f 260/461/345 1195/481/345 1187/462/345
f 1221/486/346 1225/487/346 1285/488/346
f 1221/486/346 1285/488/346 1281/489/346
f 1189/490/347 1191/491/347 1253/492/347
f 1189/490/347 1253/492/347 1251/493/347
f 1223/494/346 1221/486/346 1281/489/346
f 1223/494/346 1281/489/346 1283/495/346
f 1191/491/347 1185/496/347 1247/497/347
f 1191/491/347 1247/497/347 1253/492/347
f 1217/498/346 1223/494/346 1283/495/346
f 1217/498/346 1283/495/346 1277/499/346
f 1171/500/347 1193/501/347 1255/502/347
f 1171/500/347 1255/502/347 1234/503/347
f 1225/487/346 1205/504/346 1266/505/346
f 1225/487/346 1266/505/346 1285/488/346
f 1188/506/348 1196/507/348 1258/508/348
f 1188/506/348 1258/508/348 1250/509/348
f 1163/510/347 1167/511/347 1230/512/347
f 1163/510/347 1230/512/347 1227/513/347
f 1196/507/348 1220/514/348 1280/515/348
f 1196/507/348 1280/515/348 1258/508/348
f 1201/516/346 1197/517/346 1259/518/346
f 1201/516/346 1259/518/346 1262/519/346
f 1170/520/349 1166/521/349 1229/522/349
f 1170/520/349 1229/522/349 1233/523/349
f 1200/524/349 1204/525/349 1265/526/349
f 1200/524/349 1265/526/349 1261/527/349
f 1173/528/347 1177/529/347 1240/530/347
f 1173/528/347 1240/530/347 1236/531/347
f 1211/532/346 1207/533/346 1268/534/346
f 1211/532/346 1268/534/346 1272/535/346
f 1175/536/347 1173/528/347 1236/531/347
f 1175/536/347 1236/531/347 1238/537/347
f 1207/533/346 1209/538/346 1270/539/346
f 1207/533/346 1270/539/346 1268/534/346
f 1167/511/347 1175/536/347 1238/537/347
f 1167/511/347 1238/537/347 1230/512/347
f 1209/538/346 1201/516/346 1262/519/346
f 1209/538/346 1262/519/346 1270/539/346
f 1177/529/347 1171/500/347 1234/503/347
f 1177/529/347 1234/503/347 1240/530/347
f 1205/504/346 1211/532/346 1272/535/346
f 1205/504/346 1272/535/346 1266/505/346
f 1180/540/349 1170/520/349 1233/523/349
f 1180/540/349 1233/523/349 1243/541/349
f 1204/525/349 1180/540/349 1243/541/349
f 1204/525/349 1243/541/349 1265/526/349
f 1185/496/347 1181/542/347 1244/543/347
f 1185/496/347 1244/543/347 1247/497/347
f 1213/544/346 1217/498/346 1277/499/346
f 1213/544/346 1277/499/346 1274/545/346
f 1184/546/348 1188/506/348 1250/509/348
f 1184/546/348 1250/509/348 1246/547/348
f 1220/514/348 1216/548/348 1276/549/348
f 1220/514/348 1276/549/348 1280/515/348
f 1193/501/347 1189/490/347 1251/493/347
f 1193/501/347 1251/493/347 1255/502/347
f 1239/550/345 1237/551/345 1241/552/345
f 1231/553/345 1239/550/345 1241/552/345
f 1232/554/345 1228/555/345 1231/553/345
f 1242/556/345 1232/554/345 1231/553/345
f 1242/556/345 1231/553/345 1241/552/345
f 1263/557/345 1260/558/345 1264/559/345
f 1264/559/345 1242/556/345 1241/552/345
f 1264/559/345 1241/552/345 1235/560/345
f 1271/561/345 1263/557/345 1264/559/345
f 1273/562/345 1269/563/345 1271/561/345
f 1273/562/345 1271/561/345 1264/559/345
f 1264/559/345 1235/560/345 1256/564/345
f 1256/564/345 1252/565/345 1254/566/345
f 1248/567/345 1245/568/345 1249/569/345
f 1256/564/345 1254/566/345 1248/567/345
f 1273/562/345 1264/559/345 1256/564/345
f 1267/570/345 1273/562/345 1256/564/345
f 1256/564/345 1248/567/345 1249/569/345
f 1256/564/345 1249/569/345 1257/571/345
f 1286/572/345 1267/570/345 1256/564/345
f 1284/573/345 1282/574/345 1286/572/345
f 1279/575/345 1275/576/345 1278/577/345
f 1278/577/345 1284/573/345 1286/572/345
f 1286/572/345 1256/564/345 1257/571/345
f 1257/571/345 1279/575/345 1278/577/345
f 1257/571/345 1278/577/345 1286/572/345
s 1
f 1332/578/350 1326/579/351 1289/580/351
f 1332/578/350 1289/580/351 1307/581/351
f 1317/582/352 1296/583/352 1298/584/353
f 1317/582/352 1298/584/353 1312/585/354
f 1319/586/355 1297/587/355 1318/588/355
f 1319/586/355 1318/588/355 1321/589/355
f 1310/590/356 1291/591/357 1322/592/358
f 1310/590/356 1322/592/358 1324/593/357
s 0
f 1305/594/359 1303/595/359 1311/596/359
f 1305/594/359 1311/596/359 1313/597/359
f 1329/598/359 1305/594/359 1313/597/359
f 1329/598/359 1313/597/359 1333/599/359
f 1303/595/359 1308/600/359 1316/601/359
f 1303/595/359 1316/601/359 1311/596/359
s 1
f 1304/602/360 1292/603/361 1290/604/362
f 1304/602/360 1290/604/362 1309/605/362
f 1306/606/363 1288/607/363 1292/603/361
f 1306/606/363 1292/603/361 1304/602/360
f 1312/585/354 1298/584/353 1294/608/364
f 1312/585/354 1294/608/364 1314/609/364
f 1334/610/365 1327/611/365 1293/612/365
f 1334/610/365 1293/612/365 1301/613/365
f 1315/614/366 1295/615/366 1328/611/366
f 1315/614/366 1328/611/366 1335/610/366
f 1299/616/367 1330/598/367 1336/599/367
f 1299/616/367 1336/599/367 1302/617/367
f 1300/618/368 1287/619/368 1325/579/368
f 1300/618/368 1325/579/368 1331/578/368
s 0
f 1308/600/359 1323/620/359 1320/621/359
f 1308/600/359 1320/621/359 1316/601/359
s 1
f 1382/578/369 1357/581/370 1339/580/370
f 1382/578/369 1339/580/370 1376/579/370
f 1367/582/371 1362/585/372 1348/584/373
f 1367/582/371 1348/584/373 1346/583/371
f 1369/586/374 1371/589/374 1368/588/374
f 1369/586/374 1368/588/374 1347/587/374
f 1360/590/375 1374/593/376 1372/592/377
f 1360/590/375 1372/592/377 1341/591/376
s 0
f 1355/594/359 1363/597/359 1361/596/359
f 1355/594/359 1361/596/359 1353/595/359
f 1379/598/359 1383/599/359 1363/597/359
f 1379/598/359 1363/597/359 1355/594/359
f 1353/595/359 1361/596/359 1366/601/359
f 1353/595/359 1366/601/359 1358/600/359
s 1
f 1354/602/378 1359/605/379 1340/604/379
f 1354/602/378 1340/604/379 1342/603/380
f 1356/606/381 1354/602/378 1342/603/380
f 1356/606/381 1342/603/380 1338/607/381
f 1362/585/372 1364/609/382 1344/608/382
f 1362/585/372 1344/608/382 1348/584/373
f 1385/610/383 1352/613/383 1343/622/383
f 1385/610/383 1343/622/383 1377/611/383
f 1365/614/384 1386/610/384 1378/611/384
f 1365/614/384 1378/611/384 1345/615/384
f 1349/623/385 1351/617/385 1384/599/385
f 1349/623/385 1384/599/385 1380/598/385
f 1350/624/386 1381/578/386 1375/579/386
f 1350/624/386 1375/579/386 1337/625/386
s 0
f 1358/600/359 1366/601/359 1370/621/359
f 1358/600/359 1370/621/359 1373/620/359
s 1
f 1432/578/387 1407/581/388 1389/580/388
f 1432/578/387 1389/580/388 1426/579/388
f 1417/582/389 1412/585/390 1398/584/391
f 1417/582/389 1398/584/391 1396/583/389
f 1419/586/392 1421/589/392 1418/588/392
f 1419/586/392 1418/588/392 1397/587/392
f 1410/590/393 1424/593/394 1422/592/395
f 1410/590/393 1422/592/395 1391/591/394
s 0
f 1405/594/396 1413/597/396 1411/596/396
f 1405/594/396 1411/596/396 1403/595/396
f 1429/598/396 1433/599/396 1413/597/396
f 1429/598/396 1413/597/396 1405/594/396
f 1403/595/396 1411/596/396 1416/601/396
f 1403/595/396 1416/601/396 1408/600/396
s 1
f 1404/602/397 1409/605/398 1390/604/398
f 1404/602/397 1390/604/398 1392/603/399
f 1406/606/400 1404/602/397 1392/603/399
f 1406/606/400 1392/603/399 1388/607/400
f 1412/585/390 1414/609/401 1394/608/401
f 1412/585/390 1394/608/401 1398/584/391
f 1434/610/402 1401/626/402 1393/627/402
f 1434/610/402 1393/627/402 1427/611/402
f 1415/614/403 1435/610/403 1428/611/403
f 1415/614/403 1428/611/403 1395/615/403
f 1399/628/404 1402/629/404 1436/599/404
f 1399/628/404 1436/599/404 1430/598/405
f 1400/630/406 1431/578/407 1425/579/408
f 1400/630/406 1425/579/408 1387/631/408
s 0
f 1408/600/396 1416/601/396 1420/621/396
f 1408/600/396 1420/621/396 1423/620/396
s 1
f 1482/578/409 1476/579/410 1439/580/410
f 1482/578/409 1439/580/410 1457/581/410
f 1467/582/411 1446/583/411 1448/584/412
f 1467/582/411 1448/584/412 1462/585/413
f 1469/586/414 1447/587/414 1468/588/414
f 1469/586/414 1468/588/414 1471/589/414
f 1460/590/415 1441/591/416 1472/592/417
f 1460/590/415 1472/592/417 1474/593/416
s 0
f 1455/594/396 1453/595/396 1461/596/396
f 1455/594/396 1461/596/396 1463/597/396
f 1479/598/396 1455/594/396 1463/597/396
f 1479/598/396 1463/597/396 1483/599/396
f 1453/595/396 1458/600/396 1466/601/396
f 1453/595/396 1466/601/396 1461/596/396
s 1
f 1454/602/418 1442/603/419 1440/604/420
f 1454/602/418 1440/604/420 1459/605/420
f 1456/606/421 1438/607/421 1442/603/419
f 1456/606/421 1442/603/419 1454/602/418
f 1462/585/413 1448/584/412 1444/608/422
f 1462/585/413 1444/608/422 1464/609/422
f 1485/610/423 1477/611/423 1443/632/424
f 1485/610/423 1443/632/424 1452/633/423
f 1465/614/425 1445/615/425 1478/611/425
f 1465/614/425 1478/611/425 1486/610/425
f 1449/628/426 1480/598/427 1484/599/426
f 1449/628/426 1484/599/426 1451/629/426
f 1450/630/428 1437/634/428 1475/579/429
f 1450/630/428 1475/579/429 1481/578/428
s 0
f 1458/600/396 1473/620/396 1470/621/396
f 1458/600/396 1470/621/396 1466/601/396
s 1
f 1579/635/430 1580/636/431 1573/637/432
f 1579/635/430 1573/637/432 1572/638/433
f 1494/639/434 1495/640/435 1488/641/436
f 1494/639/434 1488/641/436 1487/642/437
f 1507/643/438 1501/644/439 1494/639/434
f 1507/643/438 1494/639/434 1500/645/440
f 1499/646/441 1500/645/440 1493/647/442
f 1499/646/441 1493/647/442 1492/648/443
f 1503/649/444 1496/650/445 1495/640/435
f 1503/649/444 1495/640/435 1502/651/446
f 1587/652/447 1588/653/448 1581/654/449
f 1587/652/447 1581/654/449 1580/636/431
f 1586/655/450 1587/652/447 1580/636/431
f 1586/655/450 1580/636/431 1579/635/430
f 1501/644/439 1502/651/446 1495/640/435
f 1501/644/439 1495/640/435 1494/639/434
f 1514/656/451 1508/657/452 1501/644/439
f 1514/656/451 1501/644/439 1507/643/438
f 1506/658/453 1507/643/438 1500/645/440
f 1506/658/453 1500/645/440 1499/646/441
f 1510/659/454 1503/649/444 1502/651/446
f 1510/659/454 1502/651/446 1509/660/455
f 1594/661/456 1595/662/457 1588/653/448
f 1594/661/456 1588/653/448 1587/652/447
f 1593/663/458 1594/661/456 1587/652/447
f 1593/663/458 1587/652/447 1586/655/450
f 1508/657/452 1509/660/455 1502/651/446
f 1508/657/452 1502/651/446 1501/644/439
f 1487/642/437 1488/641/436 1622/664/459
f 1487/642/437 1622/664/459 1621/665/460
f 1513/666/461 1514/656/451 1507/643/438
f 1513/666/461 1507/643/438 1506/658/453
f 1533/667/462 1520/668/463 1519/669/464
f 1533/667/462 1519/669/464 1530/670/465
f 1601/671/466 1602/672/467 1595/662/457
f 1601/671/466 1595/662/457 1594/661/456
f 1600/673/468 1601/671/466 1594/661/456
f 1600/673/468 1594/661/456 1593/663/458
f 1528/674/469 1530/670/465 1519/669/464
f 1528/674/469 1519/669/464 1517/675/470
f 1514/656/451 1522/676/471 1515/677/472
f 1514/656/451 1515/677/472 1508/657/452
f 1515/677/472 1516/678/473 1509/660/455
f 1515/677/472 1509/660/455 1508/657/452
f 1516/678/473 1518/675/474 1510/659/454
f 1516/678/473 1510/659/454 1509/660/455
f 1517/675/470 1519/669/464 1511/679/475
f 1517/675/470 1511/679/475 1510/659/454
f 1520/668/463 1512/680/461 1511/679/475
f 1520/668/463 1511/679/475 1519/669/464
f 1521/681/463 1522/676/471 1514/656/451
f 1521/681/463 1514/656/451 1513/666/461
f 1541/682/476 1531/683/462 1529/684/465
f 1541/682/476 1529/684/465 1540/685/477
f 1534/686/462 1536/687/478 1522/676/471
f 1534/686/462 1522/676/471 1521/681/463
f 1607/688/479 1608/689/480 1601/671/466
f 1607/688/479 1601/671/466 1600/673/468
f 1539/690/481 1540/685/477 1529/684/465
f 1539/690/481 1529/684/465 1527/691/482
f 1522/676/471 1536/687/478 1524/692/483
f 1522/676/471 1524/692/483 1515/677/472
f 1608/689/480 1609/693/484 1602/672/467
f 1608/689/480 1602/672/467 1601/671/466
f 1548/694/485 1541/682/476 1540/685/477
f 1548/694/485 1540/685/477 1547/695/486
f 1542/696/476 1543/697/487 1535/698/478
f 1542/696/476 1535/698/478 1532/699/462
f 1614/700/488 1615/701/489 1608/689/480
f 1614/700/488 1608/689/480 1607/688/479
f 1546/702/490 1547/695/486 1540/685/477
f 1546/702/490 1540/685/477 1539/690/481
f 1535/698/478 1543/697/487 1537/703/491
f 1535/698/478 1537/703/491 1523/704/492
f 1615/701/489 1616/705/493 1609/693/484
f 1615/701/489 1609/693/484 1608/689/480
f 1555/706/494 1548/694/485 1547/695/486
f 1555/706/494 1547/695/486 1554/707/495
f 1549/708/485 1550/709/496 1543/697/487
f 1549/708/485 1543/697/487 1542/696/476
f 1621/665/460 1622/664/459 1615/701/489
f 1621/665/460 1615/701/489 1614/700/488
f 1553/710/497 1554/707/495 1547/695/486
f 1553/710/497 1547/695/486 1546/702/490
f 1543/697/487 1550/709/496 1544/711/498
f 1543/697/487 1544/711/498 1537/703/491
f 1622/664/459 1623/712/499 1616/705/493
f 1622/664/459 1616/705/493 1615/701/489
f 1562/713/500 1555/706/494 1554/707/495
f 1562/713/500 1554/707/495 1561/714/501
f 1556/715/494 1557/716/502 1550/709/496
f 1556/715/494 1550/709/496 1549/708/485
f 1559/717/503 1560/718/504 1553/710/497
f 1559/717/503 1553/710/497 1552/719/505
f 1560/718/504 1561/714/501 1554/707/495
f 1560/718/504 1554/707/495 1553/710/497
f 1550/709/496 1557/716/502 1551/720/506
f 1550/709/496 1551/720/506 1544/711/498
f 1558/721/507 1559/717/503 1552/719/505
f 1558/721/507 1552/719/505 1551/720/506
f 1569/722/508 1562/713/500 1561/714/501
f 1569/722/508 1561/714/501 1568/723/509
f 1563/724/500 1564/725/510 1557/716/502
f 1563/724/500 1557/716/502 1556/715/494
f 1566/726/511 1567/727/512 1560/718/504
f 1566/726/511 1560/718/504 1559/717/503
f 1567/727/512 1568/723/509 1561/714/501
f 1567/727/512 1561/714/501 1560/718/504
f 1557/716/502 1564/725/510 1558/721/507
f 1557/716/502 1558/721/507 1551/720/506
f 1565/728/513 1566/726/511 1559/717/503
f 1565/728/513 1559/717/503 1558/721/507
f 1576/729/514 1569/722/508 1568/723/509
f 1576/729/514 1568/723/509 1575/730/515
f 1570/731/508 1571/732/516 1564/725/510
f 1570/731/508 1564/725/510 1563/724/500
f 1574/733/517 1575/730/515 1568/723/509
f 1574/733/517 1568/723/509 1567/727/512
f 1564/725/510 1571/732/516 1565/728/513
f 1564/725/510 1565/728/513 1558/721/507
f 1572/638/433 1573/637/432 1566/726/511
f 1572/638/433 1566/726/511 1565/728/513
f 1583/734/518 1576/729/514 1575/730/515
f 1583/734/518 1575/730/515 1582/735/519
f 1577/736/514 1578/737/520 1571/732/516
f 1577/736/514 1571/732/516 1570/731/508
f 1489/738/521 1490/739/522 1624/740/523
f 1489/738/521 1624/740/523 1623/712/499
f 1581/654/449 1582/735/519 1575/730/515
f 1581/654/449 1575/730/515 1574/733/517
f 1571/732/516 1578/737/520 1572/638/433
f 1571/732/516 1572/638/433 1565/728/513
f 1491/741/443 1625/742/524 1624/740/523
f 1491/741/443 1624/740/523 1490/739/522
f 1591/743/525 1583/734/518 1582/735/519
f 1591/743/525 1582/735/519 1589/744/526
f 1584/745/527 1585/746/528 1578/737/520
f 1584/745/527 1578/737/520 1577/736/514
f 1496/650/445 1497/747/529 1490/739/522
f 1496/650/445 1490/739/522 1489/738/521
f 1588/653/448 1589/744/526 1582/735/519
f 1588/653/448 1582/735/519 1581/654/449
f 1578/737/520 1585/746/528 1579/635/430
f 1578/737/520 1579/635/430 1572/638/433
f 1497/747/529 1498/748/441 1491/741/443
f 1497/747/529 1491/741/443 1490/739/522
f 1598/749/530 1591/743/525 1589/744/526
f 1598/749/530 1589/744/526 1596/750/531
f 1590/751/525 1592/752/532 1585/746/528
f 1590/751/525 1585/746/528 1584/745/527
f 1503/649/444 1504/753/533 1497/747/529
f 1503/649/444 1497/747/529 1496/650/445
f 1595/662/457 1596/750/531 1589/744/526
f 1595/662/457 1589/744/526 1588/653/448
f 1585/746/528 1592/752/532 1586/655/450
f 1585/746/528 1586/655/450 1579/635/430
f 1504/753/533 1505/754/453 1498/748/441
f 1504/753/533 1498/748/441 1497/747/529
f 1605/755/534 1598/749/530 1596/750/531
f 1605/755/534 1596/750/531 1603/756/535
f 1597/757/530 1599/758/536 1592/752/532
f 1597/757/530 1592/752/532 1590/751/525
f 1510/659/454 1511/679/475 1504/753/533
f 1510/659/454 1504/753/533 1503/649/444
f 1602/672/467 1603/756/535 1596/750/531
f 1602/672/467 1596/750/531 1595/662/457
f 1592/752/532 1599/758/536 1593/663/458
f 1592/752/532 1593/663/458 1586/655/450
f 1511/679/475 1512/680/461 1505/754/453
f 1511/679/475 1505/754/453 1504/753/533
f 1611/759/537 1605/755/534 1603/756/535
f 1611/759/537 1603/756/535 1610/760/538
f 1604/761/534 1606/762/539 1599/758/536
f 1604/761/534 1599/758/536 1597/757/530
f 1524/692/483 1526/763/540 1516/678/473
f 1524/692/483 1516/678/473 1515/677/472
f 1609/693/484 1610/760/538 1603/756/535
f 1609/693/484 1603/756/535 1602/672/467
f 1599/758/536 1606/762/539 1600/673/468
f 1599/758/536 1600/673/468 1593/663/458
f 1526/763/540 1528/674/482 1518/675/474
f 1526/763/540 1518/675/474 1516/678/473
f 1618/764/541 1611/759/537 1610/760/538
f 1618/764/541 1610/760/538 1617/765/542
f 1612/766/537 1613/767/543 1606/762/539
f 1612/766/537 1606/762/539 1604/761/534
f 1537/703/491 1538/768/544 1525/769/540
f 1537/703/491 1525/769/540 1523/704/492
f 1616/705/493 1617/765/542 1610/760/538
f 1616/705/493 1610/760/538 1609/693/484
f 1606/762/539 1613/767/543 1607/688/479
f 1606/762/539 1607/688/479 1600/673/468
f 1538/768/544 1539/690/481 1527/691/482
f 1538/768/544 1527/691/482 1525/769/540
f 1625/742/524 1618/764/541 1617/765/542
f 1625/742/524 1617/765/542 1624/740/523
f 1619/770/545 1620/771/546 1613/767/543
f 1619/770/545 1613/767/543 1612/766/537
f 1544/711/498 1545/772/547 1538/768/544
f 1544/711/498 1538/768/544 1537/703/491
f 1623/712/499 1624/740/523 1617/765/542
f 1623/712/499 1617/765/542 1616/705/493
f 1613/767/543 1620/771/546 1614/700/488
f 1613/767/543 1614/700/488 1607/688/479
f 1545/772/547 1546/702/490 1539/690/481
f 1545/772/547 1539/690/481 1538/768/544
f 1573/637/432 1574/733/517 1567/727/512
f 1573/637/432 1567/727/512 1566/726/511
f 1626/773/524 1627/774/548 1620/771/546
f 1626/773/524 1620/771/546 1619/770/545
f 1551/720/506 1552/719/505 1545/772/547
f 1551/720/506 1545/772/547 1544/711/498
f 1489/738/521 1623/712/499 1622/664/459
f 1489/738/521 1622/664/459 1488/641/436
f 1620/771/546 1627/774/548 1621/665/460
f 1620/771/546 1621/665/460 1614/700/488
f 1552/719/505 1553/710/497 1546/702/490
f 1552/719/505 1546/702/490 1545/772/547
f 1500/645/440 1494/639/434 1487/642/437
f 1500/645/440 1487/642/437 1493/647/442
f 1493/647/442 1627/774/548 1626/773/524
f 1493/647/442 1626/773/524 1492/648/443
f 1496/650/445 1489/738/521 1488/641/436
f 1496/650/445 1488/641/436 1495/640/435
f 1580/636/431 1581/654/449 1574/733/517
f 1580/636/431 1574/733/517 1573/637/432
f 1493/647/442 1487/642/437 1621/665/460
f 1493/647/442 1621/665/460 1627/774/548
f 1720/635/549 1713/638/550 1714/637/551
f 1720/635/549 1714/637/551 1721/636/552
f 1635/639/553 1628/642/554 1629/641/555
f 1635/639/553 1629/641/555 1636/640/556
f 1648/643/557 1641/645/558 1635/639/553
f 1648/643/557 1635/639/553 1642/644/559
f 1640/646/560 1633/648/561 1634/647/562
f 1640/646/560 1634/647/562 1641/645/558
f 1644/649/563 1643/651/564 1636/640/556
f 1644/649/563 1636/640/556 1637/650/565
f 1728/652/566 1721/636/552 1722/654/567
f 1728/652/566 1722/654/567 1729/653/568
f 1727/655/569 1720/635/549 1721/636/552
f 1727/655/569 1721/636/552 1728/652/566
f 1642/644/559 1635/639/553 1636/640/556
f 1642/644/559 1636/640/556 1643/651/564
f 1655/656/570 1648/643/557 1642/644/559
f 1655/656/570 1642/644/559 1649/657/571
f 1647/658/572 1640/646/560 1641/645/558
f 1647/658/572 1641/645/558 1648/643/557
f 1651/659/573 1650/660/574 1643/651/564
f 1651/659/573 1643/651/564 1644/649/563
f 1735/661/575 1728/652/566 1729/653/568
f 1735/661/575 1729/653/568 1736/662/576
f 1734/663/577 1727/655/569 1728/652/566
f 1734/663/577 1728/652/566 1735/661/575
f 1649/657/571 1642/644/559 1643/651/564
f 1649/657/571 1643/651/564 1650/660/574
f 1628/642/554 1762/665/578 1763/664/579
f 1628/642/554 1763/664/579 1629/641/555
f 1654/666/580 1647/658/572 1648/643/557
f 1654/666/580 1648/643/557 1655/656/570
f 1674/667/581 1671/670/582 1660/669/583
f 1674/667/581 1660/669/583 1661/668/584
f 1742/671/585 1735/661/575 1736/662/576
f 1742/671/585 1736/662/576 1743/672/586
f 1741/673/587 1734/663/577 1735/661/575
f 1741/673/587 1735/661/575 1742/671/585
f 1669/674/588 1659/675/589 1660/669/583
f 1669/674/588 1660/669/583 1671/670/582
f 1655/656/570 1649/657/571 1656/677/590
f 1655/656/570 1656/677/590 1663/676/591
f 1656/677/590 1649/657/571 1650/660/574
f 1656/677/590 1650/660/574 1657/678/592
f 1657/678/592 1650/660/574 1651/659/573
f 1657/678/592 1651/659/573 1658/675/593
f 1659/675/589 1651/659/573 1652/679/594
f 1659/675/589 1652/679/594 1660/669/583
f 1661/668/584 1660/669/583 1652/679/594
f 1661/668/584 1652/679/594 1653/680/580
f 1662/681/584 1654/666/580 1655/656/570
f 1662/681/584 1655/656/570 1663/676/591
f 1682/682/595 1681/685/596 1670/684/582
f 1682/682/595 1670/684/582 1672/683/597
f 1675/686/581 1662/681/584 1663/676/591
f 1675/686/581 1663/676/591 1677/687/598
f 1748/688/599 1741/673/587 1742/671/585
f 1748/688/599 1742/671/585 1749/689/600
f 1680/690/601 1668/691/602 1670/684/582
f 1680/690/601 1670/684/582 1681/685/596
f 1663/676/591 1656/677/590 1665/692/603
f 1663/676/591 1665/692/603 1677/687/598
f 1749/689/600 1742/671/585 1743/672/586
f 1749/689/600 1743/672/586 1750/693/604
f 1689/694/605 1688/695/606 1681/685/596
f 1689/694/605 1681/685/596 1682/682/595
f 1683/696/595 1673/699/581 1676/698/598
f 1683/696/595 1676/698/598 1684/697/607
f 1755/700/608 1748/688/599 1749/689/600
f 1755/700/608 1749/689/600 1756/701/609
f 1687/702/610 1680/690/601 1681/685/596
f 1687/702/610 1681/685/596 1688/695/606
f 1676/698/598 1664/704/611 1678/703/612
f 1676/698/598 1678/703/612 1684/697/607
f 1756/701/609 1749/689/600 1750/693/604
f 1756/701/609 1750/693/604 1757/705/613
f 1696/706/614 1695/707/615 1688/695/606
f 1696/706/614 1688/695/606 1689/694/605
f 1690/708/605 1683/696/595 1684/697/607
f 1690/708/605 1684/697/607 1691/709/616
f 1762/665/578 1755/700/608 1756/701/609
f 1762/665/578 1756/701/609 1763/664/579
f 1694/710/617 1687/702/610 1688/695/606
f 1694/710/617 1688/695/606 1695/707/615
f 1684/697/607 1678/703/612 1685/711/618
f 1684/697/607 1685/711/618 1691/709/616
f 1763/664/579 1756/701/609 1757/705/613
f 1763/664/579 1757/705/613 1764/712/619
f 1703/713/620 1702/714/621 1695/707/615
f 1703/713/620 1695/707/615 1696/706/614
f 1697/715/614 1690/708/605 1691/709/616
f 1697/715/614 1691/709/616 1698/716/622
f 1700/717/623 1693/719/624 1694/710/617
f 1700/717/623 1694/710/617 1701/718/625
f 1701/718/625 1694/710/617 1695/707/615
f 1701/718/625 1695/707/615 1702/714/621
f 1691/709/616 1685/711/618 1692/720/626
f 1691/709/616 1692/720/626 1698/716/622
f 1699/721/627 1692/720/626 1693/719/624
f 1699/721/627 1693/719/624 1700/717/623
f 1710/722/628 1709/723/629 1702/714/621
f 1710/722/628 1702/714/621 1703/713/620
f 1704/724/620 1697/715/614 1698/716/622
f 1704/724/620 1698/716/622 1705/725/630
f 1707/726/631 1700/717/623 1701/718/625
f 1707/726/631 1701/718/625 1708/727/632
f 1708/727/632 1701/718/625 1702/714/621
f 1708/727/632 1702/714/621 1709/723/629
f 1698/716/622 1692/720/626 1699/721/627
f 1698/716/622 1699/721/627 1705/725/630
f 1706/728/633 1699/721/627 1700/717/623
f 1706/728/633 1700/717/623 1707/726/631
f 1717/729/634 1716/730/635 1709/723/629
f 1717/729/634 1709/723/629 1710/722/628
f 1711/731/628 1704/724/620 1705/725/630
f 1711/731/628 1705/725/630 1712/732/636
f 1715/733/637 1708/727/632 1709/723/629
f 1715/733/637 1709/723/629 1716/730/635
f 1705/725/630 1699/721/627 1706/728/633
f 1705/725/630 1706/728/633 1712/732/636
f 1713/638/550 1706/728/633 1707/726/631
f 1713/638/550 1707/726/631 1714/637/551
f 1724/734/638 1723/735/639 1716/730/635
f 1724/734/638 1716/730/635 1717/729/634
f 1718/736/634 1711/731/628 1712/732/636
f 1718/736/634 1712/732/636 1719/737/640
f 1630/738/641 1764/712/619 1765/740/642
f 1630/738/641 1765/740/642 1631/739/643
f 1722/654/567 1715/733/637 1716/730/635
f 1722/654/567 1716/730/635 1723/735/639
f 1712/732/636 1706/728/633 1713/638/550
f 1712/732/636 1713/638/550 1719/737/640
f 1632/741/561 1631/739/643 1765/740/642
f 1632/741/561 1765/740/642 1766/742/644
f 1732/743/645 1730/744/646 1723/735/639
f 1732/743/645 1723/735/639 1724/734/638
f 1725/745/638 1718/736/634 1719/737/640
f 1725/745/638 1719/737/640 1726/746/647
f 1637/650/565 1630/738/641 1631/739/643
f 1637/650/565 1631/739/643 1638/747/648
f 1729/653/568 1722/654/567 1723/735/639
f 1729/653/568 1723/735/639 1730/744/646
f 1719/737/640 1713/638/550 1720/635/549
f 1719/737/640 1720/635/549 1726/746/647
f 1638/747/648 1631/739/643 1632/741/561
f 1638/747/648 1632/741/561 1639/748/560
f 1739/749/649 1737/750/650 1730/744/646
f 1739/749/649 1730/744/646 1732/743/645
f 1731/751/645 1725/745/638 1726/746/647
f 1731/751/645 1726/746/647 1733/752/651
f 1644/649/563 1637/650/565 1638/747/648
f 1644/649/563 1638/747/648 1645/753/652
f 1736/662/576 1729/653/568 1730/744/646
f 1736/662/576 1730/744/646 1737/750/650
f 1726/746/647 1720/635/549 1727/655/569
f 1726/746/647 1727/655/569 1733/752/651
f 1645/753/652 1638/747/648 1639/748/560
f 1645/753/652 1639/748/560 1646/754/572
f 1746/755/653 1744/756/654 1737/750/650
f 1746/755/653 1737/750/650 1739/749/649
f 1738/757/649 1731/751/645 1733/752/651
f 1738/757/649 1733/752/651 1740/758/655
f 1651/659/573 1644/649/563 1645/753/652
f 1651/659/573 1645/753/652 1652/679/594
f 1743/672/586 1736/662/576 1737/750/650
f 1743/672/586 1737/750/650 1744/756/654
f 1733/752/651 1727/655/569 1734/663/577
f 1733/752/651 1734/663/577 1740/758/655
f 1652/679/594 1645/753/652 1646/754/572
f 1652/679/594 1646/754/572 1653/680/580
f 1752/759/656 1751/760/657 1744/756/654
f 1752/759/656 1744/756/654 1746/755/653
f 1745/761/653 1738/757/649 1740/758/655
f 1745/761/653 1740/758/655 1747/762/658
f 1665/692/603 1656/677/590 1657/678/592
f 1665/692/603 1657/678/592 1667/763/659
f 1750/693/604 1743/672/586 1744/756/654
f 1750/693/604 1744/756/654 1751/760/657
f 1740/758/655 1734/663/577 1741/673/587
f 1740/758/655 1741/673/587 1747/762/658
f 1667/763/659 1657/678/592 1658/675/593
f 1667/763/659 1658/675/593 1669/674/660
f 1759/764/661 1758/765/662 1751/760/657
f 1759/764/661 1751/760/657 1752/759/656
f 1753/766/656 1745/761/653 1747/762/658
f 1753/766/656 1747/762/658 1754/767/663
f 1678/703/612 1664/704/611 1666/769/659
f 1678/703/612 1666/769/659 1679/768/664
f 1757/705/613 1750/693/604 1751/760/657
f 1757/705/613 1751/760/657 1758/765/662
f 1747/762/658 1741/673/587 1748/688/599
f 1747/762/658 1748/688/599 1754/767/663
f 1679/768/664 1666/769/659 1668/691/602
f 1679/768/664 1668/691/602 1680/690/601
f 1766/742/644 1765/740/642 1758/765/662
f 1766/742/644 1758/765/662 1759/764/661
f 1760/770/661 1753/766/656 1754/767/663
f 1760/770/661 1754/767/663 1761/771/665
f 1685/711/618 1678/703/612 1679/768/664
f 1685/711/618 1679/768/664 1686/772/666
f 1764/712/619 1757/705/613 1758/765/662
f 1764/712/619 1758/765/662 1765/740/642
f 1754/767/663 1748/688/599 1755/700/608
f 1754/767/663 1755/700/608 1761/771/665
f 1686/772/666 1679/768/664 1680/690/601
f 1686/772/666 1680/690/601 1687/702/610
f 1714/637/551 1707/726/631 1708/727/632
f 1714/637/551 1708/727/632 1715/733/637
f 1767/773/644 1760/770/661 1761/771/665
f 1767/773/644 1761/771/665 1768/774/667
f 1692/720/626 1685/711/618 1686/772/666
f 1692/720/626 1686/772/666 1693/719/624
f 1630/738/641 1629/641/555 1763/664/579
f 1630/738/641 1763/664/579 1764/712/619
f 1761/771/665 1755/700/608 1762/665/578
f 1761/771/665 1762/665/578 1768/774/667
f 1693/719/624 1686/772/666 1687/702/610
f 1693/719/624 1687/702/610 1694/710/617
f 1641/645/558 1634/647/562 1628/642/554
f 1641/645/558 1628/642/554 1635/639/553
f 1634/647/562 1633/648/561 1767/773/644
f 1634/647/562 1767/773/644 1768/774/667
f 1637/650/565 1636/640/556 1629/641/555
f 1637/650/565 1629/641/555 1630/738/641
f 1721/636/552 1714/637/551 1715/733/637
f 1721/636/552 1715/733/637 1722/654/567
f 1634/647/562 1768/774/667 1762/665/578
f 1634/647/562 1762/665/578 1628/642/554
o Chest_Wood_Lid
v -0.511108 0.884726 -0.632136
v 0.514389 0.884726 -0.632136
v -0.511108 0.439716 -0.365369
v 0.514389 0.439716 -0.365369
v 0.258015 0.884726 -0.632136
v 0.258015 0.884726 -0.632136
v 0.386202 0.884726 -0.632136
v 0.386202 0.884726 -0.632136
v -0.382920 0.439716 -0.365369
v -0.382920 0.439716 -0.365369
v -0.254733 0.439716 -0.365369
v -0.254733 0.439716 -0.365369
v -0.126546 0.439716 -0.365369
v -0.126546 0.439716 -0.365369
v 0.001641 0.439716 -0.365369
v 0.001641 0.439716 -0.365369
v 0.129828 0.439716 -0.365369
v 0.129828 0.439716 -0.365369
v 0.258015 0.439716 -0.365369
v 0.258015 0.439716 -0.365369
v 0.386202 0.439716 -0.365369
v 0.386202 0.439716 -0.365369
v 0.129828 0.884726 -0.632136
v 0.129828 0.884726 -0.632136
v 0.001641 0.884726 -0.632136
v 0.001641 0.884726 -0.632136
v -0.126546 0.884726 -0.632136
v -0.254733 0.884726 -0.632136
v -0.254733 0.884726 -0.632136
v -0.382921 0.884726 -0.632136
v -0.382921 0.884726 -0.632136
v -0.000000 0.920299 -0.706796
v -0.000000 0.920299 -0.706796
v -0.000000 0.906911 -0.727223
v -0.000000 0.906911 -0.727223
v -0.000000 0.906911 -0.727223
v -0.000000 0.906911 -0.727223
v -0.000000 0.641188 -0.729077
v -0.000000 0.641188 -0.729077
v -0.323089 0.920299 -0.706796
v -0.323089 0.920299 -0.706796
v -0.214975 0.920300 -0.706796
v -0.214975 0.920300 -0.706796
v -0.107362 0.920299 -0.706796
v -0.107362 0.920299 -0.706796
v -0.322032 0.906911 -0.727223
v -0.322032 0.906911 -0.727223
v -0.322032 0.906911 -0.727223
v -0.322032 0.906911 -0.727223
v -0.214259 0.906911 -0.727222
v -0.214259 0.906911 -0.727222
v -0.214259 0.906911 -0.727222
v -0.214259 0.906911 -0.727222
v -0.107001 0.906911 -0.727223
v -0.107001 0.906911 -0.727223
v -0.107001 0.906911 -0.727223
v -0.107001 0.906911 -0.727223
v -0.317879 0.641188 -0.729076
v -0.317879 0.641188 -0.729076
v -0.211448 0.641188 -0.729076
v -0.211448 0.641188 -0.729076
v -0.105582 0.641188 -0.729077
v -0.105582 0.641188 -0.729077
v -0.414665 0.641188 -0.729076
v -0.419964 0.906912 -0.727223
v -0.419964 0.906912 -0.727223
v -0.421312 0.920299 -0.706796
v -0.545767 0.655093 -0.547815
v -0.545767 0.826644 -0.650653
v -0.543904 0.641132 -0.571104
v -0.545519 0.824793 -0.653553
v -0.539569 0.599937 -0.639823
v -0.000000 0.718844 -0.727927
v -0.000000 0.718844 -0.727927
v -0.105902 0.718844 -0.727927
v -0.105902 0.718844 -0.727927
v -0.212081 0.718844 -0.727927
v -0.212081 0.718844 -0.727927
v -0.318815 0.718844 -0.727927
v -0.318815 0.718844 -0.727927
v -0.415860 0.718844 -0.727927
v -0.541039 0.665909 -0.643535
v -0.000000 0.840705 -0.727068
v -0.000000 0.840705 -0.727068
v -0.418313 0.840705 -0.727068
v -0.543790 0.769026 -0.649823
v -0.542205 0.626776 -0.595052
v -0.106559 0.840705 -0.727068
v -0.106559 0.840705 -0.727068
v -0.213383 0.840705 -0.727068
v -0.213383 0.840705 -0.727068
v -0.320738 0.840705 -0.727068
v -0.320738 0.840705 -0.727068
v 0.214974 0.920300 -0.706796
v 0.214974 0.920300 -0.706796
v 0.107362 0.920299 -0.706796
v 0.107362 0.920299 -0.706796
v 0.322032 0.906912 -0.727223
v 0.322032 0.906912 -0.727223
v 0.322032 0.906912 -0.727223
v 0.322032 0.906912 -0.727223
v 0.214259 0.906911 -0.727223
v 0.214259 0.906911 -0.727223
v 0.214259 0.906911 -0.727223
v 0.214259 0.906911 -0.727223
v 0.107001 0.906911 -0.727223
v 0.107001 0.906911 -0.727223
v 0.107001 0.906911 -0.727223
v 0.107001 0.906911 -0.727223
v 0.317879 0.641188 -0.729076
v 0.317879 0.641188 -0.729076
v 0.211448 0.641188 -0.729077
v 0.211448 0.641188 -0.729077
v 0.105582 0.641188 -0.729076
v 0.105582 0.641188 -0.729076
v 0.419964 0.906912 -0.727223
v 0.419964 0.906912 -0.727223
v 0.421312 0.920300 -0.706796
v 0.545767 0.655093 -0.547815
v 0.545767 0.826644 -0.650654
v 0.543904 0.641132 -0.571105
v 0.545519 0.824793 -0.653553
v 0.539569 0.599937 -0.639823
v 0.105902 0.718844 -0.727927
v 0.105902 0.718844 -0.727927
v 0.212081 0.718844 -0.727927
v 0.212081 0.718844 -0.727927
v 0.415859 0.718844 -0.727927
v 0.541039 0.665909 -0.643535
v 0.543791 0.769026 -0.649823
v 0.542205 0.626776 -0.595052
v 0.106559 0.840705 -0.727068
v 0.106559 0.840705 -0.727068
v 0.213383 0.840705 -0.727068
v 0.213383 0.840705 -0.727068
v 0.320738 0.840705 -0.727068
v 0.320738 0.840705 -0.727068
v 0.318815 0.718844 -0.727927
v 0.318815 0.718844 -0.727927
v 0.323089 0.920300 -0.706796
v 0.323089 0.920300 -0.706796
v 0.414665 0.641188 -0.729077
v 0.418313 0.840705 -0.727068
v -0.000000 0.389886 -0.388833
v -0.000000 0.389886 -0.388833
v -0.000000 0.378180 -0.410268
v -0.000000 0.378180 -0.410268
v -0.000000 0.378180 -0.410268
v -0.000000 0.378180 -0.410268
v -0.000000 0.501777 -0.645505
v -0.000000 0.501777 -0.645505
v -0.323089 0.389886 -0.388833
v -0.323089 0.389886 -0.388833
v -0.214975 0.389886 -0.388833
v -0.214975 0.389886 -0.388833
v -0.107362 0.389886 -0.388833
v -0.107362 0.389886 -0.388833
v -0.322032 0.378180 -0.410268
v -0.322032 0.378180 -0.410268
v -0.322032 0.378180 -0.410268
v -0.322032 0.378180 -0.410268
v -0.214259 0.378180 -0.410268
v -0.214259 0.378180 -0.410268
v -0.214259 0.378180 -0.410268
v -0.214259 0.378180 -0.410268
v -0.107001 0.378180 -0.410268
v -0.107001 0.378180 -0.410268
v -0.107001 0.378180 -0.410268
v -0.107001 0.378180 -0.410268
v -0.317879 0.501777 -0.645505
v -0.317879 0.501777 -0.645505
v -0.211448 0.501777 -0.645505
v -0.211448 0.501777 -0.645505
v -0.105582 0.501777 -0.645505
v -0.105582 0.501777 -0.645505
v -0.414665 0.501777 -0.645505
v -0.419964 0.378180 -0.410268
v -0.419964 0.378180 -0.410268
v -0.421312 0.389886 -0.388833
v -0.545767 0.483541 -0.444976
v -0.545519 0.481856 -0.447975
v -0.000000 0.466193 -0.576472
v -0.000000 0.466193 -0.576472
v -0.105902 0.466193 -0.576472
v -0.105902 0.466193 -0.576472
v -0.212081 0.466193 -0.576472
v -0.212081 0.466193 -0.576472
v -0.318815 0.466193 -0.576472
v -0.318815 0.466193 -0.576472
v -0.415860 0.466193 -0.576472
v -0.541039 0.565572 -0.583386
v -0.000000 0.409519 -0.468588
v -0.000000 0.409519 -0.468588
v -0.418313 0.409519 -0.468588
v -0.543791 0.511429 -0.495403
v -0.106559 0.409519 -0.468588
v -0.106559 0.409519 -0.468588
v -0.213383 0.409519 -0.468588
v -0.213383 0.409519 -0.468588
v -0.320738 0.409519 -0.468588
v -0.320738 0.409519 -0.468588
v 0.214975 0.389886 -0.388833
v 0.214975 0.389886 -0.388833
v 0.107362 0.389886 -0.388833
v 0.107362 0.389886 -0.388833
v 0.322032 0.378180 -0.410268
v 0.322032 0.378180 -0.410268
v 0.322032 0.378180 -0.410268
v 0.322032 0.378180 -0.410268
v 0.214259 0.378180 -0.410268
v 0.214259 0.378180 -0.410268
v 0.214259 0.378180 -0.410268
v 0.214259 0.378180 -0.410268
v 0.107001 0.378180 -0.410268
v 0.107001 0.378180 -0.410268
v 0.107001 0.378180 -0.410268
v 0.107001 0.378180 -0.410268
v 0.317879 0.501777 -0.645505
v 0.317879 0.501777 -0.645505
v 0.211448 0.501777 -0.645505
v 0.211448 0.501777 -0.645505
v 0.105582 0.501777 -0.645505
v 0.105582 0.501777 -0.645505
v 0.419964 0.378180 -0.410268
v 0.419964 0.378180 -0.410268
v 0.421312 0.389886 -0.388833
v 0.545767 0.483541 -0.444976
v 0.545519 0.481856 -0.447976
v 0.105902 0.466193 -0.576472
v 0.105902 0.466193 -0.576472
v 0.212081 0.466193 -0.576472
v 0.212081 0.466193 -0.576472
v 0.415859 0.466193 -0.576472
v 0.541039 0.565572 -0.583386
v 0.543791 0.511429 -0.495403
v 0.106559 0.409519 -0.468588
v 0.106559 0.409519 -0.468588
v 0.213383 0.409519 -0.468588
v 0.213383 0.409519 -0.468588
v 0.320738 0.409519 -0.468588
v 0.320738 0.409519 -0.468588
v 0.318815 0.466193 -0.576472
v 0.318815 0.466193 -0.576472
v 0.323089 0.389886 -0.388833
v 0.323089 0.389886 -0.388833
v 0.414665 0.501777 -0.645505
v 0.418313 0.409519 -0.468588
v -0.511108 0.502692 -0.463503
v -0.511108 0.605650 -0.563364
v -0.511108 0.522725 -0.490108
v -0.511108 0.549326 -0.518429
v -0.511108 0.578445 -0.544153
v -0.511108 0.631896 -0.579098
v -0.511108 0.768495 -0.622841
v -0.511108 0.661662 -0.594038
v -0.511108 0.698073 -0.607597
v -0.511108 0.735588 -0.617711
v 0.514389 0.768495 -0.622841
v 0.514389 0.631896 -0.579098
v 0.514389 0.735588 -0.617711
v 0.514389 0.698073 -0.607597
v 0.514389 0.661662 -0.594038
v 0.514389 0.605650 -0.563364
v 0.514389 0.502692 -0.463503
v 0.514389 0.578445 -0.544153
v 0.514389 0.549326 -0.518429
v 0.514389 0.522725 -0.490108
v 0.386202 0.502692 -0.463503
v 0.386202 0.502692 -0.463503
v 0.386202 0.605650 -0.563364
v 0.386202 0.605650 -0.563364
v 0.386202 0.522725 -0.490108
v 0.386202 0.522725 -0.490108
v 0.386202 0.549326 -0.518429
v 0.386202 0.549326 -0.518429
v 0.386202 0.578445 -0.544153
v 0.386202 0.578445 -0.544153
v 0.386202 0.631896 -0.579098
v 0.386202 0.631896 -0.579098
v 0.386202 0.768495 -0.622841
v 0.386202 0.768495 -0.622841
v 0.386202 0.661662 -0.594038
v 0.386202 0.661662 -0.594038
v 0.386202 0.698073 -0.607597
v 0.386202 0.698073 -0.607597
v 0.386202 0.735588 -0.617711
v 0.386202 0.735588 -0.617711
v 0.258015 0.502692 -0.463503
v 0.258015 0.502692 -0.463503
v 0.258015 0.605650 -0.563364
v 0.258015 0.522725 -0.490108
v 0.258015 0.549326 -0.518429
v 0.258015 0.578445 -0.544153
v 0.258015 0.631896 -0.579098
v 0.258015 0.631896 -0.579098
v 0.258015 0.768495 -0.622841
v 0.258015 0.768495 -0.622841
v 0.258015 0.661662 -0.594038
v 0.258015 0.698073 -0.607597
v 0.258015 0.735588 -0.617711
v 0.129828 0.502692 -0.463503
v 0.129828 0.502692 -0.463503
v 0.129828 0.605650 -0.563364
v 0.129828 0.522725 -0.490108
v 0.129828 0.549326 -0.518429
v 0.129828 0.578445 -0.544153
v 0.129828 0.631896 -0.579098
v 0.129828 0.631896 -0.579098
v 0.129828 0.768495 -0.622841
v 0.129828 0.768495 -0.622841
v 0.129828 0.661662 -0.594038
v 0.129828 0.698073 -0.607597
v 0.129828 0.735588 -0.617711
v 0.001641 0.502692 -0.463503
v 0.001641 0.502692 -0.463503
v 0.001641 0.605650 -0.563364
v 0.001641 0.605650 -0.563364
v 0.001641 0.522725 -0.490108
v 0.001641 0.549326 -0.518429
v 0.001641 0.578445 -0.544153
v 0.001641 0.631896 -0.579098
v 0.001641 0.631896 -0.579098
v 0.001641 0.768495 -0.622841
v 0.001641 0.768495 -0.622841
v 0.001641 0.661662 -0.594038
v 0.001641 0.698073 -0.607597
v 0.001641 0.735588 -0.617711
v -0.126546 0.502692 -0.463503
v -0.126546 0.502692 -0.463503
v -0.126546 0.605650 -0.563364
v -0.126546 0.605650 -0.563364
v -0.126546 0.522725 -0.490108
v -0.126546 0.549326 -0.518429
v -0.126546 0.578445 -0.544153
v -0.126546 0.631896 -0.579098
v -0.126546 0.631896 -0.579098
v -0.126546 0.768495 -0.622841
v -0.126546 0.768495 -0.622841
v -0.126546 0.661662 -0.594038
v -0.126546 0.698073 -0.607597
v -0.126546 0.735588 -0.617711
v -0.254733 0.502692 -0.463503
v -0.254733 0.502692 -0.463503
v -0.254733 0.605650 -0.563364
v -0.254733 0.605650 -0.563364
v -0.254733 0.522725 -0.490108
v -0.254733 0.522725 -0.490108
v -0.254733 0.549326 -0.518429
v -0.254733 0.549326 -0.518429
v -0.254733 0.578445 -0.544153
v -0.254733 0.578445 -0.544153
v -0.254733 0.631896 -0.579098
v -0.254733 0.631896 -0.579098
v -0.254733 0.768495 -0.622841
v -0.254733 0.768495 -0.622841
v -0.254733 0.661662 -0.594038
v -0.254733 0.661662 -0.594038
v -0.254733 0.698073 -0.607597
v -0.254733 0.698073 -0.607597
v -0.254733 0.735588 -0.617711
v -0.254733 0.735588 -0.617711
v -0.382921 0.768495 -0.622841
v -0.382921 0.768495 -0.622841
v -0.382921 0.631896 -0.579098
v -0.382921 0.631896 -0.579098
v -0.382921 0.735588 -0.617711
v -0.382921 0.735588 -0.617711
v -0.382921 0.698073 -0.607597
v -0.382921 0.698073 -0.607597
v -0.382921 0.661662 -0.594038
v -0.382921 0.661662 -0.594038
v -0.382921 0.605650 -0.563364
v -0.382921 0.605650 -0.563364
v -0.382921 0.502692 -0.463503
v -0.382921 0.502692 -0.463503
v -0.382921 0.578445 -0.544153
v -0.382921 0.578445 -0.544153
v -0.382921 0.549326 -0.518429
v -0.382921 0.549326 -0.518429
v -0.382921 0.522725 -0.490108
v -0.382921 0.522725 -0.490108
v -0.571974 0.978568 -0.643980
v -0.571974 0.978568 -0.643980
v -0.571974 0.978568 -0.643980
v -0.571974 0.978568 -0.643980
v -0.564589 0.930997 -0.714894
v -0.564589 0.930997 -0.714894
v -0.564589 0.930997 -0.714894
v -0.564589 0.930997 -0.714894
v 0.571974 0.978568 -0.643981
v 0.571974 0.978568 -0.643981
v 0.571974 0.978568 -0.643981
v 0.571974 0.978568 -0.643981
v 0.564589 0.930997 -0.714894
v 0.564589 0.930997 -0.714894
v 0.564589 0.930997 -0.714894
v 0.564589 0.930997 -0.714894
v -0.571974 0.417828 -0.307838
v -0.571974 0.417828 -0.307838
v -0.571974 0.417828 -0.307838
v -0.571974 0.417828 -0.307838
v -0.564589 0.377702 -0.383215
v -0.564589 0.377702 -0.383215
v -0.564589 0.377702 -0.383215
v -0.564589 0.377702 -0.383215
v 0.571974 0.417828 -0.307838
v 0.571974 0.417828 -0.307838
v 0.571974 0.417828 -0.307838
v 0.571974 0.417828 -0.307838
v 0.079232 0.417828 -0.307838
v 0.079232 0.417828 -0.307838
v 0.079232 0.417828 -0.307838
v 0.564589 0.377702 -0.383215
v 0.564589 0.377702 -0.383215
v 0.564589 0.377702 -0.383215
v 0.564589 0.377702 -0.383215
v 0.078110 0.377702 -0.383215
v 0.078110 0.377702 -0.383215
v 0.078110 0.377702 -0.383215
v -0.520165 0.899404 -0.695955
v -0.520165 0.899404 -0.695955
v 0.520165 0.899404 -0.695956
v 0.520165 0.899404 -0.695956
v -0.520165 0.409295 -0.402154
v -0.520165 0.409295 -0.402154
v 0.520165 0.409295 -0.402154
v 0.520165 0.409295 -0.402154
v 0.072074 0.409295 -0.402154
v -0.564697 0.931795 -0.713687
v -0.564697 0.931795 -0.713687
v -0.431955 0.931794 -0.713687
v -0.431955 0.931794 -0.713687
v -0.564697 0.826644 -0.650653
v -0.564697 0.826644 -0.650653
v -0.562134 0.911429 -0.744731
v -0.562134 0.911429 -0.744731
v -0.562134 0.911429 -0.744731
v -0.429915 0.911429 -0.744731
v -0.429915 0.911429 -0.744731
v -0.429915 0.911429 -0.744731
v -0.429915 0.911429 -0.744731
v -0.564442 0.824793 -0.653553
v -0.564442 0.824793 -0.653553
v -0.564442 0.824793 -0.653553
v -0.555757 0.638593 -0.742321
v -0.555757 0.638593 -0.742321
v -0.555757 0.638593 -0.742321
v -0.424837 0.638593 -0.742321
v -0.424837 0.638593 -0.742321
v -0.424837 0.638593 -0.742321
v -0.555757 0.564955 -0.698178
v -0.555757 0.564955 -0.698178
v -0.000000 0.641188 -0.729077
v -0.424837 0.564955 -0.698178
v -0.424837 0.564955 -0.698178
v -0.317879 0.641188 -0.729076
v -0.211448 0.641188 -0.729076
v -0.105582 0.641188 -0.729077
v -0.558325 0.599937 -0.639823
v -0.558325 0.599937 -0.639823
v -0.558325 0.599937 -0.639823
v -0.414666 0.571482 -0.687290
v -0.414666 0.571482 -0.687290
v -0.414665 0.641188 -0.729076
v -0.414665 0.641188 -0.729076
v -0.414665 0.641188 -0.729076
v -0.419964 0.906912 -0.727223
v -0.419964 0.906912 -0.727223
v -0.421312 0.920299 -0.706796
v -0.545767 0.826644 -0.650653
v -0.545519 0.824793 -0.653553
v -0.545519 0.824793 -0.653553
v -0.539569 0.599937 -0.639823
v -0.539569 0.599937 -0.639823
v -0.425970 0.718317 -0.742411
v -0.425970 0.718317 -0.742411
v -0.557180 0.718317 -0.742411
v -0.557180 0.718317 -0.742411
v -0.559836 0.665909 -0.643535
v -0.559836 0.665909 -0.643535
v -0.415860 0.718844 -0.727927
v -0.541039 0.665909 -0.643535
v -0.562665 0.769026 -0.649823
v -0.562665 0.769026 -0.649823
v -0.418313 0.840705 -0.727068
v -0.543790 0.769026 -0.649823
v -0.428322 0.843437 -0.743506
v -0.428322 0.843437 -0.743506
v -0.560134 0.843437 -0.743506
v -0.560134 0.843437 -0.743506
v -0.540159 0.931794 -0.713687
v -0.495429 0.877643 -0.772294
v -0.495429 0.877643 -0.772294
v -0.495429 0.877643 -0.772294
v -0.495429 0.877643 -0.772294
v -0.489384 0.679138 -0.772182
v -0.489384 0.679138 -0.772182
v -0.489384 0.679138 -0.772182
v -0.489384 0.679138 -0.772182
v -0.531537 0.564955 -0.698178
v -0.459791 0.931794 -0.713687
v -0.452271 0.564955 -0.698178
v -0.453468 0.718317 -0.742411
v -0.453468 0.718317 -0.742411
v -0.453468 0.718317 -0.742411
v -0.532909 0.718317 -0.742411
v -0.532909 0.718317 -0.742411
v -0.532909 0.718317 -0.742411
v -0.529203 0.638903 -0.743863
v -0.529203 0.638903 -0.743863
v -0.529203 0.638903 -0.743863
v -0.452271 0.638593 -0.742321
v -0.452271 0.638593 -0.742321
v -0.452271 0.638593 -0.742321
v -0.455952 0.843437 -0.743506
v -0.455952 0.843437 -0.743506
v -0.455952 0.843437 -0.743506
v -0.535758 0.843437 -0.743506
v -0.535758 0.843437 -0.743506
v -0.535758 0.843437 -0.743506
v -0.537687 0.911429 -0.744731
v -0.537687 0.911429 -0.744731
v -0.537687 0.911429 -0.744731
v -0.457635 0.911429 -0.744731
v -0.457635 0.911429 -0.744731
v -0.457635 0.911429 -0.744731
v 0.564697 0.931795 -0.713687
v 0.564697 0.931795 -0.713687
v 0.431955 0.931795 -0.713687
v 0.431955 0.931795 -0.713687
v 0.564697 0.826644 -0.650654
v 0.564697 0.826644 -0.650654
v 0.562134 0.911429 -0.744731
v 0.562134 0.911429 -0.744731
v 0.562134 0.911429 -0.744731
v 0.429915 0.911429 -0.744731
v 0.429915 0.911429 -0.744731
v 0.429915 0.911429 -0.744731
v 0.429915 0.911429 -0.744731
v 0.564442 0.824793 -0.653553
v 0.564442 0.824793 -0.653553
v 0.564442 0.824793 -0.653553
v 0.555757 0.638593 -0.742321
v 0.555757 0.638593 -0.742321
v 0.555757 0.638593 -0.742321
v 0.424837 0.638593 -0.742321
v 0.424837 0.638593 -0.742321
v 0.424837 0.638593 -0.742321
v 0.555757 0.564956 -0.698178
v 0.555757 0.564956 -0.698178
v 0.424837 0.564956 -0.698178
v 0.424837 0.564956 -0.698178
v 0.317879 0.641188 -0.729076
v 0.211448 0.641188 -0.729077
v 0.105582 0.641188 -0.729076
v 0.558325 0.599937 -0.639823
v 0.558325 0.599937 -0.639823
v 0.558325 0.599937 -0.639823
v 0.414666 0.571482 -0.687291
v 0.414666 0.571482 -0.687291
v 0.419964 0.906912 -0.727223
v 0.419964 0.906912 -0.727223
v 0.421312 0.920300 -0.706796
v 0.545767 0.826644 -0.650654
v 0.545519 0.824793 -0.653553
v 0.545519 0.824793 -0.653553
v 0.539569 0.599937 -0.639823
v 0.539569 0.599937 -0.639823
v 0.425970 0.718317 -0.742411
v 0.425970 0.718317 -0.742411
v 0.557180 0.718317 -0.742411
v 0.557180 0.718317 -0.742411
v 0.559836 0.665909 -0.643535
v 0.559836 0.665909 -0.643535
v 0.415859 0.718844 -0.727927
v 0.541039 0.665909 -0.643535
v 0.562665 0.769026 -0.649823
v 0.562665 0.769026 -0.649823
v 0.543791 0.769026 -0.649823
v 0.428322 0.843437 -0.743506
v 0.428322 0.843437 -0.743506
v 0.560134 0.843437 -0.743506
v 0.560134 0.843437 -0.743506
v 0.540159 0.931795 -0.713687
v 0.495429 0.877643 -0.772294
v 0.495429 0.877643 -0.772294
v 0.495429 0.877643 -0.772294
v 0.495429 0.877643 -0.772294
v 0.491718 0.678828 -0.770640
v 0.491718 0.678828 -0.770640
v 0.491718 0.678828 -0.770640
v 0.491718 0.678828 -0.770640
v 0.531536 0.564956 -0.698178
v 0.459791 0.931794 -0.713687
v 0.452271 0.564956 -0.698178
v 0.453468 0.718317 -0.742411
v 0.453468 0.718317 -0.742411
v 0.453468 0.718317 -0.742411
v 0.532909 0.718317 -0.742411
v 0.532909 0.718317 -0.742411
v 0.532909 0.718317 -0.742411
v 0.531537 0.638593 -0.742321
v 0.531537 0.638593 -0.742321
v 0.531537 0.638593 -0.742321
v 0.452271 0.638593 -0.742321
v 0.452271 0.638593 -0.742321
v 0.452271 0.638593 -0.742321
v 0.455952 0.843437 -0.743506
v 0.455952 0.843437 -0.743506
v 0.455952 0.843437 -0.743506
v 0.535758 0.843437 -0.743506
v 0.535758 0.843437 -0.743506
v 0.535758 0.843437 -0.743506
v 0.537687 0.911429 -0.744731
v 0.537687 0.911429 -0.744731
v 0.537687 0.911429 -0.744731
v 0.457635 0.911429 -0.744731
v 0.457635 0.911429 -0.744731
v 0.457635 0.911429 -0.744731
v -0.108320 0.621997 -0.726072
v -0.000000 0.621997 -0.726072
v -0.108320 0.567734 -0.693543
v -0.000000 0.567734 -0.693543
v -0.326187 0.621997 -0.726072
v -0.216946 0.621998 -0.726072
v -0.326187 0.567734 -0.693543
v -0.216946 0.567734 -0.693543
v -0.425570 0.621997 -0.726072
v -0.425570 0.621997 -0.726072
v -0.425570 0.567734 -0.693543
v -0.425570 0.567734 -0.693543
v 0.108320 0.621997 -0.726072
v 0.108320 0.567734 -0.693543
v 0.326187 0.621998 -0.726072
v 0.216946 0.621998 -0.726072
v 0.326187 0.567734 -0.693543
v 0.216946 0.567734 -0.693543
v 0.425570 0.621998 -0.726072
v 0.425570 0.621998 -0.726072
v 0.425570 0.567734 -0.693543
v 0.425570 0.567734 -0.693543
v 0.414665 0.641188 -0.729077
v 0.414665 0.641188 -0.729077
v 0.414665 0.641188 -0.729077
v 0.418313 0.840705 -0.727068
v -0.564697 0.378391 -0.381942
v -0.564697 0.378391 -0.381942
v -0.431955 0.378391 -0.381942
v -0.431955 0.378391 -0.381942
v -0.564697 0.483541 -0.444976
v -0.564697 0.483541 -0.444976
v -0.562134 0.360609 -0.414535
v -0.562134 0.360609 -0.414535
v -0.562134 0.360609 -0.414535
v -0.429915 0.360609 -0.414535
v -0.429915 0.360609 -0.414535
v -0.429915 0.360609 -0.414535
v -0.429915 0.360609 -0.414535
v -0.564442 0.481856 -0.447975
v -0.564442 0.481856 -0.447975
v -0.564442 0.481856 -0.447975
v -0.555757 0.491318 -0.654036
v -0.555757 0.491318 -0.654036
v -0.555757 0.491318 -0.654036
v -0.424837 0.491318 -0.654036
v -0.424837 0.491318 -0.654036
v -0.424837 0.491318 -0.654036
v -0.000000 0.501777 -0.645505
v -0.317879 0.501777 -0.645505
v -0.211448 0.501777 -0.645505
v -0.105582 0.501777 -0.645505
v -0.414665 0.501777 -0.645505
v -0.414665 0.501777 -0.645505
v -0.414665 0.501777 -0.645505
v -0.419964 0.378180 -0.410268
v -0.419964 0.378180 -0.410268
v -0.421312 0.389886 -0.388833
v -0.545767 0.483541 -0.444976
v -0.545519 0.481856 -0.447975
v -0.545519 0.481856 -0.447975
v -0.425970 0.453666 -0.583763
v -0.425970 0.453666 -0.583763
v -0.557180 0.453666 -0.583763
v -0.557180 0.453666 -0.583763
v -0.559836 0.565572 -0.583386
v -0.559836 0.565572 -0.583386
v -0.415860 0.466193 -0.576472
v -0.541039 0.565572 -0.583386
v -0.562665 0.511428 -0.495403
v -0.562665 0.511428 -0.495403
v -0.418313 0.409519 -0.468588
v -0.543791 0.511429 -0.495403
v -0.428322 0.393733 -0.473925
v -0.428322 0.393733 -0.473925
v -0.560134 0.393733 -0.473925
v -0.560134 0.393733 -0.473925
v -0.540159 0.378391 -0.381942
v -0.495429 0.352222 -0.457324
v -0.495429 0.352222 -0.457324
v -0.495429 0.352222 -0.457324
v -0.495429 0.352222 -0.457324
v -0.491718 0.447379 -0.631895
v -0.491718 0.447379 -0.631895
v -0.491718 0.447379 -0.631895
v -0.491718 0.447379 -0.631895
v -0.459791 0.378391 -0.381942
v -0.453468 0.453666 -0.583763
v -0.453468 0.453666 -0.583763
v -0.453468 0.453666 -0.583763
v -0.532909 0.453666 -0.583763
v -0.532909 0.453666 -0.583763
v -0.532909 0.453666 -0.583763
v -0.531537 0.491318 -0.654036
v -0.531537 0.491318 -0.654036
v -0.531537 0.491318 -0.654036
v -0.452271 0.491318 -0.654036
v -0.452271 0.491318 -0.654036
v -0.452271 0.491318 -0.654036
v -0.455952 0.393733 -0.473925
v -0.455952 0.393733 -0.473925
v -0.455952 0.393733 -0.473925
v -0.535758 0.393733 -0.473925
v -0.535758 0.393733 -0.473925
v -0.535758 0.393733 -0.473925
v -0.537687 0.360609 -0.414535
v -0.537687 0.360609 -0.414535
v -0.537687 0.360609 -0.414535
v -0.457636 0.360609 -0.414535
v -0.457636 0.360609 -0.414535
v -0.457636 0.360609 -0.414535
v 0.564697 0.378391 -0.381943
v 0.564697 0.378391 -0.381943
v 0.431955 0.378391 -0.381943
v 0.431955 0.378391 -0.381943
v 0.564697 0.483541 -0.444976
v 0.564697 0.483541 -0.444976
v 0.562134 0.360609 -0.414535
v 0.562134 0.360609 -0.414535
v 0.562134 0.360609 -0.414535
v 0.429915 0.360609 -0.414535
v 0.429915 0.360609 -0.414535
v 0.429915 0.360609 -0.414535
v 0.429915 0.360609 -0.414535
v 0.564442 0.481856 -0.447976
v 0.564442 0.481856 -0.447976
v 0.564442 0.481856 -0.447976
v 0.555757 0.491319 -0.654036
v 0.555757 0.491319 -0.654036
v 0.555757 0.491319 -0.654036
v 0.424837 0.491319 -0.654036
v 0.424837 0.491319 -0.654036
v 0.424837 0.491319 -0.654036
v 0.317879 0.501777 -0.645505
v 0.211448 0.501777 -0.645505
v 0.105582 0.501777 -0.645505
v 0.419964 0.378180 -0.410268
v 0.419964 0.378180 -0.410268
v 0.421312 0.389886 -0.388833
v 0.545767 0.483541 -0.444976
v 0.545519 0.481856 -0.447976
v 0.545519 0.481856 -0.447976
v 0.425970 0.453666 -0.583763
v 0.425970 0.453666 -0.583763
v 0.557180 0.453666 -0.583763
v 0.557180 0.453666 -0.583763
v 0.559836 0.565572 -0.583386
v 0.559836 0.565572 -0.583386
v 0.415859 0.466193 -0.576472
v 0.541039 0.565572 -0.583386
v 0.562665 0.511429 -0.495403
v 0.562665 0.511429 -0.495403
v 0.543791 0.511429 -0.495403
v 0.428322 0.393733 -0.473925
v 0.428322 0.393733 -0.473925
v 0.560134 0.393733 -0.473925
v 0.560134 0.393733 -0.473925
v 0.540159 0.378391 -0.381943
v 0.495429 0.352222 -0.457324
v 0.495429 0.352222 -0.457324
v 0.495429 0.352222 -0.457324
v 0.495429 0.352222 -0.457324
v 0.491718 0.447379 -0.631895
v 0.491718 0.447379 -0.631895
v 0.491718 0.447379 -0.631895
v 0.491718 0.447379 -0.631895
v 0.459791 0.378391 -0.381943
v 0.453468 0.453666 -0.583763
v 0.453468 0.453666 -0.583763
v 0.453468 0.453666 -0.583763
v 0.532909 0.453666 -0.583763
v 0.532909 0.453666 -0.583763
v 0.532909 0.453666 -0.583763
v 0.531537 0.491319 -0.654036
v 0.531537 0.491319 -0.654036
v 0.531537 0.491319 -0.654036
v 0.452271 0.491319 -0.654036
v 0.452271 0.491319 -0.654036
v 0.452271 0.491319 -0.654036
v 0.455952 0.393733 -0.473925
v 0.455952 0.393733 -0.473925
v 0.455952 0.393733 -0.473925
v 0.535758 0.393733 -0.473925
v 0.535758 0.393733 -0.473925
v 0.535758 0.393733 -0.473925
v 0.537687 0.360609 -0.414535
v 0.537687 0.360609 -0.414535
v 0.537687 0.360609 -0.414535
v 0.457636 0.360609 -0.414535
v 0.457636 0.360609 -0.414535
v 0.457636 0.360609 -0.414535
v -0.108320 0.513471 -0.661014
v -0.000000 0.513471 -0.661014
v -0.326187 0.513471 -0.661014
v -0.216946 0.513471 -0.661014
v -0.425570 0.513471 -0.661014
v -0.425570 0.513471 -0.661014
v 0.108320 0.513471 -0.661014
v 0.326187 0.513471 -0.661014
v 0.216946 0.513471 -0.661014
v 0.425570 0.513471 -0.661014
v 0.425570 0.513471 -0.661014
v 0.414665 0.501777 -0.645505
v 0.414665 0.501777 -0.645505
v 0.414665 0.501777 -0.645505
v 0.418313 0.409519 -0.468588
v 0.038519 0.399184 -0.310674
v 0.038519 0.399184 -0.310674
v 0.038519 0.399184 -0.310674
v 0.060058 0.364382 -0.377434
v 0.060058 0.364382 -0.377434
v 0.060058 0.364382 -0.377434
v 0.042793 0.429110 -0.315419
v 0.042793 0.429110 -0.315419
v 0.067177 0.393064 -0.384564
v 0.067177 0.393064 -0.384564
v -0.000000 0.404399 -0.300671
v -0.000000 0.404399 -0.300671
v -0.000000 0.351396 -0.402345
v -0.000000 0.351396 -0.402345
v -0.000000 0.378572 -0.412363
v 0.028999 0.387226 -0.395763
v 0.028999 0.387226 -0.395763
v 0.025459 0.359427 -0.386939
v 0.025459 0.359427 -0.386939
v 0.025459 0.359427 -0.386939
v 0.045880 0.372440 -0.361976
v 0.045880 0.372440 -0.361976
v 0.050567 0.402034 -0.367357
v -0.000000 0.372440 -0.361976
v 0.034554 0.372440 -0.361976
v 0.033542 0.429110 -0.315419
v 0.033542 0.429110 -0.315419
v 0.050592 0.388204 -0.393886
v 0.029760 0.399184 -0.310674
v 0.029760 0.399184 -0.310674
v 0.029760 0.399184 -0.310674
v 0.045903 0.360356 -0.385156
v 0.045903 0.360356 -0.385156
v 0.040459 0.386615 -0.396935
v 0.036310 0.358869 -0.388009
v 0.036310 0.358869 -0.388009
v 0.028916 0.432611 -0.308703
v 0.028916 0.432611 -0.308703
v 0.025381 0.404399 -0.300671
v 0.025381 0.404399 -0.300671
v 0.025381 0.404399 -0.300671
v 0.017348 0.354440 -0.396506
v 0.017348 0.354440 -0.396506
v 0.007952 0.351930 -0.401321
v 0.007952 0.351930 -0.401321
v 0.010507 0.379327 -0.410915
v 0.020432 0.381971 -0.405843
v 0.014763 0.404399 -0.300671
v 0.014763 0.404399 -0.300671
v 0.015148 0.372440 -0.361976
v 0.053141 0.367379 -0.371685
v 0.053141 0.367379 -0.371685
v 0.058236 0.396702 -0.377585
v 0.044324 0.415022 -0.342442
v 0.039969 0.385812 -0.336325
v 0.039969 0.385812 -0.336325
v -0.000000 0.385812 -0.336325
v 0.029927 0.385812 -0.336325
v 0.012725 0.385812 -0.336325
v 0.053554 0.399368 -0.372471
v 0.048647 0.369910 -0.366831
v 0.048647 0.369910 -0.366831
v -0.038519 0.399184 -0.310674
v -0.038519 0.399184 -0.310674
v -0.038519 0.399184 -0.310674
v -0.060058 0.364382 -0.377434
v -0.060058 0.364382 -0.377434
v -0.060058 0.364382 -0.377434
v -0.042793 0.429110 -0.315419
v -0.042793 0.429110 -0.315419
v -0.067177 0.393064 -0.384564
v -0.067177 0.393064 -0.384564
v -0.028999 0.387226 -0.395763
v -0.028999 0.387226 -0.395763
v -0.025459 0.359427 -0.386939
v -0.025459 0.359427 -0.386939
v -0.025459 0.359427 -0.386939
v -0.045880 0.372440 -0.361976
v -0.045880 0.372440 -0.361976
v -0.050567 0.402034 -0.367357
v -0.034554 0.372440 -0.361976
v -0.033542 0.429110 -0.315419
v -0.033542 0.429110 -0.315419
v -0.050592 0.388204 -0.393886
v -0.029760 0.399184 -0.310674
v -0.029760 0.399184 -0.310674
v -0.029760 0.399184 -0.310674
v -0.045903 0.360356 -0.385156
v -0.045903 0.360356 -0.385156
v -0.040460 0.386614 -0.396935
v -0.036310 0.358869 -0.388009
v -0.036310 0.358869 -0.388009
v -0.028916 0.432611 -0.308703
v -0.028916 0.432611 -0.308703
v -0.025381 0.404399 -0.300671
v -0.025381 0.404399 -0.300671
v -0.025381 0.404399 -0.300671
v -0.017348 0.354440 -0.396506
v -0.017348 0.354440 -0.396506
v -0.007952 0.351930 -0.401321
v -0.007952 0.351930 -0.401321
v -0.010507 0.379327 -0.410915
v -0.020432 0.381971 -0.405843
v -0.014763 0.404399 -0.300671
v -0.014763 0.404399 -0.300671
v -0.015148 0.372440 -0.361976
v -0.053141 0.367379 -0.371685
v -0.053141 0.367379 -0.371685
v -0.058236 0.396702 -0.377585
v -0.044324 0.415022 -0.342442
v -0.039969 0.385812 -0.336325
v -0.039969 0.385812 -0.336325
v -0.029927 0.385812 -0.336325
v -0.012725 0.385812 -0.336325
v -0.053554 0.399368 -0.372471
v -0.048647 0.369910 -0.366831
v -0.048647 0.369910 -0.366831
v 0.041752 0.379126 -0.349151
v 0.041752 0.379126 -0.349151
v 0.046149 0.408528 -0.354900
v -0.041752 0.379126 -0.349151
v -0.041752 0.379126 -0.349151
v -0.046149 0.408528 -0.354900
v -0.000000 0.432611 -0.308703
v 0.014495 0.432611 -0.308703
v -0.013605 0.434420 -0.309218
v -0.517066 0.913049 -0.604705
v -0.517066 0.913049 -0.604705
v -0.517066 0.913049 -0.604705
v -0.517066 0.913049 -0.604705
v 0.520026 0.913049 -0.604705
v 0.520026 0.913049 -0.604705
v 0.520026 0.913049 -0.604705
v 0.520026 0.913049 -0.604705
v -0.517066 0.461507 -0.334022
v -0.517066 0.461507 -0.334022
v -0.517066 0.461507 -0.334022
v -0.517066 0.461507 -0.334022
v 0.520026 0.461507 -0.334022
v 0.520026 0.461507 -0.334022
v 0.520026 0.461507 -0.334022
v 0.520026 0.461507 -0.334022
v 0.073311 0.461507 -0.334022
v 0.073311 0.461507 -0.334022
v -0.502451 0.808814 -0.695262
v -0.502451 0.808814 -0.695262
v 0.506200 0.808814 -0.695262
v 0.506200 0.808814 -0.695262
v -0.502451 0.418513 -0.461291
v -0.502451 0.418513 -0.461291
v 0.506200 0.418513 -0.461292
v 0.506200 0.418513 -0.461292
v 0.071735 0.418513 -0.461291
v -0.079424 1.049862 -0.604979
v -0.079424 1.049862 -0.604979
v -0.079424 1.049862 -0.604979
v -0.093252 1.005482 -0.562252
v -0.093252 1.005482 -0.562252
v -0.093252 1.005482 -0.562252
v 0.079990 1.049862 -0.604979
v 0.079990 1.049862 -0.604979
v 0.079990 1.049862 -0.604979
v 0.093818 1.005482 -0.562252
v 0.093818 1.005482 -0.562252
v 0.093818 1.005482 -0.562252
v -0.069121 1.044564 -0.613816
v -0.069121 1.044564 -0.613816
v -0.069121 1.044564 -0.613816
v 0.069686 1.044564 -0.613816
v 0.069686 1.044564 -0.613816
v 0.069686 1.044564 -0.613816
v -0.062071 1.036172 -0.617004
v -0.062071 1.036172 -0.617004
v -0.062071 1.036172 -0.617004
v 0.062636 1.036172 -0.617004
v 0.062636 1.036172 -0.617004
v 0.062636 1.036172 -0.617004
v -0.031063 1.037000 -0.615622
v -0.031063 1.037000 -0.615622
v -0.031063 1.037000 -0.615622
v 0.031628 1.037000 -0.615622
v 0.031628 1.037000 -0.615622
v 0.031628 1.037000 -0.615622
v -0.004695 1.008381 -0.639667
v -0.004695 1.008381 -0.639667
v -0.004695 1.008381 -0.639667
v 0.005261 1.008381 -0.639667
v 0.005261 1.008381 -0.639667
v 0.005261 1.008381 -0.639667
v 0.014107 1.022231 -0.616563
v 0.014107 1.022231 -0.616563
v 0.014107 1.022231 -0.616563
v -0.013541 1.022231 -0.616563
v -0.013541 1.022231 -0.616563
v -0.013541 1.022231 -0.616563
v -0.079424 1.024190 -0.647802
v -0.079424 1.024190 -0.647802
v -0.093252 0.972700 -0.616936
v -0.093252 0.972700 -0.616936
v 0.093818 0.972700 -0.616936
v 0.093818 0.972700 -0.616936
v 0.079990 1.024190 -0.647802
v 0.079990 1.024190 -0.647802
v -0.069121 1.024190 -0.647802
v -0.069121 1.024190 -0.647802
v 0.069686 1.024190 -0.647802
v 0.069686 1.024190 -0.647802
v -0.062071 1.019423 -0.644944
v -0.062071 1.019423 -0.644944
v 0.062636 1.019423 -0.644944
v 0.062636 1.019423 -0.644944
v -0.015309 1.019953 -0.644059
v -0.015309 1.019953 -0.644059
v -0.015309 1.019953 -0.644059
v 0.015874 1.019953 -0.644059
v 0.015874 1.019953 -0.644059
v 0.015874 1.019953 -0.644059
v 0.052553 1.015657 -0.545277
v 0.052553 1.015657 -0.545277
v 0.052553 1.015657 -0.545277
v -0.051988 1.015657 -0.545277
v -0.051988 1.015657 -0.545277
v -0.051988 1.015657 -0.545277
v -0.044260 1.060037 -0.588004
v -0.044260 1.060037 -0.588004
v -0.044260 1.060037 -0.588004
v 0.044825 1.060037 -0.588004
v 0.044825 1.060037 -0.588004
v 0.044825 1.060037 -0.588004
v -0.037781 1.053398 -0.599079
v -0.037781 1.053398 -0.599079
v -0.037781 1.053398 -0.599079
v 0.038347 1.053398 -0.599079
v 0.038347 1.053398 -0.599079
v 0.038347 1.053398 -0.599079
v -0.033915 1.044167 -0.603667
v -0.033915 1.044167 -0.603667
v -0.033915 1.044167 -0.603667
v 0.034480 1.044167 -0.603667
v 0.034480 1.044167 -0.603667
v 0.034480 1.044167 -0.603667
v -0.010166 1.037000 -0.615622
v -0.010166 1.037000 -0.615622
v 0.010731 1.037000 -0.615622
v 0.010731 1.037000 -0.615622
v -0.004325 1.022231 -0.616563
v -0.004325 1.022231 -0.616563
v 0.004891 1.022231 -0.616563
v 0.004891 1.022231 -0.616563
v -0.001377 1.008381 -0.639667
v 0.001942 1.008381 -0.639667
v -0.004695 1.003518 -0.647779
v -0.004695 1.003518 -0.647779
v 0.005261 1.003518 -0.647779
v 0.005261 1.003518 -0.647779
v 0.062636 1.013968 -0.654044
v 0.062636 1.013968 -0.654044
v 0.015874 1.013968 -0.654044
v 0.015874 1.013968 -0.654044
v -0.062071 1.013968 -0.654044
v -0.062071 1.013968 -0.654044
v -0.015309 1.013968 -0.654044
v -0.015309 1.013968 -0.654044
v -0.069121 1.018736 -0.656902
v -0.069121 1.018736 -0.656902
v 0.069686 1.018736 -0.656902
v 0.069686 1.018736 -0.656902
v -0.079424 1.018736 -0.656902
v -0.079424 1.018736 -0.656902
v 0.079990 1.018736 -0.656902
v 0.079990 1.018736 -0.656902
v 0.093818 0.967246 -0.626035
v 0.093818 0.967246 -0.626035
v -0.093252 0.967246 -0.626035
v -0.093252 0.967246 -0.626035
v 0.001942 1.003518 -0.647779
v -0.001377 1.003518 -0.647779
v -0.079424 0.987610 -0.708825
v -0.079424 0.987610 -0.708825
v -0.079424 0.987610 -0.708825
v -0.093252 0.929010 -0.689819
v -0.093252 0.929010 -0.689819
v -0.093252 0.929010 -0.689819
v 0.079990 0.987610 -0.708825
v 0.079990 0.987610 -0.708825
v 0.079990 0.987610 -0.708825
v 0.093818 0.929010 -0.689819
v 0.093818 0.929010 -0.689819
v 0.093818 0.929010 -0.689819
v -0.069121 0.992907 -0.699988
v -0.069121 0.992907 -0.699988
v -0.069121 0.992907 -0.699988
v 0.069686 0.992907 -0.699988
v 0.069686 0.992907 -0.699988
v 0.069686 0.992907 -0.699988
v -0.062071 0.991764 -0.691083
v -0.062071 0.991764 -0.691083
v -0.062071 0.991764 -0.691083
v 0.062636 0.991764 -0.691083
v 0.062636 0.991764 -0.691083
v 0.062636 0.991764 -0.691083
v -0.031063 0.990936 -0.692465
v -0.031063 0.990936 -0.692465
v -0.031063 0.990936 -0.692465
v 0.031628 0.990936 -0.692465
v 0.031628 0.990936 -0.692465
v 0.031628 0.990936 -0.692465
v -0.004695 0.998655 -0.655891
v -0.004695 0.998655 -0.655891
v -0.004695 0.998655 -0.655891
v 0.005261 0.998655 -0.655891
v 0.005261 0.998655 -0.655891
v 0.005261 0.998655 -0.655891
v 0.014107 0.984805 -0.678995
v 0.014107 0.984805 -0.678995
v 0.014107 0.984805 -0.678995
v -0.013541 0.984805 -0.678995
v -0.013541 0.984805 -0.678995
v -0.013541 0.984805 -0.678995
v -0.079424 1.013281 -0.666001
v -0.079424 1.013281 -0.666001
v -0.093252 0.961791 -0.635135
v -0.093252 0.961791 -0.635135
v 0.093818 0.961791 -0.635135
v 0.093818 0.961791 -0.635135
v 0.079990 1.013281 -0.666001
v 0.079990 1.013281 -0.666001
v -0.069121 1.013281 -0.666001
v -0.069121 1.013281 -0.666001
v 0.069686 1.013281 -0.666001
v 0.069686 1.013281 -0.666001
v -0.062071 1.008513 -0.663143
v -0.062071 1.008513 -0.663143
v 0.062636 1.008513 -0.663143
v 0.062636 1.008513 -0.663143
v -0.015309 1.007983 -0.664028
v -0.015309 1.007983 -0.664028
v -0.015309 1.007983 -0.664028
v 0.015874 1.007983 -0.664028
v 0.015874 1.007983 -0.664028
v 0.015874 1.007983 -0.664028
v 0.052553 0.918834 -0.706794
v 0.052553 0.918834 -0.706794
v 0.052553 0.918834 -0.706794
v -0.051988 0.918834 -0.706794
v -0.051988 0.918834 -0.706794
v -0.051988 0.918834 -0.706794
v -0.044260 0.977434 -0.725800
v -0.044260 0.977434 -0.725800
v -0.044260 0.977434 -0.725800
v 0.044825 0.977434 -0.725800
v 0.044825 0.977434 -0.725800
v 0.044825 0.977434 -0.725800
v -0.037781 0.984073 -0.714724
v -0.037781 0.984073 -0.714724
v -0.037781 0.984073 -0.714724
v 0.038347 0.984073 -0.714724
v 0.038347 0.984073 -0.714724
v 0.038347 0.984073 -0.714724
v -0.033915 0.983769 -0.704420
v -0.033915 0.983769 -0.704420
v -0.033915 0.983769 -0.704420
v 0.034480 0.983769 -0.704420
v 0.034480 0.983769 -0.704420
v 0.034480 0.983769 -0.704420
v -0.010166 0.990936 -0.692465
v -0.010166 0.990936 -0.692465
v 0.010731 0.990936 -0.692465
v 0.010731 0.990936 -0.692465
v -0.004325 0.984805 -0.678995
v -0.004325 0.984805 -0.678995
v 0.004891 0.984805 -0.678995
v 0.004891 0.984805 -0.678995
v -0.001377 0.998655 -0.655891
v 0.001942 0.998655 -0.655891
v 0.215740 0.626990 -0.713249
v 0.276536 0.626850 -0.713247
v 0.105777 0.918622 -0.706146
v 0.105777 0.837247 -0.725490
v 0.105777 0.837247 -0.725490
v 0.216029 0.751706 -0.724332
v 0.216029 0.751706 -0.724332
v 0.139480 0.816649 -0.725211
v 0.168839 0.922660 -0.707479
v 0.172677 0.873389 -0.725979
v 0.172677 0.873389 -0.725979
v 0.276788 0.788175 -0.724760
v 0.276788 0.788175 -0.724760
v 0.195371 0.853046 -0.725688
v 0.113966 0.927830 -0.712011
v 0.113966 0.927830 -0.712011
v 0.161784 0.927830 -0.712011
v 0.161784 0.927830 -0.712011
v 0.223933 0.628887 -0.725055
v 0.223933 0.628887 -0.725055
v 0.265643 0.628786 -0.725054
v 0.265643 0.628786 -0.725054
v 0.138946 0.833674 -0.737992
v 0.138946 0.833674 -0.737992
v 0.113972 0.848938 -0.738139
v 0.113972 0.848938 -0.738139
v 0.113972 0.848938 -0.738139
v 0.224240 0.761307 -0.737421
v 0.224240 0.761307 -0.737421
v 0.224240 0.761307 -0.737421
v 0.194853 0.834656 -0.737785
v 0.194853 0.834656 -0.737785
v 0.161790 0.861332 -0.738002
v 0.161790 0.861332 -0.738002
v 0.161790 0.861332 -0.738002
v 0.265508 0.775979 -0.737317
v 0.265508 0.775979 -0.737317
v 0.265508 0.775979 -0.737317
v 0.276536 0.641360 -0.722838
v 0.265639 0.643818 -0.736858
v 0.265639 0.643818 -0.736858
v 0.265639 0.643818 -0.736858
v 0.215785 0.641536 -0.722840
v 0.223976 0.643946 -0.737015
v 0.223976 0.643946 -0.737015
v 0.223976 0.643946 -0.737015
v 0.105777 0.905829 -0.726592
v 0.105777 0.905829 -0.726592
v 0.172677 0.906683 -0.727104
v 0.172677 0.906683 -0.727104
v 0.113953 0.908875 -0.738347
v 0.113953 0.908875 -0.738347
v 0.113953 0.908875 -0.738347
v 0.113953 0.908875 -0.738347
v 0.161779 0.910018 -0.738171
v 0.161779 0.910018 -0.738171
v 0.161779 0.910018 -0.738171
v 0.161779 0.910018 -0.738171
v -0.215175 0.626990 -0.713249
v -0.275970 0.626850 -0.713247
v -0.105212 0.918622 -0.706146
v -0.105212 0.837247 -0.725490
v -0.105212 0.837247 -0.725490
v -0.215463 0.751706 -0.724332
v -0.215463 0.751706 -0.724332
v -0.138915 0.816649 -0.725211
v -0.168274 0.922660 -0.707479
v -0.172112 0.873389 -0.725979
v -0.172112 0.873389 -0.725979
v -0.276223 0.788175 -0.724760
v -0.276223 0.788175 -0.724760
v -0.194806 0.853046 -0.725688
v -0.113400 0.927830 -0.712011
v -0.113400 0.927830 -0.712011
v -0.161219 0.927830 -0.712011
v -0.161219 0.927830 -0.712011
v -0.223368 0.628887 -0.725055
v -0.223368 0.628887 -0.725055
v -0.265077 0.628786 -0.725054
v -0.265077 0.628786 -0.725054
v -0.138381 0.833674 -0.737992
v -0.138381 0.833674 -0.737992
v -0.113407 0.848938 -0.738139
v -0.113407 0.848938 -0.738139
v -0.113407 0.848938 -0.738139
v -0.223675 0.761307 -0.737421
v -0.223675 0.761307 -0.737421
v -0.223675 0.761307 -0.737421
v -0.194288 0.834656 -0.737785
v -0.194288 0.834656 -0.737785
v -0.161225 0.861331 -0.738002
v -0.161225 0.861331 -0.738002
v -0.161225 0.861331 -0.738002
v -0.264942 0.775979 -0.737317
v -0.264942 0.775979 -0.737317
v -0.264942 0.775979 -0.737317
v -0.275970 0.641360 -0.722838
v -0.265074 0.643818 -0.736858
v -0.265074 0.643818 -0.736858
v -0.265074 0.643818 -0.736858
v -0.215220 0.641536 -0.722840
v -0.223410 0.643946 -0.737015
v -0.223410 0.643946 -0.737015
v -0.223410 0.643946 -0.737015
v -0.105212 0.905829 -0.726592
v -0.105212 0.905829 -0.726592
v -0.172112 0.906683 -0.727104
v -0.172112 0.906683 -0.727104
v -0.113388 0.908875 -0.738347
v -0.113388 0.908875 -0.738347
v -0.113388 0.908875 -0.738347
v -0.113388 0.908875 -0.738347
v -0.161214 0.910018 -0.738171
v -0.161214 0.910018 -0.738171
v -0.161214 0.910018 -0.738171
v -0.161214 0.910018 -0.738171
v 0.215740 0.522830 -0.650809
v 0.276536 0.522897 -0.650931
v 0.105777 0.391653 -0.390247
v 0.105777 0.412942 -0.471135
v 0.105777 0.412942 -0.471135
v 0.216029 0.454277 -0.546035
v 0.216029 0.454277 -0.546035
v 0.139480 0.422895 -0.489170
v 0.168839 0.388573 -0.387314
v 0.172677 0.395477 -0.439489
v 0.172677 0.395477 -0.439489
v 0.276788 0.436713 -0.514071
v 0.276788 0.436713 -0.514071
v 0.195371 0.405322 -0.457294
v 0.113966 0.382140 -0.384890
v 0.113966 0.382140 -0.384890
v 0.161784 0.382140 -0.384890
v 0.161784 0.382140 -0.384890
v 0.223933 0.511522 -0.654699
v 0.223933 0.511522 -0.654699
v 0.265643 0.511571 -0.654788
v 0.265643 0.511571 -0.654788
v 0.138946 0.403599 -0.480178
v 0.138946 0.403599 -0.480178
v 0.113972 0.396276 -0.466785
v 0.113972 0.396276 -0.466785
v 0.113972 0.396276 -0.466785
v 0.224240 0.438208 -0.543736
v 0.224240 0.438208 -0.543736
v 0.224240 0.438208 -0.543736
v 0.194853 0.403318 -0.479215
v 0.194853 0.403318 -0.479215
v 0.161790 0.390556 -0.455790
v 0.161790 0.390556 -0.455790
v 0.161790 0.390556 -0.455790
v 0.265508 0.431386 -0.530746
v 0.265508 0.431386 -0.530746
v 0.265508 0.431386 -0.530746
v 0.276536 0.507599 -0.642654
v 0.265639 0.494076 -0.647093
v 0.265639 0.494076 -0.647093
v 0.265639 0.494076 -0.647093
v 0.215785 0.507514 -0.642499
v 0.223976 0.493877 -0.647055
v 0.223976 0.493877 -0.647055
v 0.223976 0.493877 -0.647055
v 0.105777 0.379647 -0.411166
v 0.105777 0.379647 -0.411166
v 0.172677 0.378794 -0.410655
v 0.172677 0.378794 -0.410655
v 0.113953 0.367845 -0.414019
v 0.113953 0.367845 -0.414019
v 0.113953 0.367845 -0.414019
v 0.113953 0.367845 -0.414019
v 0.161779 0.367461 -0.412928
v 0.161779 0.367461 -0.412928
v 0.161779 0.367461 -0.412928
v 0.161779 0.367461 -0.412928
v -0.215175 0.522830 -0.650809
v -0.275970 0.522897 -0.650931
v -0.105212 0.391653 -0.390247
v -0.105212 0.412942 -0.471135
v -0.105212 0.412942 -0.471135
v -0.215463 0.454277 -0.546035
v -0.215463 0.454277 -0.546035
v -0.138915 0.422895 -0.489170
v -0.168274 0.388573 -0.387314
v -0.172112 0.395477 -0.439489
v -0.172112 0.395477 -0.439489
v -0.276222 0.436713 -0.514071
v -0.276222 0.436713 -0.514071
v -0.194806 0.405322 -0.457294
v -0.113400 0.382140 -0.384890
v -0.113400 0.382140 -0.384890
v -0.161219 0.382140 -0.384890
v -0.161219 0.382140 -0.384890
v -0.223368 0.511522 -0.654699
v -0.223368 0.511522 -0.654699
v -0.265077 0.511571 -0.654788
v -0.265077 0.511571 -0.654788
v -0.138381 0.403599 -0.480178
v -0.138381 0.403599 -0.480178
v -0.113406 0.396276 -0.466785
v -0.113406 0.396276 -0.466785
v -0.113406 0.396276 -0.466785
v -0.223675 0.438208 -0.543736
v -0.223675 0.438208 -0.543736
v -0.223675 0.438208 -0.543736
v -0.194288 0.403318 -0.479215
v -0.194288 0.403318 -0.479215
v -0.161225 0.390556 -0.455790
v -0.161225 0.390556 -0.455790
v -0.161225 0.390556 -0.455790
v -0.264942 0.431386 -0.530746
v -0.264942 0.431386 -0.530746
v -0.264942 0.431386 -0.530746
v -0.275970 0.507599 -0.642654
v -0.265074 0.494076 -0.647093
v -0.265074 0.494076 -0.647093
v -0.265074 0.494076 -0.647093
v -0.215220 0.507514 -0.642499
v -0.223410 0.493877 -0.647054
v -0.223410 0.493877 -0.647054
v -0.223410 0.493877 -0.647054
v -0.105212 0.379647 -0.411166
v -0.105212 0.379647 -0.411166
v -0.172112 0.378794 -0.410655
v -0.172112 0.378794 -0.410655
v -0.113388 0.367845 -0.414019
v -0.113388 0.367845 -0.414019
v -0.113388 0.367845 -0.414019
v -0.113388 0.367845 -0.414019
v -0.161214 0.367461 -0.412928
v -0.161214 0.367461 -0.412928
v -0.161214 0.367461 -0.412928
v -0.161214 0.367461 -0.412928
vn -0.0000 0.5459 0.8379
vn -0.0000 0.4817 0.8763
vn -0.0000 0.8208 0.5712
vn -0.0000 0.8416 0.5401
vn -0.0000 0.0797 0.9968
vn -0.0000 0.1170 0.9931
vn -0.0000 0.0109 -0.9999
vn -0.0000 0.0148 -0.9999
vn -0.0000 0.0110 -0.9999
vn -0.0000 0.8364 -0.5482
vn -0.9976 -0.0353 -0.0591
vn -0.9977 -0.0350 -0.0583
vn -0.9978 -0.0341 -0.0568
vn -0.9976 -0.0354 -0.0590
vn -0.9980 -0.0324 -0.0541
vn -0.9985 -0.0277 -0.0464
vn -0.9983 -0.0300 -0.0501
vn -0.9985 -0.0278 -0.0463
vn -0.0000 0.0024 -1.0000
vn -0.0000 0.0023 -1.0000
vn -0.0000 -0.0023 -1.0000
vn 0.9976 -0.0353 -0.0591
vn 0.9977 -0.0352 -0.0587
vn 0.9978 -0.0341 -0.0568
vn 0.9977 -0.0350 -0.0583
vn 0.9980 -0.0325 -0.0542
vn 0.9983 -0.0300 -0.0501
vn 0.9985 -0.0278 -0.0465
vn 0.9985 -0.0278 -0.0463
vn -0.0000 -0.8871 -0.4616
vn -0.0000 -0.8889 -0.4582
vn -0.0000 -0.8871 -0.4617
vn -0.0000 -0.8776 0.4793
vn -0.9976 -0.0355 -0.0590
vn -0.9980 -0.0325 -0.0542
vn -0.9985 -0.0279 -0.0463
vn -0.0000 -0.8831 -0.4692
vn -0.0000 -0.8831 -0.4693
vn -0.0000 -0.8809 -0.4733
vn -0.0000 -0.8809 -0.4734
vn 0.9976 -0.0355 -0.0590
vn 0.9985 -0.0279 -0.0463
vn -0.0000 0.7650 0.6440
vn -0.0000 0.6962 0.7178
vn -0.0000 0.6204 0.7843
vn -0.0000 0.2075 0.9782
vn -0.0000 0.3050 0.9524
vn -0.0000 0.3994 0.9168
vn -0.0000 0.8305 -0.5571
vn -0.9963 -0.0444 -0.0740
vn -0.0000 -0.8827 0.4699
vn 0.9963 -0.0444 -0.0740
vn -0.0000 -0.5142 -0.8577
vn -0.0000 -0.1547 -0.9880
vn -0.0000 -0.3407 -0.9402
vn -0.9976 -0.0357 -0.0594
vn -0.9978 -0.0345 -0.0575
vn -0.9978 -0.0340 -0.0567
vn -0.9976 -0.0357 -0.0593
vn -0.0000 0.8361 -0.5485
vn -0.0000 0.8007 -0.5990
vn 0.7826 0.5429 -0.3044
vn 0.7830 0.5425 -0.3044
vn -0.0103 -0.0032 -0.9999
vn -0.0304 0.0076 -0.9995
vn -0.0150 -0.0007 -0.9999
vn -0.0000 0.0586 0.9983
vn -0.0000 0.0562 0.9984
vn -0.0000 0.0585 0.9983
vn -0.9988 -0.0248 -0.0413
vn -0.9992 -0.0206 -0.0346
vn -0.9992 -0.0205 -0.0342
vn -0.9990 -0.0229 -0.0384
vn 0.8230 0.0158 -0.5678
vn 0.8047 -0.1608 -0.5715
vn 0.8058 -0.1469 -0.5737
vn 0.8226 0.0159 -0.5684
vn -0.0026 -0.5349 -0.8449
vn -0.0040 -0.5170 -0.8560
vn -0.0114 -0.5169 -0.8560
vn -0.0228 -0.5195 -0.8542
vn -0.0000 -0.3761 -0.9266
vn -0.9993 -0.0194 -0.0324
vn 0.7804 -0.3215 -0.5363
vn -0.0000 -0.8429 0.5381
vn 0.8500 0.0157 -0.5265
vn 0.8525 0.0157 -0.5224
vn -0.9982 -0.0310 -0.0517
vn -0.9985 -0.0283 -0.0472
vn -0.0000 0.0639 0.9980
vn -0.0000 0.0638 0.9980
vn -0.0000 -0.0118 -0.9999
vn -0.0000 -0.0135 -0.9999
vn -0.0000 -0.0180 -0.9998
vn -0.0000 0.0667 0.9978
vn 0.8634 0.0156 -0.5043
vn -0.0000 -0.0119 -0.9999
vn -0.0000 -0.0062 -1.0000
vn 0.0062 -0.5328 -0.8462
vn 0.0019 -0.5156 -0.8568
vn -0.0000 0.7987 -0.6017
vn -0.0000 -0.0049 -1.0000
vn -0.0000 -0.0011 -1.0000
vn -0.0000 -0.0133 -0.9999
vn -0.0000 0.6050 -0.7962
vn -0.5717 -0.0117 -0.8204
vn 0.0139 -0.5847 -0.8111
vn 0.6326 0.0086 -0.7745
vn -0.0000 -0.6439 -0.7651
vn -0.5632 -0.0309 -0.8257
vn -0.0000 0.6321 -0.7749
vn 0.5892 -0.0000 -0.8080
vn 0.9976 -0.0356 -0.0591
vn 0.9976 -0.0357 -0.0594
vn 0.9978 -0.0340 -0.0567
vn 0.9978 -0.0345 -0.0575
vn -0.7830 0.5425 -0.3044
vn -0.7826 0.5429 -0.3044
vn -0.0000 -0.0050 -1.0000
vn 0.9988 -0.0248 -0.0413
vn 0.9990 -0.0229 -0.0384
vn 0.9992 -0.0205 -0.0342
vn 0.9992 -0.0206 -0.0346
vn -0.8230 0.0158 -0.5678
vn -0.8225 0.0159 -0.5685
vn -0.8058 -0.1469 -0.5737
vn -0.8047 -0.1608 -0.5715
vn -0.0000 -0.5280 -0.8493
vn 0.9993 -0.0194 -0.0324
vn -0.7804 -0.3215 -0.5363
vn -0.8500 0.0157 -0.5265
vn -0.8525 0.0157 -0.5224
vn 0.9982 -0.0310 -0.0517
vn 0.9985 -0.0283 -0.0472
vn -0.8634 0.0156 -0.5043
vn -0.0000 -0.5280 -0.8492
vn -0.0000 0.5815 -0.8135
vn 0.5723 -0.0108 -0.8200
vn -0.0000 -0.5756 -0.8178
vn -0.5885 0.0079 -0.8085
vn 0.5632 -0.0309 -0.8257
vn -0.5892 -0.0000 -0.8080
vn -0.5558 0.4274 0.7130
vn 0.5558 0.4274 0.7130
vn -0.0000 -0.7985 -0.6020
vn -0.0000 -0.6686 -0.7436
vn -0.9976 -0.0356 -0.0595
vn -0.9976 -0.0355 -0.0595
vn -0.9978 -0.0344 -0.0575
vn -0.0000 -0.8778 0.4789
vn -0.0000 -0.9057 0.4239
vn 0.7830 -0.5241 0.3350
vn 0.7827 -0.5244 0.3354
vn -0.0000 -0.8790 -0.4767
vn -0.0000 -0.8796 -0.4757
vn -0.0000 -0.8814 -0.4723
vn -0.0000 0.8529 0.5221
vn -0.0000 0.8541 0.5201
vn -0.9990 -0.0231 -0.0383
vn -0.9992 -0.0208 -0.0345
vn 0.8230 -0.5082 -0.2536
vn 0.8226 -0.5088 -0.2539
vn 0.8058 -0.4368 -0.3999
vn 0.8047 -0.4283 -0.4111
vn -0.0000 -0.5002 -0.8659
vn -0.0000 -0.6400 -0.7684
vn -0.0000 0.8718 -0.4898
vn 0.8500 -0.4718 -0.2343
vn 0.8525 -0.4682 -0.2323
vn -0.0000 0.8501 0.5266
vn -0.0000 -0.8764 -0.4817
vn -0.0000 -0.8756 -0.4831
vn -0.0000 -0.8733 -0.4871
vn -0.0000 0.8486 0.5291
vn 0.8634 -0.4521 -0.2239
vn -0.0000 -0.8763 -0.4817
vn -0.0000 -0.8790 -0.4768
vn -0.0000 -0.9071 0.4208
vn -0.0000 -0.8797 -0.4756
vn -0.0000 -0.8756 -0.4830
vn -0.0000 -0.9916 0.1295
vn -0.5723 -0.7181 -0.3960
vn -0.0000 -0.4500 -0.8930
vn 0.5885 -0.7168 -0.3740
vn -0.0000 -0.3713 -0.9285
vn -0.5632 -0.7137 -0.4164
vn -0.0000 -0.9813 0.1923
vn 0.5892 -0.7126 -0.3808
vn 0.9976 -0.0356 -0.0595
vn 0.9978 -0.0344 -0.0575
vn 0.9976 -0.0355 -0.0595
vn -0.7827 -0.5244 0.3354
vn -0.7830 -0.5241 0.3350
vn 0.9992 -0.0208 -0.0345
vn 0.9990 -0.0231 -0.0383
vn -0.8230 -0.5082 -0.2536
vn -0.8047 -0.4283 -0.4111
vn -0.8058 -0.4368 -0.3999
vn -0.8226 -0.5088 -0.2539
vn -0.8500 -0.4718 -0.2342
vn -0.8525 -0.4682 -0.2323
vn -0.8634 -0.4521 -0.2239
vn 0.5723 -0.7181 -0.3960
vn -0.5885 -0.7168 -0.3740
vn 0.5632 -0.7137 -0.4164
vn -0.5892 -0.7126 -0.3808
vn 0.6855 0.0242 0.7277
vn 0.6354 0.0394 0.7712
vn 0.6909 0.0224 0.7226
vn 0.4409 -0.3333 -0.8334
vn 0.5289 -0.3299 -0.7819
vn 0.4113 -0.3337 -0.8482
vn -0.0000 -0.8867 0.4623
vn 0.7990 -0.2718 -0.5364
vn 0.7989 -0.2717 -0.5365
vn 0.6447 -0.3093 -0.6990
vn 0.6790 -0.3027 -0.6688
vn 0.3434 -0.3396 -0.8756
vn 0.3142 -0.3407 -0.8861
vn -0.0000 -0.3445 -0.9388
vn -0.0000 -0.3444 -0.9388
vn 0.9533 -0.0893 0.2885
vn 0.8919 -0.0575 0.4486
vn 0.9024 -0.0621 0.4264
vn 0.9601 -0.0940 0.2633
vn 0.1268 -0.3204 -0.9388
vn 0.0837 -0.3159 -0.9451
vn -0.0000 0.1566 0.9877
vn -0.1108 -0.2887 -0.9510
vn -0.1107 -0.2886 -0.9510
vn 0.8791 -0.0059 0.4766
vn 0.8791 -0.0059 0.4765
vn 0.7950 -0.0155 0.6065
vn 0.8061 -0.0202 0.5914
vn 0.9854 -0.1219 0.1193
vn 0.9801 -0.1128 0.1633
vn 0.9818 -0.1154 0.1510
vn 0.9854 -0.1218 0.1193
vn -0.6855 0.0242 0.7277
vn -0.6909 0.0224 0.7226
vn -0.6354 0.0394 0.7712
vn -0.4409 -0.3333 -0.8334
vn -0.4113 -0.3337 -0.8482
vn -0.5289 -0.3299 -0.7819
vn -0.7988 -0.2717 -0.5368
vn -0.6790 -0.3027 -0.6688
vn -0.6446 -0.3093 -0.6992
vn -0.7989 -0.2717 -0.5365
vn -0.3434 -0.3396 -0.8757
vn -0.3142 -0.3407 -0.8861
vn -0.9533 -0.0893 0.2885
vn -0.9601 -0.0940 0.2633
vn -0.9024 -0.0621 0.4264
vn -0.8919 -0.0575 0.4486
vn -0.1271 -0.3202 -0.9388
vn -0.0837 -0.3159 -0.9451
vn 0.1108 -0.2887 -0.9510
vn 0.1107 -0.2886 -0.9510
vn -0.8791 -0.0059 0.4766
vn -0.8791 -0.0059 0.4765
vn -0.7950 -0.0156 0.6064
vn -0.8061 -0.0202 0.5914
vn -0.9854 -0.1219 0.1193
vn -0.9854 -0.1218 0.1193
vn -0.9818 -0.1153 0.1511
vn -0.9801 -0.1129 0.1632
vn -0.0000 0.2738 0.9618
vn -0.0000 0.5142 0.8577
vn -0.9945 0.0539 0.0898
vn 0.9939 0.0569 0.0949
vn -0.0000 -0.6558 0.7549
vn -0.0000 0.9474 -0.3200
vn -0.0000 0.8577 -0.5142
vn 0.9745 0.1925 -0.1154
vn 0.4420 0.6756 0.5901
vn 0.4420 0.6755 0.5901
vn -0.2431 0.5136 -0.8229
vn -0.2430 0.5136 -0.8229
vn -0.6191 0.6735 -0.4038
vn -0.6192 0.6735 -0.4038
vn 0.6865 0.7197 -0.1038
vn 0.6191 0.6735 -0.4038
vn 0.6192 0.6735 -0.4038
vn -0.9745 0.1925 -0.1154
vn -0.0000 0.0635 -0.9980
vn -0.0000 0.0636 -0.9980
vn -0.0000 0.8577 -0.5141
vn 0.7540 0.5634 -0.3377
vn -0.6865 0.7197 -0.1038
vn -0.6865 0.7196 -0.1038
vn 0.2430 0.5137 -0.8229
vn 0.2430 0.5136 -0.8229
vn -0.0000 0.4451 -0.8955
vn -0.4420 0.6756 0.5902
vn -0.4420 0.6755 0.5902
vn -0.4420 0.6756 0.5901
vn -0.0000 0.6936 0.7204
vn -0.7540 0.5634 -0.3377
vn 0.4420 -0.2021 -0.8740
vn 0.4420 -0.2021 -0.8739
vn -0.2430 0.9678 -0.0652
vn 0.6865 0.4307 -0.5858
vn -0.0000 0.9101 0.4143
vn -0.6192 0.6735 -0.4037
vn -0.6865 0.4307 -0.5858
vn 0.2430 0.9678 -0.0652
vn -0.0000 0.9996 0.0295
vn -0.4420 -0.2021 -0.8740
vn -0.4420 -0.2021 -0.8739
vn -0.0000 -0.3085 -0.9512
vn 0.6192 0.6735 -0.4037
vn -0.8288 -0.0058 -0.5595
vn 0.6440 -0.4487 -0.6196
vn 0.7429 -0.1668 -0.6483
vn 0.7121 -0.2793 -0.6441
vn 0.3962 0.4788 -0.7835
vn 0.3987 0.4760 -0.7839
vn 0.4013 0.4732 -0.7843
vn 0.7688 -0.0058 -0.6395
vn -0.8564 -0.0024 -0.5162
vn -0.8356 -0.1341 -0.5327
vn -0.8065 -0.2426 -0.5392
vn -0.8564 -0.0024 -0.5163
vn 0.0038 -0.0035 -1.0000
vn -0.3818 -0.5635 -0.7326
vn -0.4585 -0.5478 -0.6998
vn -0.4197 -0.5563 -0.7172
vn -0.3429 -0.5698 -0.7468
vn 0.4038 0.4703 -0.7847
vn 0.4038 0.4704 -0.7847
vn -0.0002 -0.6198 -0.7847
vn -0.0002 -0.6198 -0.7848
vn -0.0002 -0.6197 -0.7848
vn -0.7490 -0.3885 -0.5367
vn 0.6568 0.6320 -0.4114
vn 0.6568 0.6319 -0.4114
vn 0.7293 -0.0106 -0.6841
vn -0.0087 0.8190 -0.5737
vn -0.7744 0.5236 -0.3551
vn -0.7744 0.5236 -0.3552
vn 0.8288 -0.0058 -0.5595
vn -0.6440 -0.4487 -0.6196
vn -0.7121 -0.2793 -0.6441
vn -0.7429 -0.1668 -0.6483
vn -0.3962 0.4788 -0.7835
vn -0.4013 0.4732 -0.7843
vn -0.3987 0.4760 -0.7839
vn -0.7688 -0.0058 -0.6395
vn 0.8564 -0.0024 -0.5162
vn 0.8564 -0.0024 -0.5163
vn 0.8065 -0.2426 -0.5392
vn 0.8356 -0.1341 -0.5327
vn -0.0038 -0.0035 -1.0000
vn 0.3817 -0.5636 -0.7326
vn 0.4197 -0.5563 -0.7172
vn 0.4585 -0.5478 -0.6998
vn 0.3429 -0.5699 -0.7468
vn 0.3429 -0.5698 -0.7468
vn -0.4038 0.4704 -0.7847
vn -0.4038 0.4703 -0.7847
vn 0.0002 -0.6198 -0.7847
vn 0.0002 -0.6197 -0.7848
vn 0.0002 -0.6198 -0.7848
vn 0.7490 -0.3885 -0.5367
vn -0.6568 0.6320 -0.4114
vn -0.6568 0.6319 -0.4114
vn -0.7293 -0.0106 -0.6841
vn 0.0087 0.8190 -0.5737
vn 0.7744 0.5236 -0.3551
vn 0.7744 0.5236 -0.3552
vn -0.8288 -0.4908 -0.2688
vn 0.6440 -0.3350 -0.6878
vn 0.7121 -0.4365 -0.5499
vn 0.7429 -0.4932 -0.4526
vn 0.3962 -0.9166 0.0530
vn 0.3962 -0.9166 0.0531
vn 0.4013 -0.9147 0.0477
vn 0.3987 -0.9157 0.0504
vn 0.7688 -0.5613 -0.3065
vn -0.8564 -0.4542 -0.2454
vn -0.8065 -0.3613 -0.4681
vn -0.8356 -0.4067 -0.3694
vn 0.0038 -0.8803 -0.4743
vn -0.3817 -0.3805 -0.8423
vn -0.4197 -0.3704 -0.8287
vn -0.4585 -0.3591 -0.8129
vn -0.3429 -0.3901 -0.8545
vn 0.4038 -0.9137 0.0450
vn -0.0002 -0.4000 -0.9165
vn -0.0002 -0.4001 -0.9165
vn -0.7490 -0.2903 -0.5956
vn -0.7490 -0.2902 -0.5956
vn 0.6568 -0.6606 0.3635
vn 0.6568 -0.6607 0.3635
vn 0.7293 -0.5984 -0.3318
vn 0.7293 -0.5983 -0.3318
vn -0.0087 -0.8920 0.4520
vn -0.7744 -0.5600 0.2944
vn 0.8288 -0.4908 -0.2688
vn -0.6440 -0.3350 -0.6878
vn -0.7429 -0.4932 -0.4526
vn -0.7121 -0.4365 -0.5499
vn -0.3962 -0.9166 0.0530
vn -0.3987 -0.9157 0.0504
vn -0.4013 -0.9147 0.0477
vn -0.3962 -0.9166 0.0531
vn -0.7688 -0.5612 -0.3065
vn -0.7688 -0.5613 -0.3065
vn 0.8564 -0.4542 -0.2454
vn 0.8356 -0.4067 -0.3694
vn 0.8065 -0.3613 -0.4681
vn -0.0038 -0.8803 -0.4743
vn 0.3817 -0.3806 -0.8423
vn 0.4585 -0.3591 -0.8129
vn 0.4197 -0.3704 -0.8287
vn 0.3429 -0.3901 -0.8545
vn -0.4038 -0.9138 0.0450
vn -0.4038 -0.9137 0.0450
vn 0.0002 -0.4000 -0.9165
vn 0.0002 -0.4001 -0.9165
vn 0.7490 -0.2902 -0.5956
vn -0.6568 -0.6606 0.3635
vn -0.6568 -0.6607 0.3635
vn -0.7293 -0.5984 -0.3318
vn -0.7293 -0.5983 -0.3318
vn 0.0087 -0.8920 0.4520
vn 0.0087 -0.8919 0.4521
vn 0.7744 -0.5600 0.2944
vn -0.0000 -0.8577 0.5142
vt 0.291441 0.266485
vt 0.291441 0.380071
vt 0.262170 0.380071
vt 0.262170 0.266485
vt 0.432350 0.380070
vt 0.432350 0.266485
vt 0.543882 0.266485
vt 0.543882 0.380070
vt 0.262171 0.266485
vt 0.262171 0.380070
vt 0.291441 0.380070
vt 0.291441 0.266485
vt 0.262171 0.380070
vt 0.291441 0.266485
vt 0.291441 0.380070
vt 0.262171 0.266485
vt 0.262171 0.380071
vt 0.291441 0.380071
vt 0.262170 0.380071
vt 0.262170 0.266485
vt 0.291441 0.266485
vt 0.291441 0.380071
vt 0.291441 0.380070
vt 0.262171 0.380070
vt 0.262171 0.266485
vt 0.009730 0.380070
vt 0.009730 0.266485
vt 0.121262 0.266485
vt 0.121262 0.380070
vt 0.543882 0.266485
vt 0.543882 0.380071
vt 0.432350 0.380071
vt 0.432350 0.266485
vt 0.543882 0.380071
vt 0.432350 0.266485
vt 0.432350 0.380071
vt 0.543882 0.266485
vt 0.543882 0.380070
vt 0.432350 0.380070
vt 0.432350 0.266485
vt 0.543882 0.266485
vt 0.432350 0.266485
vt 0.432350 0.380071
vt 0.543882 0.380070
vt 0.432350 0.380070
vt 0.543882 0.266485
vt 0.121262 0.266485
vt 0.121262 0.380071
vt 0.009730 0.380071
vt 0.009730 0.266485
vt 0.121262 0.380070
vt 0.121262 0.266485
vt 0.009730 0.266485
vt 0.009730 0.380070
vt 0.121262 0.266485
vt 0.121262 0.380070
vt 0.009730 0.380070
vt 0.121262 0.380070
vt 0.121262 0.266485
vt 0.121262 0.266485
vt 0.121262 0.380070
vt 0.009730 0.266485
vt 0.009729 0.266485
vt 0.121262 0.266485
vt 0.121262 0.380071
vt 0.121262 0.266485
vt 0.009730 0.380070
vt 0.543882 0.380071
vt 0.432350 0.266485
vt 0.432350 0.380071
vt 0.132511 0.267311
vt 0.008126 0.267311
vt 0.008126 0.380699
vt 0.132511 0.380699
vt 0.417104 0.380699
vt 0.541489 0.380699
vt 0.541489 0.267311
vt 0.417104 0.267311
vt 0.026961 0.255711
vt 0.006512 0.255711
vt 0.006512 0.160380
vt 0.026961 0.160380
vt 0.006512 0.160380
vt 0.026961 0.160380
vt 0.026961 0.255711
vt 0.006512 0.255711
vt 0.006512 0.160380
vt 0.026961 0.160380
vt 0.026961 0.255711
vt 0.006512 0.255711
vt 0.417104 0.267311
vt 0.541491 0.267311
vt 0.541490 0.380699
vt 0.417104 0.380699
vt 0.379589 0.611032
vt 0.429711 0.611032
vt 0.429711 0.751714
vt 0.379589 0.751714
vt 0.441989 0.645545
vt 0.464944 0.710070
vt 0.447152 0.751714
vt 0.479759 0.751714
vt 0.224376 0.267311
vt 0.224376 0.380699
vt 0.325239 0.267311
vt 0.325239 0.380699
vt 0.224376 0.380699
vt 0.224376 0.267311
vt 0.428325 0.267311
vt 0.428325 0.380699
vt 0.121289 0.380699
vt 0.121289 0.267311
vt 0.428325 0.267311
vt 0.121288 0.267311
vt 0.121288 0.380699
vt 0.417104 0.380699
vt 0.417104 0.267311
vt 0.541489 0.267311
vt 0.541489 0.380699
vt 0.132511 0.267311
vt 0.132511 0.380699
vt 0.008126 0.380699
vt 0.008126 0.267311
vt 0.417104 0.380699
vt 0.417103 0.267311
vt 0.541489 0.267311
vt 0.006512 0.255711
vt 0.006512 0.160380
vt 0.026961 0.160380
vt 0.026961 0.255711
vt 0.006512 0.255711
vt 0.006512 0.160380
vt 0.132510 0.380699
vt 0.132510 0.267311
vt 0.008124 0.267311
vt 0.008124 0.380699
vt 0.325239 0.380699
vt 0.325239 0.267311
vt 0.224376 0.380699
vt 0.224376 0.267311
vt 0.325239 0.267311
vt 0.325239 0.380699
vt 0.224376 0.380699
vt 0.224376 0.267311
vt 0.121289 0.380699
vt 0.121289 0.267311
vt 0.428325 0.267311
vt 0.428325 0.380699
vt 0.121289 0.267311
vt 0.428326 0.380699
vt 0.428326 0.267311
vt 0.400583 0.380070
vt 0.400583 0.266485
vt 0.361896 0.380070
vt 0.361896 0.266485
vt 0.323208 0.380070
vt 0.323208 0.266485
vt 0.153029 0.266485
vt 0.153029 0.380070
vt 0.191716 0.266485
vt 0.191716 0.380070
vt 0.230404 0.266485
vt 0.230404 0.380070
vt 0.153028 0.266485
vt 0.153028 0.380071
vt 0.191716 0.266485
vt 0.191716 0.380071
vt 0.230404 0.266485
vt 0.230404 0.380071
vt 0.400583 0.380071
vt 0.400583 0.266485
vt 0.361896 0.380071
vt 0.361896 0.266485
vt 0.323208 0.380071
vt 0.323208 0.266485
vt 0.153029 0.380070
vt 0.400583 0.380071
vt 0.361896 0.380070
vt 0.323208 0.380070
vt 0.153029 0.266485
vt 0.230404 0.266485
vt 0.400583 0.266485
vt 0.153029 0.266485
vt 0.230404 0.266485
vt 0.400583 0.266485
vt 0.323208 0.266485
vt 0.400583 0.266485
vt 0.361896 0.380071
vt 0.361896 0.266485
vt 0.323208 0.380071
vt 0.323208 0.266485
vt 0.153028 0.266485
vt 0.153028 0.380071
vt 0.191716 0.266485
vt 0.191716 0.380071
vt 0.230404 0.266485
vt 0.230404 0.380071
vt 0.153029 0.380070
vt 0.153029 0.266485
vt 0.191716 0.380070
vt 0.230404 0.380070
vt 0.400583 0.266485
vt 0.400583 0.380070
vt 0.323208 0.266485
vt 0.323208 0.380070
vt 0.774797 0.990199
vt 0.774797 0.952351
vt 0.139098 0.952351
vt 0.139098 0.990199
vt 1.139069 0.990199
vt 1.139069 0.952351
vt 1.500000 0.952351
vt 1.500000 0.990199
vt -0.225173 0.952351
vt -0.225173 0.990199
vt -0.500000 0.952351
vt -0.500000 0.990199
vt 0.331495 0.997466
vt 1.111845 0.997466
vt 1.058956 0.949633
vt 0.338888 0.949633
vt 0.527189 0.997466
vt 0.482940 0.949633
vt -0.213202 0.949633
vt -0.257451 0.997466
vt -0.257452 0.949633
vt -0.213202 0.997467
vt 0.482940 0.997466
vt 0.527189 0.949633
vt -0.204563 0.949633
vt -0.257452 0.997467
vt 1.111845 0.949633
vt -0.204563 0.997467
vt 1.058956 0.997466
vt 0.192988 0.762771
vt 0.250660 0.762771
vt 0.250660 0.771622
vt 0.191466 0.771622
vt 0.501869 0.844182
vt 0.555248 0.844182
vt 0.555248 0.766149
vt 0.501869 0.766149
vt 0.110244 0.684034
vt 0.128899 0.684034
vt 0.128890 0.694995
vt 0.110090 0.694995
vt 1.039236 0.993653
vt 0.850502 0.993653
vt 0.850502 0.952988
vt 1.039236 0.952988
vt 0.227462 0.684034
vt 0.266511 0.684034
vt 0.266511 0.694995
vt 0.227538 0.694995
vt 0.657431 0.766149
vt 0.700397 0.766149
vt 0.690816 0.844182
vt 0.747820 0.844182
vt 0.383183 0.993653
vt 0.186683 0.993653
vt 0.186683 0.952988
vt 0.383183 0.952988
vt 0.291786 0.684034
vt 0.291761 0.694995
vt 0.423678 0.762771
vt 0.475733 0.762771
vt 0.481670 0.771622
vt 0.428242 0.771622
vt 0.747820 0.807367
vt -0.034421 0.993653
vt -0.034421 0.952988
vt 0.687649 0.993653
vt 0.687649 0.952988
vt 0.602491 0.844182
vt 0.590857 0.766149
vt 0.163974 0.684034
vt 0.163965 0.694995
vt 0.163512 0.649445
vt 0.227040 0.649445
vt 0.266511 0.649445
vt 0.291875 0.649445
vt 0.110698 0.649445
vt 0.128895 0.649445
vt 0.110765 0.638117
vt 0.128864 0.638117
vt 0.226899 0.638117
vt 0.266511 0.638117
vt 0.291790 0.638117
vt 0.163366 0.638117
vt 0.247091 0.665117
vt 0.146092 0.667451
vt 0.985006 0.684704
vt 0.985108 0.695175
vt 0.966193 0.695175
vt 0.966236 0.684704
vt 0.865629 0.684704
vt 0.865629 0.695175
vt 0.827275 0.695175
vt 0.827275 0.684704
vt 0.792658 0.695175
vt 0.792658 0.684704
vt 0.927269 0.684704
vt 0.927227 0.695175
vt 0.927877 0.649758
vt 0.865629 0.649758
vt 0.827275 0.649758
vt 0.792658 0.649758
vt 0.984717 0.649758
vt 0.966402 0.649758
vt 0.984705 0.638324
vt 0.966488 0.638324
vt 0.865629 0.638324
vt 0.827275 0.638324
vt 0.792658 0.638324
vt 0.928070 0.638324
vt 0.847376 0.665665
vt 0.945335 0.667651
vt 0.025587 0.802822
vt 0.025587 0.762771
vt 0.019650 0.771622
vt 0.019650 0.802822
vt 0.135315 0.762771
vt 0.132272 0.771622
vt 0.475733 0.802822
vt 0.481670 0.802822
vt 0.308333 0.762771
vt 0.366005 0.762771
vt 0.369048 0.771622
vt 0.309854 0.771622
vt 0.077643 0.762771
vt 0.073078 0.771622
vt 0.073078 0.802822
vt 0.250660 0.802822
vt 0.191466 0.802822
vt 0.132272 0.802822
vt 0.428242 0.802822
vt 0.309854 0.802822
vt 0.369048 0.802822
vt 0.192988 0.842873
vt 0.191466 0.834021
vt 0.250660 0.834021
vt 0.250660 0.842873
vt 0.485536 0.684034
vt 0.485696 0.694995
vt 0.466658 0.694995
vt 0.466644 0.684034
vt 0.366288 0.684034
vt 0.366288 0.694995
vt 0.326999 0.694995
vt 0.326999 0.684034
vt 0.423678 0.842873
vt 0.428242 0.834021
vt 0.481670 0.834021
vt 0.475733 0.842873
vt 0.427450 0.684034
vt 0.427465 0.694995
vt 0.427880 0.649445
vt 0.366288 0.649445
vt 0.326999 0.649445
vt 0.485062 0.649445
vt 0.466628 0.649445
vt 0.484988 0.638117
vt 0.466652 0.638117
vt 0.366288 0.638117
vt 0.326999 0.638117
vt 0.428011 0.638117
vt 0.347151 0.665475
vt 0.445539 0.667093
vt 0.610193 0.684704
vt 0.628962 0.684704
vt 0.629005 0.695175
vt 0.610090 0.695175
vt 0.728112 0.684704
vt 0.766511 0.684704
vt 0.766511 0.695175
vt 0.728218 0.695175
vt 0.664248 0.684704
vt 0.664290 0.695175
vt 0.663640 0.649758
vt 0.727473 0.649758
vt 0.766511 0.649758
vt 0.610481 0.649758
vt 0.628796 0.649758
vt 0.610493 0.638324
vt 0.628710 0.638324
vt 0.727312 0.638324
vt 0.766511 0.638324
vt 0.663447 0.638324
vt 0.747802 0.665665
vt 0.646181 0.667651
vt 0.019650 0.834021
vt 0.025587 0.842873
vt 0.135315 0.842873
vt 0.132272 0.834021
vt 0.308333 0.842873
vt 0.309854 0.834021
vt 0.369048 0.834021
vt 0.366005 0.842873
vt 0.077643 0.842873
vt 0.073078 0.834021
vt 0.401351 0.481288
vt 0.408796 0.487376
vt 0.410686 0.501824
vt 0.397720 0.494965
vt 0.426605 0.484774
vt 0.417519 0.473566
vt 0.355698 0.433251
vt 0.355881 0.418914
vt 0.389397 0.419094
vt 0.389060 0.437370
vt 0.312943 0.403223
vt 0.312820 0.393523
vt 0.323221 0.386900
vt 0.354888 0.385705
vt 0.355842 0.404548
vt 0.435947 0.459089
vt 0.424028 0.449729
vt 0.435306 0.438713
vt 0.446976 0.445672
vt 0.452581 0.432903
vt 0.440091 0.428055
vt 0.441003 0.419436
vt 0.454422 0.419526
vt 0.388413 0.459517
vt 0.388177 0.473152
vt 0.370747 0.467337
vt 0.383164 0.487011
vt 0.366292 0.481319
vt 0.432501 0.473089
vt 0.422165 0.463314
vt 0.315591 0.469454
vt 0.311950 0.458867
vt 0.322990 0.450503
vt 0.324232 0.459511
vt 0.305118 0.452203
vt 0.312678 0.443876
vt 0.312816 0.434299
vt 0.354534 0.452038
vt 0.394727 0.476483
vt 0.390179 0.490370
vt 0.353641 0.463830
vt 0.349397 0.477668
vt 0.312374 0.418821
vt 0.388926 0.378633
vt 0.389288 0.400811
vt 0.402172 0.357014
vt 0.398728 0.343270
vt 0.411805 0.336587
vt 0.409709 0.351023
vt 0.427498 0.353878
vt 0.418247 0.364968
vt 0.436485 0.379711
vt 0.447330 0.393281
vt 0.435563 0.400082
vt 0.424432 0.388911
vt 0.452761 0.406126
vt 0.440206 0.410805
vt 0.371336 0.370573
vt 0.388872 0.364979
vt 0.367062 0.356496
vt 0.384043 0.351030
vt 0.433234 0.365654
vt 0.422755 0.375292
vt 0.315962 0.367719
vt 0.324562 0.377852
vt 0.312156 0.378348
vt 0.305193 0.385023
vt 0.395475 0.361733
vt 0.391113 0.347765
vt 0.350067 0.359921
vt 0.354141 0.373868
vt 0.301002 0.435750
vt 0.300129 0.418818
vt 0.300020 0.402698
vt 0.825880 0.994541
vt 0.437163 0.994541
vt 0.440697 0.950097
vt 0.793105 0.950097
vt 0.143035 0.994541
vt 0.174044 0.950097
vt 0.616476 0.994541
vt 0.226225 0.994541
vt 0.256624 0.950097
vt 0.570878 0.950097
vt 0.139674 0.950097
vt 0.822519 0.950097
vt 0.789743 0.994541
vt 0.170683 0.994541
vt 0.226225 0.950097
vt 0.616476 0.950097
vt 0.570878 0.994541
vt 0.256624 0.994541
vt 0.317985 0.856362
vt 0.606570 0.856362
vt 0.606570 0.939120
vt 0.317985 0.939120
vt 0.579587 0.938196
vt 0.330143 0.938196
vt 0.314487 0.860084
vt 0.603071 0.860084
vt 0.194850 0.857123
vt 0.763342 0.857123
vt 0.763342 0.939787
vt 0.194850 0.939787
vt 0.448281 0.939234
vt 0.210125 0.939234
vt 0.210125 0.859598
vt 0.448281 0.859598
vt 0.763008 0.939234
vt 0.763008 0.859598
vt 0.466289 0.434964
vt 0.466289 0.401526
vt 0.473189 0.408426
vt 0.473189 0.434964
vt 0.529027 0.500139
vt 0.571033 0.500139
vt 0.571033 0.540726
vt 0.538138 0.540726
vt 0.573048 0.401526
vt 0.573048 0.434964
vt 0.566148 0.434964
vt 0.566148 0.408426
vt 0.456909 0.063704
vt 0.480056 0.063704
vt 0.480056 0.095637
vt 0.456909 0.095637
vt 0.549499 0.388272
vt 0.545160 0.396920
vt 0.558332 0.464370
vt 0.548194 0.482727
vt 0.549244 0.462511
vt 0.549244 0.448887
vt 0.214806 0.094341
vt 0.189870 0.082904
vt 0.195360 0.076076
vt 0.217774 0.086428
vt 0.204104 0.069735
vt 0.234520 0.069735
vt 0.234520 0.076626
vt 0.209515 0.076626
vt 0.174001 0.029225
vt 0.166051 0.002194
vt 0.182031 0.009581
vt 0.186404 0.030900
vt 0.526956 0.482727
vt 0.527629 0.452240
vt 0.526956 0.401423
vt 0.548194 0.401423
vt 0.549244 0.421639
vt 0.527629 0.431910
vt 0.495421 0.445800
vt 0.513461 0.443826
vt 0.513461 0.446048
vt 0.495421 0.451972
vt 0.330454 0.093719
vt 0.300038 0.093719
vt 0.305450 0.086827
vt 0.330454 0.086827
vt 0.577863 0.477786
vt 0.577863 0.443986
vt 0.619566 0.443986
vt 0.619566 0.487146
vt 0.520040 0.482727
vt 0.520040 0.452240
vt 0.143302 0.036174
vt 0.143302 0.052214
vt 0.131942 0.038765
vt 0.131942 0.031690
vt 0.242663 0.069735
vt 0.242663 0.076626
vt 0.573048 0.442068
vt 0.566148 0.442068
vt 0.578022 0.500139
vt 0.578022 0.540726
vt 0.577863 0.436804
vt 0.619566 0.436804
vt 0.519795 0.443826
vt 0.519795 0.446048
vt 0.174001 0.038160
vt 0.186404 0.038160
vt 0.023572 0.502981
vt 0.015623 0.530012
vt 0.003219 0.531687
vt 0.007593 0.510368
vt 0.519795 0.439381
vt 0.519795 0.441603
vt 0.513461 0.441603
vt 0.513461 0.439381
vt 0.143302 0.004093
vt 0.143302 0.020133
vt 0.131942 0.024616
vt 0.131942 0.017542
vt 0.495421 0.433457
vt 0.495421 0.439628
vt 0.298177 0.082904
vt 0.273240 0.094341
vt 0.270273 0.086428
vt 0.292686 0.076076
vt 0.558332 0.419780
vt 0.549244 0.435263
vt 0.489838 0.388272
vt 0.494177 0.396920
vt 0.388078 0.063704
vt 0.411225 0.063704
vt 0.411225 0.095637
vt 0.388078 0.095637
vt 0.015623 0.538947
vt 0.003219 0.538947
vt 0.473189 0.442068
vt 0.466289 0.442068
vt 0.338597 0.086827
vt 0.338597 0.093719
vt 0.520040 0.431910
vt 0.520040 0.401423
vt 0.466289 0.449173
vt 0.473189 0.449173
vt 0.473189 0.475711
vt 0.466289 0.482611
vt 0.627017 0.500139
vt 0.617907 0.540726
vt 0.585012 0.540726
vt 0.585012 0.500139
vt 0.573048 0.482611
vt 0.566148 0.475711
vt 0.566148 0.449173
vt 0.573048 0.449173
vt 0.547012 0.024792
vt 0.514248 0.024792
vt 0.514248 0.003852
vt 0.547012 0.003852
vt 0.549499 0.495865
vt 0.545160 0.487217
vt 0.481748 0.464370
vt 0.490835 0.448887
vt 0.490835 0.462511
vt 0.491885 0.482727
vt 0.043424 0.537299
vt 0.035511 0.540267
vt 0.025159 0.517853
vt 0.031987 0.512362
vt 0.281222 0.069735
vt 0.275810 0.076626
vt 0.250806 0.076626
vt 0.250806 0.069735
vt 0.174001 0.047095
vt 0.186404 0.045420
vt 0.182031 0.066739
vt 0.166051 0.074126
vt 0.512450 0.452240
vt 0.513123 0.482727
vt 0.513123 0.401423
vt 0.512450 0.431910
vt 0.490835 0.421639
vt 0.491885 0.401423
vt 0.544169 0.445800
vt 0.544169 0.451972
vt 0.526129 0.446048
vt 0.526129 0.443826
vt 0.346741 0.093719
vt 0.346741 0.086827
vt 0.371745 0.086827
vt 0.377157 0.093719
vt 0.577863 0.395823
vt 0.619566 0.386462
vt 0.619566 0.429623
vt 0.577863 0.429623
vt 0.157680 0.019563
vt 0.146320 0.024046
vt 0.146320 0.016972
vt 0.157680 0.003523
vt 0.023572 0.574914
vt 0.007593 0.567526
vt 0.003219 0.546207
vt 0.015623 0.547882
vt 0.526129 0.439381
vt 0.526129 0.441603
vt 0.157680 0.051643
vt 0.146320 0.038194
vt 0.146320 0.031120
vt 0.157680 0.035603
vt 0.544169 0.433457
vt 0.544169 0.439628
vt 0.031987 0.620669
vt 0.025159 0.615179
vt 0.035511 0.592765
vt 0.043424 0.595733
vt 0.481748 0.419780
vt 0.490835 0.435263
vt 0.494177 0.487217
vt 0.489838 0.495865
vt 0.547012 0.087058
vt 0.514248 0.087058
vt 0.514248 0.066119
vt 0.547012 0.066119
vt 0.673321 0.029715
vt 0.633519 0.028252
vt 0.624070 0.007800
vt 0.682005 0.010732
vt 0.429783 0.163488
vt 0.447564 0.163479
vt 0.445258 0.184370
vt 0.427955 0.184372
vt 0.582952 0.164041
vt 0.620963 0.107262
vt 0.637647 0.118809
vt 0.593251 0.184231
vt 0.579942 0.166031
vt 0.590512 0.186752
vt 0.548606 0.119586
vt 0.448210 0.119535
vt 0.445985 0.098882
vt 0.539888 0.098931
vt 0.630834 0.033135
vt 0.639019 0.073942
vt 0.618953 0.102224
vt 0.616585 0.052813
vt 0.670636 0.034598
vt 0.674025 0.073111
vt 0.579942 0.160495
vt 0.549252 0.122165
vt 0.616451 0.049517
vt 0.550642 0.117299
vt 0.542025 0.096882
vt 0.600982 0.036293
vt 0.630377 0.030284
vt 0.621142 0.010296
vt 0.640516 0.079704
vt 0.651240 0.099600
vt 0.447712 0.122114
vt 0.447564 0.157942
vt 0.429783 0.157951
vt 0.430294 0.120622
vt 0.428835 0.098846
vt 0.676466 0.076529
vt 0.697162 0.076038
vt 0.703294 0.088185
vt 0.692613 0.095567
vt 0.641461 0.077360
vt 0.652467 0.097778
vt 0.694168 0.035463
vt 0.694721 0.072620
vt 0.696853 0.030580
vt 0.699832 0.011634
vt 0.823138 0.771279
vt 0.837823 0.778322
vt 0.837823 0.801012
vt 0.837823 0.804787
vt 0.771248 0.778322
vt 0.785934 0.771279
vt 0.771248 0.801012
vt 0.837823 0.808563
vt 0.837823 0.831252
vt 0.823138 0.838296
vt 0.785934 0.838296
vt 0.771248 0.831252
vt 0.771248 0.808563
vt 0.771248 0.804787
s 1
usemtl MI_Trim_Furniture
f 2039/775/668 2031/776/668 2027/777/669
f 2039/775/668 2027/777/669 2046/778/669
f 2032/779/670 2037/780/670 1790/781/671
f 2032/779/670 1790/781/671 1772/782/671
f 2071/783/668 2058/784/668 2062/785/669
f 2071/783/668 2062/785/669 2076/786/669
f 2085/787/668 2071/783/668 2075/788/669
f 2085/787/668 2075/788/669 2090/789/669
f 2099/790/668 2084/791/668 2089/792/669
f 2099/790/668 2089/792/669 2104/786/669
f 2112/793/668 2098/794/668 2103/795/669
f 2112/793/668 2103/795/669 2121/796/669
f 2141/788/668 2113/797/668 2120/798/669
f 2141/788/668 2120/798/669 2132/799/669
f 1796/800/672 1798/801/672 2130/802/673
f 1796/800/672 2130/802/673 2122/803/673
f 1795/804/672 1797/805/672 2123/806/673
f 1795/804/672 2123/806/673 2105/807/673
f 1793/808/672 1795/804/672 2106/809/673
f 1793/808/672 2106/809/673 2091/810/673
f 1792/811/672 1794/812/672 2092/813/673
f 1792/811/672 2092/813/673 2078/814/673
f 1773/808/672 1791/815/672 2077/816/673
f 1773/808/672 2077/816/673 2064/817/673
f 1776/781/672 1774/818/672 2065/819/673
f 1776/781/672 2065/819/673 2049/816/673
f 2058/784/668 2038/783/668 2047/788/669
f 2058/784/668 2047/788/669 2063/789/669
f 2111/779/670 2143/816/670 1778/820/671
f 2111/779/670 1778/820/671 1780/782/671
f 2096/821/670 2110/822/670 1779/823/671
f 2096/821/670 1779/823/671 1781/824/671
f 2082/825/670 2097/826/670 1782/827/671
f 2082/825/670 1782/827/671 1783/828/671
f 2069/829/670 2083/830/670 1784/831/671
f 2069/829/670 1784/831/671 1785/801/671
f 2056/832/670 2070/833/670 1786/827/671
f 2056/832/670 1786/827/671 1787/828/671
f 2036/834/670 2057/835/670 1788/800/671
f 2036/834/670 1788/800/671 1789/836/671
f 1770/823/672 1775/837/672 2048/838/673
f 1770/823/672 2048/838/673 2026/839/673
f 2142/825/670 2016/840/670 1771/827/671
f 2142/825/670 1771/827/671 1777/841/671
f 1799/842/672 1769/815/672 2022/843/673
f 1799/842/672 2022/843/673 2131/844/673
f 1841/845/674 1806/846/675 1830/847/675
f 1841/845/674 1830/847/675 1843/848/674
f 1844/849/674 1831/850/675 1829/851/675
f 1844/849/674 1829/851/675 1846/852/674
f 1845/845/676 1828/846/675 1826/847/675
f 1845/845/676 1826/847/675 1847/848/674
s 0
f 1801/853/677 1802/854/677 1822/855/677
f 1801/853/677 1822/855/677 1813/856/677
f 1812/857/677 1823/858/677 1819/859/677
f 1812/857/677 1819/859/677 1810/860/677
f 1811/853/677 1818/854/677 1814/855/677
f 1811/853/677 1814/855/677 1809/856/677
f 1808/861/677 1815/862/677 1833/863/677
f 1808/861/677 1833/863/677 1835/864/677
s 1
f 1848/865/676 1827/866/675 1832/867/675
f 1848/865/676 1832/867/675 1849/868/674
f 1837/869/678 1839/870/679 1838/871/680
f 1837/869/678 1838/871/680 1836/872/681
f 1854/873/682 1850/874/683 1855/875/684
f 1850/874/683 1840/876/685 1855/875/684
f 1860/877/686 1848/865/676 1849/868/674
f 1860/877/686 1849/868/674 1853/878/687
f 1859/879/686 1845/845/676 1847/848/674
f 1859/879/686 1847/848/674 1861/880/687
f 1856/881/686 1844/849/674 1846/852/674
f 1856/881/686 1846/852/674 1858/882/687
f 1852/879/686 1841/845/674 1843/848/674
f 1852/879/686 1843/848/674 1857/880/687
f 1805/883/688 1852/879/686 1857/880/687
f 1805/883/688 1857/880/687 1825/884/688
f 1824/885/688 1856/881/686 1858/882/687
f 1824/885/688 1858/882/687 1820/886/688
f 1821/887/688 1859/879/686 1861/880/687
f 1821/887/688 1861/880/687 1817/884/688
f 1816/888/688 1860/877/686 1853/878/687
f 1816/888/688 1853/878/687 1834/889/688
f 1839/870/679 1854/873/682 1855/875/684
f 1839/870/679 1855/875/684 1838/871/680
f 1842/890/674 1893/891/674 1883/892/675
f 1842/890/674 1883/892/675 1807/893/675
f 1892/894/674 1894/895/674 1880/896/675
f 1892/894/674 1880/896/675 1882/897/675
f 1895/898/676 1907/899/674 1879/900/675
f 1895/898/676 1879/900/675 1881/893/675
s 0
f 1800/860/677 1864/857/677 1875/858/677
f 1800/860/677 1875/858/677 1803/859/677
f 1865/856/677 1863/853/677 1870/854/677
f 1865/856/677 1870/854/677 1874/855/677
f 1862/901/677 1908/902/677 1867/858/677
f 1862/901/677 1867/858/677 1871/859/677
f 1909/903/677 1886/904/677 1884/905/677
f 1909/903/677 1884/905/677 1866/906/677
s 1
f 1906/907/676 1896/908/674 1910/909/675
f 1906/907/676 1910/909/675 1878/910/675
f 1888/869/689 1887/872/690 1889/871/691
f 1888/869/689 1889/871/691 1890/870/692
f 1898/873/693 1899/875/694 1897/874/695
f 1899/875/694 1891/876/696 1897/874/695
f 1905/911/686 1911/912/687 1896/908/674
f 1905/911/686 1896/908/674 1906/907/676
f 1902/913/686 1904/914/687 1907/899/674
f 1902/913/686 1907/899/674 1895/898/676
f 1901/915/686 1903/916/687 1894/895/674
f 1901/915/686 1894/895/674 1892/894/674
f 1851/917/686 1900/918/687 1893/891/674
f 1851/917/686 1893/891/674 1842/890/674
f 1804/919/688 1876/920/688 1900/918/687
f 1804/919/688 1900/918/687 1851/917/686
f 1877/921/688 1873/922/688 1903/916/687
f 1877/921/688 1903/916/687 1901/915/686
f 1872/885/688 1868/923/688 1904/914/687
f 1872/885/688 1904/914/687 1902/913/686
f 1869/924/688 1885/925/688 1911/912/687
f 1869/924/688 1911/912/687 1905/911/686
f 1890/870/692 1889/871/691 1899/875/694
f 1890/870/692 1899/875/694 1898/873/693
f 1950/845/697 1952/848/697 1942/847/698
f 1950/845/697 1942/847/698 1918/846/698
f 1953/849/697 1955/852/697 1941/851/698
f 1953/849/697 1941/851/698 1943/850/698
f 1954/845/697 1956/848/699 1938/847/698
f 1954/845/697 1938/847/698 1940/846/698
s 0
f 1913/853/700 1925/856/700 1934/855/700
f 1913/853/700 1934/855/700 1914/854/700
f 1924/857/700 1922/860/700 1931/859/700
f 1924/857/700 1931/859/700 1935/858/700
f 1923/853/700 1921/856/700 1926/855/700
f 1923/853/700 1926/855/700 1930/854/700
f 1920/861/700 1947/864/700 1945/863/700
f 1920/861/700 1945/863/700 1927/862/700
s 1
f 1957/865/697 1958/868/699 1944/867/698
f 1957/865/697 1944/867/698 1939/866/698
f 1948/869/701 1836/872/681 1838/871/680
f 1948/869/701 1838/871/680 1949/870/679
f 1963/873/702 1855/875/684 1959/874/703
f 1855/875/684 1840/876/685 1959/874/703
f 1968/877/704 1962/878/705 1958/868/699
f 1968/877/704 1958/868/699 1957/865/697
f 1967/879/704 1969/880/705 1956/848/699
f 1967/879/704 1956/848/699 1954/845/697
f 1964/881/704 1966/882/704 1955/852/697
f 1964/881/704 1955/852/697 1953/849/697
f 1961/879/704 1965/880/704 1952/848/697
f 1961/879/704 1952/848/697 1950/845/697
f 1917/883/706 1937/884/706 1965/880/704
f 1917/883/706 1965/880/704 1961/879/704
f 1936/885/706 1932/886/706 1966/882/704
f 1936/885/706 1966/882/704 1964/881/704
f 1933/887/706 1929/884/706 1969/880/705
f 1933/887/706 1969/880/705 1967/879/704
f 1928/888/706 1946/889/707 1962/878/705
f 1928/888/706 1962/878/705 1968/877/704
f 1949/870/679 1838/871/680 1855/875/684
f 1949/870/679 1855/875/684 1963/873/702
f 1951/890/697 1919/893/698 1991/892/698
f 1951/890/697 1991/892/698 1998/891/697
f 1997/894/697 1990/897/698 1988/896/698
f 1997/894/697 1988/896/698 1999/895/697
f 2000/898/697 1989/893/698 1987/900/698
f 2000/898/697 1987/900/698 2011/899/699
s 0
f 1912/860/700 1915/859/700 1983/858/700
f 1912/860/700 1983/858/700 1972/857/700
f 1973/856/700 1982/855/700 1978/854/700
f 1973/856/700 1978/854/700 1971/853/700
f 1970/901/700 1979/859/700 1975/858/700
f 1970/901/700 1975/858/700 2012/902/700
f 2013/903/700 1974/906/700 1992/905/700
f 2013/903/700 1992/905/700 1994/904/700
s 1
f 2010/907/697 1986/910/698 2014/909/698
f 2010/907/697 2014/909/698 2001/908/699
f 1995/869/708 1996/870/692 1889/871/691
f 1995/869/708 1889/871/691 1887/872/690
f 2003/873/693 2002/874/709 1899/875/694
f 2002/874/709 1891/876/696 1899/875/694
f 2009/911/704 2010/907/697 2001/908/699
f 2009/911/704 2001/908/699 2015/912/705
f 2006/913/704 2000/898/697 2011/899/699
f 2006/913/704 2011/899/699 2008/914/705
f 2005/915/704 1997/894/697 1999/895/697
f 2005/915/704 1999/895/697 2007/916/704
f 1960/917/704 1951/890/697 1998/891/697
f 1960/917/704 1998/891/697 2004/918/704
f 1916/919/706 1960/917/704 2004/918/704
f 1916/919/706 2004/918/704 1984/920/706
f 1985/921/706 2005/915/704 2007/916/704
f 1985/921/706 2007/916/704 1981/922/706
f 1980/885/706 2006/913/704 2008/914/705
f 1980/885/706 2008/914/705 1976/923/706
f 1977/924/706 2009/911/704 2015/912/705
f 1977/924/706 2015/912/705 1993/925/707
f 1996/870/692 2003/873/693 1899/875/694
f 1996/870/692 1899/875/694 1889/871/691
f 2143/816/670 2111/779/670 2115/926/710
f 2143/816/670 2115/926/710 2149/927/710
f 2149/927/710 2115/926/710 2117/928/711
f 2149/927/710 2117/928/711 2147/929/711
f 2147/929/711 2117/928/711 2119/930/712
f 2147/929/711 2119/930/712 2145/931/712
f 2145/931/712 2119/930/712 2113/797/668
f 2145/931/712 2113/797/668 2141/788/668
f 2122/803/673 2130/802/673 2134/932/713
f 2122/803/673 2134/932/713 2128/933/713
f 2128/933/713 2134/932/713 2136/934/714
f 2128/933/713 2136/934/714 2126/935/714
f 2126/935/714 2136/934/714 2138/936/715
f 2126/935/714 2138/936/715 2124/937/715
f 2124/937/715 2138/936/715 2132/799/669
f 2124/937/715 2132/799/669 2120/798/669
f 2110/822/670 2096/821/670 2100/938/710
f 2110/822/670 2100/938/710 2114/939/710
f 2114/939/710 2100/938/710 2101/940/711
f 2114/939/710 2101/940/711 2116/941/711
f 2116/941/711 2101/940/711 2102/942/712
f 2116/941/711 2102/942/712 2118/943/712
f 2118/943/712 2102/942/712 2098/794/668
f 2118/943/712 2098/794/668 2112/793/668
f 2105/807/673 2123/806/673 2129/944/713
f 2105/807/673 2129/944/713 2109/945/713
f 2109/945/713 2129/944/713 2127/946/714
f 2109/945/713 2127/946/714 2108/947/714
f 2108/947/714 2127/946/714 2125/948/715
f 2108/947/714 2125/948/715 2107/949/715
f 2107/949/715 2125/948/715 2121/796/669
f 2107/949/715 2121/796/669 2103/795/669
f 2097/826/670 2082/825/670 2086/950/710
f 2097/826/670 2086/950/710 2100/938/710
f 2100/938/710 2086/950/710 2087/935/711
f 2100/938/710 2087/935/711 2101/940/711
f 2101/940/711 2087/935/711 2088/937/712
f 2101/940/711 2088/937/712 2102/942/712
f 2102/942/712 2088/937/712 2084/791/668
f 2102/942/712 2084/791/668 2099/790/668
f 2091/810/673 2106/809/673 2109/945/713
f 2091/810/673 2109/945/713 2095/951/713
f 2095/951/713 2109/945/713 2108/947/714
f 2095/951/713 2108/947/714 2094/952/714
f 2094/952/714 2108/947/714 2107/949/715
f 2094/952/714 2107/949/715 2093/953/715
f 2093/953/715 2107/949/715 2104/786/669
f 2093/953/715 2104/786/669 2089/792/669
f 2083/830/670 2069/829/670 2072/954/710
f 2083/830/670 2072/954/710 2086/950/710
f 2086/950/710 2072/954/710 2073/934/711
f 2086/950/710 2073/934/711 2087/935/711
f 2087/935/711 2073/934/711 2074/955/712
f 2087/935/711 2074/955/712 2088/937/712
f 2088/937/712 2074/955/712 2071/783/668
f 2088/937/712 2071/783/668 2085/787/668
f 2078/814/673 2092/813/673 2095/951/713
f 2078/814/673 2095/951/713 2081/956/713
f 2081/956/713 2095/951/713 2094/952/714
f 2081/956/713 2094/952/714 2080/929/714
f 2080/929/714 2094/952/714 2093/953/715
f 2080/929/714 2093/953/715 2079/931/715
f 2079/931/715 2093/953/715 2090/789/669
f 2079/931/715 2090/789/669 2075/788/669
f 2070/833/670 2056/832/670 2059/950/710
f 2070/833/670 2059/950/710 2072/954/710
f 2072/954/710 2059/950/710 2060/935/711
f 2072/954/710 2060/935/711 2073/934/711
f 2073/934/711 2060/935/711 2061/937/712
f 2073/934/711 2061/937/712 2074/955/712
f 2074/955/712 2061/937/712 2058/784/668
f 2074/955/712 2058/784/668 2071/783/668
f 2064/817/673 2077/816/673 2081/956/713
f 2064/817/673 2081/956/713 2068/926/713
f 2068/926/713 2081/956/713 2080/929/714
f 2068/926/713 2080/929/714 2067/952/714
f 2067/952/714 2080/929/714 2079/931/715
f 2067/952/714 2079/931/715 2066/953/715
f 2066/953/715 2079/931/715 2076/786/669
f 2066/953/715 2076/786/669 2062/785/669
f 2057/835/670 2036/834/670 2040/957/710
f 2057/835/670 2040/957/710 2059/950/710
f 2059/950/710 2040/957/710 2042/934/711
f 2059/950/710 2042/934/711 2060/935/711
f 2060/935/711 2042/934/711 2044/958/712
f 2060/935/711 2044/958/712 2061/937/712
f 2061/937/712 2044/958/712 2038/783/668
f 2061/937/712 2038/783/668 2058/784/668
f 2049/816/673 2065/819/673 2068/926/713
f 2049/816/673 2068/926/713 2055/959/713
f 2055/959/713 2068/926/713 2067/952/714
f 2055/959/713 2067/952/714 2053/929/714
f 2053/929/714 2067/952/714 2066/953/715
f 2053/929/714 2066/953/715 2051/960/715
f 2051/960/715 2066/953/715 2063/789/669
f 2051/960/715 2063/789/669 2047/788/669
f 2037/780/670 2032/779/670 2035/951/710
f 2037/780/670 2035/951/710 2041/961/710
f 2041/961/710 2035/951/710 2034/962/711
f 2041/961/710 2034/962/711 2043/963/711
f 2043/963/711 2034/962/711 2033/964/712
f 2043/963/711 2033/964/712 2045/965/712
f 2045/965/712 2033/964/712 2031/776/668
f 2045/965/712 2031/776/668 2039/775/668
f 2026/839/673 2048/838/673 2054/966/713
f 2026/839/673 2054/966/713 2028/967/713
f 2028/967/713 2054/966/713 2052/968/714
f 2028/967/713 2052/968/714 2029/969/714
f 2029/969/714 2052/968/714 2050/970/715
f 2029/969/714 2050/970/715 2030/971/715
f 2030/971/715 2050/970/715 2046/778/669
f 2030/971/715 2046/778/669 2027/777/669
f 2016/840/670 2142/825/670 2148/972/710
f 2016/840/670 2148/972/710 2018/973/710
f 2018/973/710 2148/972/710 2146/974/711
f 2018/973/710 2146/974/711 2019/934/711
f 2019/934/711 2146/974/711 2144/975/712
f 2019/934/711 2144/975/712 2020/936/712
f 2020/936/712 2144/975/712 2140/798/668
f 2020/936/712 2140/798/668 2017/799/668
f 2131/844/673 2022/843/673 2025/976/713
f 2131/844/673 2025/976/713 2135/977/713
f 2135/977/713 2025/976/713 2024/929/714
f 2135/977/713 2024/929/714 2137/952/714
f 2137/952/714 2024/929/714 2023/978/715
f 2137/952/714 2023/978/715 2139/979/715
f 2139/979/715 2023/978/715 2021/786/669
f 2139/979/715 2021/786/669 2133/785/669
f 2017/799/668 2140/798/668 2133/785/669
f 2017/799/668 2133/785/669 2021/786/669
s 0
usemtl MI_Trim_Metal
f 2154/980/716 2150/981/716 2158/982/716
f 2154/980/716 2158/982/716 2162/983/716
f 2153/981/717 2157/980/717 2173/984/717
f 2153/981/717 2173/984/717 2169/985/717
f 2178/986/718 2166/985/718 2170/984/718
f 2178/986/718 2170/984/718 2185/987/718
f 2165/983/719 2161/982/719 2177/988/719
f 2165/983/719 2177/988/719 2184/989/719
f 2179/990/718 2186/991/718 2181/989/718
f 2179/990/718 2181/989/718 2174/988/718
f 2187/992/720 2171/993/720 2192/994/720
f 2187/992/720 2192/994/720 2196/995/720
f 2155/996/720 2188/997/720 2193/998/720
f 2155/996/720 2193/998/720 2172/999/720
f 2183/1000/720 2195/1001/720 2190/1002/720
f 2183/1000/720 2190/1002/720 2163/1003/720
f 2187/992/720 2196/995/720 2194/1004/720
f 2187/992/720 2194/1004/720 2182/1005/720
f 2156/1006/720 2164/1000/720 2191/1007/720
f 2156/1006/720 2191/1007/720 2189/1008/720
s 1
f 2226/1009/721 2221/1010/721 2389/1011/722
f 2226/1009/721 2389/1011/722 2388/1012/722
f 2198/1013/723 2205/1014/724 2212/1015/725
f 2198/1013/723 2212/1015/725 2202/1016/726
f 2259/1017/727 2289/1018/728 2203/1019/727
s 0
f 2259/1017/727 2203/1019/727 2197/1020/727
s 1
f 2237/1021/729 2235/1022/729 2208/1023/729
s 0
f 2237/1021/730 2208/1023/730 2200/1024/730
s 1
f 2275/1025/731 2278/1026/732 2214/1027/732
f 2275/1025/731 2214/1027/732 2245/1028/733
f 2247/1029/734 2228/1030/735 2242/1030/735
f 2247/1029/734 2242/1030/735 2250/1029/736
f 2246/1031/737 2215/1032/738 2229/1030/739
f 2246/1031/737 2229/1030/739 2248/1029/740
f 2249/1033/741 2233/1034/742 2218/1035/743
f 2249/1033/741 2218/1035/743 2244/1036/744
f 2277/1026/745 2268/1037/746 2219/1038/747
f 2277/1026/745 2219/1038/747 2213/1027/748
f 2321/1039/721 2410/1040/721 2406/1041/749
f 2321/1039/721 2406/1041/749 2402/1042/722
f 2215/1032/738 2220/1043/750 2229/1030/739
f 2233/1034/742 2230/1044/751 2223/1045/751
f 2233/1034/742 2223/1045/751 2218/1035/743
s 0
f 2201/1016/752 2210/1015/752 2239/1015/752
f 2201/1016/752 2239/1015/752 2238/1016/752
s 1
f 2253/1046/753 2249/1033/741 2244/1036/744
f 2253/1046/753 2244/1036/744 2256/1047/754
f 2258/1048/755 2246/1031/737 2248/1029/740
f 2258/1048/755 2248/1029/740 2252/1049/756
f 2251/1049/757 2247/1029/734 2250/1029/736
f 2251/1049/757 2250/1029/736 2254/1049/758
f 2286/1050/759 2275/1025/731 2245/1028/733
f 2286/1050/759 2245/1028/733 2257/1051/760
f 2290/1018/761 2286/1050/759 2257/1051/760
f 2290/1018/761 2257/1051/760 2204/1019/761
f 2211/1015/762 2251/1049/757 2254/1049/758
f 2211/1015/762 2254/1049/758 2240/1015/762
f 2205/1014/724 2258/1048/755 2252/1049/756
f 2205/1014/724 2252/1049/756 2212/1015/725
f 2236/1022/763 2253/1046/753 2256/1047/754
f 2236/1022/763 2256/1047/754 2209/1023/763
f 2283/1052/764 2272/1053/765 2275/1025/731
f 2283/1052/764 2275/1025/731 2286/1050/759
f 2281/1054/766 2270/1055/767 2268/1037/746
f 2281/1054/766 2268/1037/746 2277/1026/745
f 2269/1056/727 2292/1057/768 2289/1018/728
f 2269/1056/727 2289/1018/728 2259/1017/727
f 2199/1058/727 2206/1059/727 2292/1057/768
f 2199/1058/727 2292/1057/768 2269/1056/727
f 2243/1060/769 2216/1061/770 2280/1054/770
f 2243/1060/769 2280/1054/770 2272/1053/765
f 2217/1061/720 2222/1062/720 2270/1055/767
f 2217/1061/720 2270/1055/767 2281/1054/766
f 2255/1063/771 2243/1060/769 2272/1053/765
f 2255/1063/771 2272/1053/765 2283/1052/764
f 2207/1059/761 2255/1063/771 2283/1052/764
f 2207/1059/761 2283/1052/764 2293/1057/761
s 0
f 2264/1064/772 2274/1025/772 2271/1053/772
f 2267/1064/773 2279/1026/773 2276/1025/773
s 1
f 2265/1064/774 2281/1054/766 2277/1026/745
s 0
f 2266/1064/775 2273/1053/775 2282/1054/775
f 2261/1065/776 2284/1052/776 2287/1050/776
f 2263/1065/777 2288/1050/777 2291/1018/777
s 1
f 2260/1065/778 2289/1018/728 2292/1057/768
s 0
f 2262/1065/779 2294/1057/779 2285/1052/779
s 1
f 2296/1013/780 2300/1016/781 2310/1015/782
f 2296/1013/780 2310/1015/782 2303/1014/783
s 0
f 2352/1066/727 2295/1067/727 2301/1068/727
s 1
f 2352/1066/727 2301/1068/727 2382/1069/728
s 0
f 2331/1021/784 2298/1024/784 2306/1023/784
s 1
f 2331/1021/785 2306/1023/785 2329/1022/785
f 2368/1070/765 2339/1071/786 2311/1072/770
f 2368/1070/765 2311/1072/770 2370/1073/770
f 2341/1029/734 2344/1029/736 2336/1030/735
f 2341/1029/734 2336/1030/735 2325/1030/735
f 2340/1031/787 2342/1029/788 2326/1030/789
f 2340/1031/787 2326/1030/789 2313/1032/790
f 2343/1033/791 2338/1036/792 2316/1035/793
f 2343/1033/791 2316/1035/793 2412/1034/794
f 2371/1073/795 2312/1072/720 2317/1074/720
f 2371/1073/795 2317/1074/720 2361/1075/720
f 2313/1032/790 2326/1030/789 2318/1043/796
f 2412/1034/794 2316/1035/793 2320/1045/797
f 2412/1034/794 2320/1045/797 2328/1044/797
s 0
f 2299/1016/752 2332/1016/752 2333/1015/752
f 2299/1016/752 2333/1015/752 2308/1015/752
s 1
f 2413/1046/798 2349/1047/799 2338/1036/792
f 2413/1046/798 2338/1036/792 2343/1033/791
f 2351/1048/800 2346/1049/801 2342/1029/788
f 2351/1048/800 2342/1029/788 2340/1031/787
f 2345/1049/757 2347/1049/758 2344/1029/736
f 2345/1049/757 2344/1029/736 2341/1029/734
f 2379/1076/759 2350/1077/760 2339/1071/786
f 2379/1076/759 2339/1071/786 2368/1070/765
f 2383/1069/761 2302/1068/761 2350/1077/760
f 2383/1069/761 2350/1077/760 2379/1076/759
f 2309/1015/762 2334/1015/762 2347/1049/758
f 2309/1015/762 2347/1049/758 2345/1049/757
f 2303/1014/783 2310/1015/782 2346/1049/801
f 2303/1014/783 2346/1049/801 2351/1048/800
f 2330/1022/802 2307/1023/802 2349/1047/799
f 2330/1022/802 2349/1047/799 2413/1046/798
f 2376/1078/764 2379/1076/759 2368/1070/765
f 2376/1078/764 2368/1070/765 2365/1079/765
f 2374/1080/803 2371/1073/795 2361/1075/720
f 2374/1080/803 2361/1075/720 2363/1081/720
f 2362/1082/727 2352/1066/727 2382/1069/728
f 2362/1082/727 2382/1069/728 2385/1083/768
f 2297/1084/727 2362/1082/727 2385/1083/768
f 2297/1084/727 2385/1083/768 2304/1085/727
f 2337/1086/769 2365/1079/765 2373/1080/770
f 2337/1086/769 2373/1080/770 2314/1087/770
f 2315/1087/720 2374/1080/803 2363/1081/720
s 0
f 2315/1087/720 2363/1081/720 2319/1088/720
s 1
f 2348/1089/771 2376/1078/764 2365/1079/765
f 2348/1089/771 2365/1079/765 2337/1086/769
f 2305/1085/761 2386/1083/761 2376/1078/764
f 2305/1085/761 2376/1078/764 2348/1089/771
s 0
f 2357/1090/804 2364/1079/804 2367/1070/804
f 2359/1090/805 2369/1070/805 2372/1073/805
s 1
f 2358/1090/806 2371/1073/795 2374/1080/803
s 0
f 2360/1090/807 2375/1080/807 2366/1079/807
f 2354/1091/776 2380/1076/776 2377/1078/776
f 2355/1091/808 2384/1069/808 2381/1076/808
s 1
f 2353/1091/778 2385/1083/768 2382/1069/728
s 0
f 2356/1091/809 2378/1078/809 2387/1083/809
f 2231/1092/810 2234/1093/810 2397/1094/810
f 2231/1092/810 2397/1094/810 2399/1095/810
s 1
f 2225/1096/721 2226/1009/721 2388/1012/722
f 2225/1096/721 2388/1012/722 2393/1097/722
s 0
f 2411/1040/811 2327/1098/811 2409/1099/811
f 2411/1040/811 2409/1099/811 2407/1041/811
s 1
f 2323/1100/721 2322/1101/721 2403/1102/722
f 2323/1100/721 2403/1102/722 2400/1103/722
f 2224/1104/721 2225/1096/721 2393/1097/722
f 2224/1104/721 2393/1097/722 2392/1105/722
f 2392/1105/722 2394/1106/720 2398/1095/720
f 2392/1105/722 2398/1095/720 2396/1094/749
f 2389/1011/722 2391/1107/720 2390/1108/720
f 2389/1011/722 2390/1108/720 2388/1012/722
f 2388/1012/722 2390/1108/720 2395/1109/720
f 2388/1012/722 2395/1109/720 2393/1097/722
f 2393/1097/722 2395/1109/720 2394/1106/720
f 2393/1097/722 2394/1106/720 2392/1105/722
f 2402/1042/722 2406/1041/749 2408/1099/720
f 2402/1042/722 2408/1099/720 2404/1110/720
f 2389/1011/722 2400/1103/722 2401/1111/720
f 2389/1011/722 2401/1111/720 2391/1107/720
f 2400/1103/722 2403/1102/722 2405/1112/720
f 2400/1103/722 2405/1112/720 2401/1111/720
f 2403/1102/722 2402/1042/722 2404/1110/720
f 2403/1102/722 2404/1110/720 2405/1112/720
f 2232/1093/721 2224/1104/721 2392/1105/722
f 2232/1093/721 2392/1105/722 2396/1094/749
f 2221/1010/721 2323/1100/721 2400/1103/722
f 2221/1010/721 2400/1103/722 2389/1011/722
f 2322/1101/721 2321/1039/721 2402/1042/722
f 2322/1101/721 2402/1042/722 2403/1102/722
f 2439/1113/812 2579/1114/813 2580/1115/813
f 2439/1113/812 2580/1115/813 2436/1116/812
f 2415/1013/814 2419/1016/815 2429/1015/725
f 2415/1013/814 2429/1015/725 2422/1014/816
s 0
f 2465/1117/817 2414/1118/817 2420/1119/817
s 1
f 2465/1117/817 2420/1119/817 2493/1120/818
s 0
f 2445/1021/819 2417/1024/819 2425/1023/819
s 1
f 2445/1021/820 2425/1023/820 2443/1022/820
f 2479/1121/821 2451/1122/822 2430/1123/823
f 2479/1121/821 2430/1123/823 2481/1124/823
f 2453/1029/824 2456/1029/824 2241/1030/825
f 2453/1029/824 2241/1030/825 2227/1030/825
f 2452/1031/737 2454/1029/826 2229/1030/739
f 2452/1031/737 2229/1030/739 2432/1032/827
f 2455/1033/828 2450/1036/829 2435/1035/830
f 2455/1033/828 2435/1035/830 2441/1034/831
f 2482/1124/832 2431/1123/720 2219/1038/747
f 2482/1124/832 2219/1038/747 2268/1037/746
f 2521/1125/812 2586/1126/813 2588/1127/833
f 2521/1125/812 2588/1127/833 2590/1128/812
f 2432/1032/827 2229/1030/739 2220/1043/750
f 2441/1034/831 2435/1035/830 2223/1045/751
f 2441/1034/831 2223/1045/751 2230/1044/751
s 0
f 2418/1016/834 2446/1016/834 2447/1015/834
f 2418/1016/834 2447/1015/834 2427/1015/834
s 1
f 2459/1046/835 2462/1047/836 2450/1036/829
f 2459/1046/835 2450/1036/829 2455/1033/828
f 2464/1048/755 2458/1049/756 2454/1029/826
f 2464/1048/755 2454/1029/826 2452/1031/737
f 2457/1049/837 2460/1049/837 2456/1029/824
f 2457/1049/837 2456/1029/824 2453/1029/824
f 2490/1129/838 2463/1130/839 2451/1122/822
f 2490/1129/838 2451/1122/822 2479/1121/821
f 2494/1120/840 2421/1119/840 2463/1130/839
f 2494/1120/840 2463/1130/839 2490/1129/838
f 2428/1015/841 2448/1015/841 2460/1049/837
f 2428/1015/841 2460/1049/837 2457/1049/837
f 2422/1014/816 2429/1015/725 2458/1049/756
f 2422/1014/816 2458/1049/756 2464/1048/755
f 2444/1022/842 2426/1023/842 2462/1047/836
f 2444/1022/842 2462/1047/836 2459/1046/835
f 2487/1131/843 2490/1129/838 2479/1121/821
f 2487/1131/843 2479/1121/821 2476/1132/844
f 2485/1133/832 2482/1124/832 2268/1037/746
f 2485/1133/832 2268/1037/746 2270/1055/767
f 2474/1134/817 2465/1117/817 2493/1120/818
f 2474/1134/817 2493/1120/818 2496/1135/845
f 2416/1136/817 2474/1134/817 2496/1135/845
f 2416/1136/817 2496/1135/845 2423/1137/817
f 2449/1138/846 2476/1132/844 2484/1133/823
f 2449/1138/846 2484/1133/823 2433/1139/823
f 2434/1139/720 2485/1133/832 2270/1055/767
f 2434/1139/720 2270/1055/767 2222/1062/720
f 2461/1140/847 2487/1131/843 2476/1132/844
f 2461/1140/847 2476/1132/844 2449/1138/846
f 2424/1137/840 2497/1135/840 2487/1131/843
f 2424/1137/840 2487/1131/843 2461/1140/847
s 0
f 2470/1141/848 2475/1132/848 2478/1121/848
f 2473/1141/849 2480/1121/849 2483/1124/849
s 1
f 2471/1141/850 2482/1124/832 2485/1133/832
s 0
f 2472/1141/851 2486/1133/851 2477/1132/851
f 2467/1142/852 2491/1129/852 2488/1131/852
f 2469/1142/853 2495/1120/853 2492/1129/853
s 1
f 2466/1142/854 2496/1135/845 2493/1120/818
s 0
f 2468/1142/855 2489/1131/855 2498/1135/855
s 1
f 2500/1013/856 2507/1014/857 2514/1015/782
f 2500/1013/856 2514/1015/782 2504/1016/858
f 2545/1143/817 2573/1144/818 2505/1145/817
s 0
f 2545/1143/817 2505/1145/817 2499/1146/817
s 1
f 2526/1021/859 2524/1022/859 2510/1023/859
s 0
f 2526/1021/860 2510/1023/860 2502/1024/860
s 1
f 2559/1147/821 2561/1148/823 2515/1149/823
f 2559/1147/821 2515/1149/823 2532/1150/822
f 2534/1029/824 2324/1030/825 2335/1030/825
f 2534/1029/824 2335/1030/825 2537/1029/824
f 2533/1031/787 2517/1032/861 2326/1030/789
f 2533/1031/787 2326/1030/789 2535/1029/862
f 2536/1033/863 2592/1034/864 2520/1035/865
f 2536/1033/863 2520/1035/865 2531/1036/866
f 2562/1148/832 2361/1075/720 2317/1074/720
f 2562/1148/832 2317/1074/720 2516/1149/720
f 2517/1032/861 2318/1043/796 2326/1030/789
f 2592/1034/864 2328/1044/797 2320/1045/797
f 2592/1034/864 2320/1045/797 2520/1035/865
s 0
f 2503/1016/834 2512/1015/834 2528/1015/834
f 2503/1016/834 2528/1015/834 2527/1016/834
s 1
f 2593/1046/867 2536/1033/863 2531/1036/866
f 2593/1046/867 2531/1036/866 2542/1047/868
f 2544/1048/800 2533/1031/787 2535/1029/862
f 2544/1048/800 2535/1029/862 2539/1049/801
f 2538/1049/837 2534/1029/824 2537/1029/824
f 2538/1049/837 2537/1029/824 2540/1049/837
f 2570/1151/838 2559/1147/821 2532/1150/822
f 2570/1151/838 2532/1150/822 2543/1152/839
f 2574/1144/840 2570/1151/838 2543/1152/839
f 2574/1144/840 2543/1152/839 2506/1145/840
f 2513/1015/841 2538/1049/837 2540/1049/837
f 2513/1015/841 2540/1049/837 2529/1015/841
f 2507/1014/857 2544/1048/800 2539/1049/801
f 2507/1014/857 2539/1049/801 2514/1015/782
f 2525/1022/869 2593/1046/867 2542/1047/868
f 2525/1022/869 2542/1047/868 2511/1023/869
f 2567/1153/843 2556/1154/844 2559/1147/821
f 2567/1153/843 2559/1147/821 2570/1151/838
f 2565/1155/832 2363/1081/720 2361/1075/720
f 2565/1155/832 2361/1075/720 2562/1148/832
f 2554/1156/817 2576/1157/845 2573/1144/818
f 2554/1156/817 2573/1144/818 2545/1143/817
f 2501/1158/817 2508/1159/817 2576/1157/845
f 2501/1158/817 2576/1157/845 2554/1156/817
f 2530/1160/846 2518/1161/823 2564/1155/823
f 2530/1160/846 2564/1155/823 2556/1154/844
s 0
f 2519/1161/720 2319/1088/720 2363/1081/720
s 1
f 2519/1161/720 2363/1081/720 2565/1155/832
f 2541/1162/847 2530/1160/846 2556/1154/844
f 2541/1162/847 2556/1154/844 2567/1153/843
f 2509/1159/840 2541/1162/847 2567/1153/843
f 2509/1159/840 2567/1153/843 2577/1157/840
s 0
f 2550/1163/848 2558/1147/848 2555/1154/848
f 2552/1163/870 2563/1148/870 2560/1147/870
s 1
f 2551/1163/850 2565/1155/832 2562/1148/832
s 0
f 2553/1163/871 2557/1154/871 2566/1155/871
f 2547/1164/852 2568/1153/852 2571/1151/852
f 2548/1164/872 2572/1151/872 2575/1144/872
s 1
f 2546/1164/854 2573/1144/818 2576/1157/845
s 0
f 2549/1164/873 2578/1157/873 2569/1153/873
f 2231/1092/810 2399/1095/810 2584/1165/810
f 2231/1092/810 2584/1165/810 2442/1166/810
s 1
f 2438/1167/812 2582/1168/813 2579/1114/813
f 2438/1167/812 2579/1114/813 2439/1113/812
s 0
f 2591/1128/811 2589/1127/811 2409/1099/811
f 2591/1128/811 2409/1099/811 2327/1098/811
s 1
f 2523/1169/812 2585/1170/813 2587/1171/813
f 2523/1169/812 2587/1171/813 2522/1172/812
f 2437/1173/812 2581/1174/813 2582/1168/813
f 2437/1173/812 2582/1168/813 2438/1167/812
f 2581/1174/813 2583/1165/833 2398/1095/720
f 2581/1174/813 2398/1095/720 2394/1106/720
f 2580/1115/813 2579/1114/813 2390/1108/720
f 2580/1115/813 2390/1108/720 2391/1107/720
f 2579/1114/813 2582/1168/813 2395/1109/720
f 2579/1114/813 2395/1109/720 2390/1108/720
f 2582/1168/813 2581/1174/813 2394/1106/720
f 2582/1168/813 2394/1106/720 2395/1109/720
f 2586/1126/813 2404/1110/720 2408/1099/720
f 2586/1126/813 2408/1099/720 2588/1127/833
f 2580/1115/813 2391/1107/720 2401/1111/720
f 2580/1115/813 2401/1111/720 2585/1170/813
f 2585/1170/813 2401/1111/720 2405/1112/720
f 2585/1170/813 2405/1112/720 2587/1171/813
f 2587/1171/813 2405/1112/720 2404/1110/720
f 2587/1171/813 2404/1110/720 2586/1126/813
f 2440/1166/812 2583/1165/833 2581/1174/813
f 2440/1166/812 2581/1174/813 2437/1173/812
f 2436/1116/812 2580/1115/813 2585/1170/813
f 2436/1116/812 2585/1170/813 2523/1169/812
f 2522/1172/812 2587/1171/813 2586/1126/813
f 2522/1172/812 2586/1126/813 2521/1125/812
f 2645/1175/874 2599/1176/875 2603/1177/875
f 2645/1175/874 2603/1177/875 2646/1178/876
f 2621/1179/877 2602/1177/878 2598/1176/878
f 2621/1179/877 2598/1176/878 2626/1180/879
s 0
f 2625/1180/880 2597/1176/880 2644/1175/880
f 2652/1181/880 2650/1182/880 2617/1183/880
f 2652/1181/880 2617/1183/880 2643/1184/880
f 2697/1185/880 2688/1186/880 2678/1187/880
f 2678/1187/880 2706/1188/880 2707/1189/880
f 2678/1187/880 2707/1189/880 2697/1185/880
s 1
f 2609/1190/881 2612/1191/882 2636/1192/883
f 2609/1190/881 2636/1192/883 2640/1193/884
f 2639/1194/885 2638/1195/886 2607/1196/887
f 2639/1194/885 2607/1196/887 2608/1197/888
s 0
f 2618/1198/880 2614/1199/880 2711/1200/880
s 1
f 2712/1200/889 2615/1199/890 2616/1201/891
f 2712/1200/889 2616/1201/891 2713/1202/892
f 2627/1203/893 2621/1179/877 2626/1180/879
f 2627/1203/893 2626/1180/879 2629/1204/894
s 0
f 2600/1205/895 2619/1206/895 2623/1207/895
f 2600/1205/895 2623/1207/895 2595/1208/895
s 1
f 2610/1190/896 2627/1203/893 2629/1204/894
f 2610/1190/896 2629/1204/894 2613/1191/897
s 0
f 2618/1198/880 2628/1204/880 2625/1180/880
s 1
f 2620/1206/898 2631/1209/898 2634/1210/898
f 2620/1206/898 2634/1210/898 2624/1207/899
f 2638/1195/886 2639/1194/885 2640/1193/884
f 2638/1195/886 2640/1193/884 2636/1192/883
s 0
f 2611/1191/880 2618/1198/880 2643/1184/880
f 2611/1191/880 2643/1184/880 2635/1192/880
f 2641/1211/880 2652/1181/880 2651/1212/880
f 2651/1212/880 2622/1207/880 2632/1210/880
f 2651/1212/880 2632/1210/880 2641/1211/880
f 2618/1198/880 2611/1191/880 2628/1204/880
f 2618/1198/880 2625/1180/880 2644/1175/880
f 2618/1198/880 2644/1175/880 2654/1213/880
s 1
f 2655/1213/900 2645/1175/874 2646/1178/876
f 2655/1213/900 2646/1178/876 2653/1214/901
f 2596/1208/902 2649/1215/903 2647/1216/904
f 2596/1208/902 2647/1216/904 2601/1205/905
s 0
f 2622/1207/880 2651/1212/880 2648/1215/880
f 2622/1207/880 2648/1215/880 2594/1208/880
f 2697/1185/880 2707/1189/880 2650/1182/880
f 2697/1185/880 2650/1182/880 2604/1217/880
f 2707/1189/880 2706/1188/880 2674/1218/880
f 2707/1189/880 2674/1218/880 2699/1219/880
f 2643/1184/880 2637/1195/880 2635/1192/880
s 1
f 2615/1199/890 2655/1213/900 2653/1214/901
f 2615/1199/890 2653/1214/901 2616/1201/891
s 0
f 2618/1198/880 2654/1213/880 2614/1199/880
f 2637/1195/880 2643/1184/880 2617/1183/880
f 2637/1195/880 2617/1183/880 2606/1196/880
s 1
f 2701/1220/906 2702/1221/907 2665/1222/908
f 2701/1220/906 2665/1222/908 2661/1223/908
f 2677/1224/909 2682/1225/910 2660/1223/911
f 2677/1224/909 2660/1223/911 2664/1222/911
s 0
f 2681/1225/880 2700/1220/880 2659/1223/880
f 2618/1198/880 2651/1212/880 2652/1181/880
f 2618/1198/880 2652/1181/880 2643/1184/880
s 1
f 2667/1226/912 2696/1227/913 2692/1228/914
f 2667/1226/912 2692/1228/914 2670/1229/915
f 2695/1230/916 2608/1197/888 2607/1196/887
f 2695/1230/916 2607/1196/887 2694/1231/917
s 0
f 2674/1218/880 2714/1232/880 2671/1233/880
s 1
f 2715/1232/918 2716/1234/919 2673/1235/920
f 2715/1232/918 2673/1235/920 2672/1233/921
f 2683/1236/922 2685/1237/923 2682/1225/910
f 2683/1236/922 2682/1225/910 2677/1224/909
s 0
f 2662/1238/895 2657/1239/895 2679/1187/895
f 2662/1238/895 2679/1187/895 2675/1240/895
s 1
f 2666/1226/924 2669/1229/925 2685/1237/923
f 2666/1226/924 2685/1237/923 2683/1236/922
s 0
f 2674/1218/880 2681/1225/880 2684/1237/880
s 1
f 2676/1240/926 2680/1187/927 2690/1186/926
f 2676/1240/926 2690/1186/926 2687/1241/926
f 2694/1231/917 2692/1228/914 2696/1227/913
f 2694/1231/917 2696/1227/913 2695/1230/916
s 0
f 2668/1229/880 2691/1228/880 2699/1219/880
f 2668/1229/880 2699/1219/880 2674/1218/880
f 2674/1218/880 2684/1237/880 2668/1229/880
f 2674/1218/880 2709/1242/880 2700/1220/880
f 2674/1218/880 2700/1220/880 2681/1225/880
s 1
f 2710/1242/928 2708/1243/929 2702/1221/907
f 2710/1242/928 2702/1221/907 2701/1220/906
f 2658/1239/930 2663/1238/931 2703/1244/932
f 2658/1239/930 2703/1244/932 2705/1245/933
s 0
f 2678/1187/880 2656/1239/880 2704/1245/880
f 2678/1187/880 2704/1245/880 2706/1188/880
f 2652/1181/880 2641/1211/880 2604/1217/880
f 2652/1181/880 2604/1217/880 2650/1182/880
f 2699/1219/880 2617/1183/880 2650/1182/880
f 2699/1219/880 2650/1182/880 2707/1189/880
f 2699/1219/880 2691/1228/880 2693/1231/880
s 1
f 2672/1233/921 2673/1235/920 2708/1243/929
f 2672/1233/921 2708/1243/929 2710/1242/928
s 0
f 2674/1218/880 2671/1233/880 2709/1242/880
f 2693/1231/880 2606/1196/880 2617/1183/880
f 2693/1231/880 2617/1183/880 2699/1219/880
s 1
f 2705/1245/933 2703/1244/932 2716/1234/919
f 2705/1245/933 2716/1234/919 2715/1232/918
s 0
f 2706/1188/880 2704/1245/880 2714/1232/880
f 2706/1188/880 2714/1232/880 2674/1218/880
s 1
f 2649/1215/903 2712/1200/889 2713/1202/892
f 2649/1215/903 2713/1202/892 2647/1216/904
s 0
f 2651/1212/880 2618/1198/880 2711/1200/880
f 2651/1212/880 2711/1200/880 2648/1215/880
f 2630/1209/934 2718/1246/934 2642/1211/934
f 2630/1209/934 2642/1211/934 2633/1210/934
f 2605/1217/934 2717/1247/934 2719/1248/934
f 2605/1217/934 2719/1248/934 2698/1185/934
f 2642/1211/934 2718/1246/934 2717/1247/934
f 2642/1211/934 2717/1247/934 2605/1217/934
f 2698/1185/934 2719/1248/934 2686/1241/934
f 2698/1185/934 2686/1241/934 2689/1186/934
f 2168/1249/935 2180/1250/935 2737/1251/935
f 2168/1249/935 2737/1251/935 2730/1252/935
f 2180/1250/935 2175/1253/935 2733/1254/935
f 2180/1250/935 2733/1254/935 2737/1251/935
f 2151/1255/935 2167/1256/935 2729/1257/935
f 2151/1255/935 2729/1257/935 2721/1258/935
f 2159/1259/935 2152/1260/935 2722/1261/935
f 2159/1259/935 2722/1261/935 2725/1262/935
f 2176/1263/935 2160/1264/935 2726/1265/935
f 2176/1263/935 2726/1265/935 2734/1266/935
f 2735/1267/936 2727/1268/936 2741/1269/936
f 2735/1267/936 2741/1269/936 2745/1270/936
f 2723/1271/937 2731/1272/937 2743/1273/937
f 2723/1271/937 2743/1273/937 2739/1274/937
f 2724/1275/938 2720/1276/938 2738/1277/938
f 2724/1275/938 2738/1277/938 2740/1278/938
f 2736/1279/939 2732/1280/939 2744/1281/939
f 2736/1279/939 2744/1281/939 2746/1282/939
f 2728/1283/939 2736/1279/939 2746/1282/939
f 2728/1283/939 2746/1282/939 2742/1284/939
f 2789/1285/940 2747/1286/940 2759/1287/940
f 2789/1285/940 2759/1287/940 2797/1288/940
f 2758/1289/941 2794/1290/941 2796/1291/941
f 2758/1289/941 2796/1291/941 2755/1292/941
f 2753/1293/940 2795/1294/940 2799/1295/940
f 2753/1293/940 2799/1295/940 2762/1296/940
s 1
f 2813/1297/942 2757/1298/942 2754/1299/942
f 2813/1297/942 2754/1299/942 2822/1300/943
s 0
f 2820/1301/940 2753/1293/940 2762/1296/940
f 2820/1301/940 2762/1296/940 2826/1302/940
f 2832/1303/940 2768/1304/940 2774/1305/940
f 2832/1303/940 2774/1305/940 2837/1306/940
s 1
f 2828/1307/944 2763/1308/945 2769/1309/945
f 2828/1307/944 2769/1309/945 2834/1310/945
s 0
f 2764/1311/946 2800/1312/946 2804/1313/946
f 2764/1311/947 2804/1313/947 2770/1314/947
s 1
f 2806/1315/948 2773/1316/948 2788/1317/948
f 2806/1315/948 2788/1317/948 2778/1318/948
s 0
f 2768/1304/940 2803/1319/940 2808/1320/940
f 2768/1304/940 2808/1320/940 2774/1305/940
f 2801/1321/940 2765/1322/940 2771/1323/940
f 2801/1321/940 2771/1323/940 2805/1324/940
f 2839/1325/940 2843/1326/940 2777/1327/940
f 2839/1325/940 2777/1327/940 2786/1328/940
f 2798/1329/949 2761/1330/949 2767/1331/949
f 2798/1329/950 2767/1331/950 2802/1332/950
f 2749/1333/951 2790/1334/951 2792/1335/951
f 2749/1333/951 2792/1335/951 2752/1336/951
f 2849/1337/940 2851/1338/940 2808/1320/940
f 2849/1337/940 2808/1320/940 2803/1319/940
f 2838/1339/952 2775/1340/952 2784/1341/952
f 2838/1339/953 2784/1341/953 2842/1342/953
f 2860/1343/946 2850/1344/946 2804/1313/946
f 2860/1343/946 2804/1313/946 2800/1312/946
f 2863/1345/940 2859/1346/940 2799/1295/940
f 2863/1345/940 2799/1295/940 2795/1294/940
f 2866/1347/941 2864/1348/941 2796/1291/941
f 2866/1347/941 2796/1291/941 2794/1290/941
f 2862/1349/951 2868/1350/951 2792/1335/951
f 2862/1349/951 2792/1335/951 2790/1334/951
f 2870/1351/940 2845/1352/940 2777/1327/940
f 2870/1351/954 2777/1327/954 2843/1326/954
f 2856/1353/955 2807/1315/955 2779/1318/955
s 1
f 2856/1353/955 2779/1318/955 2846/1354/955
f 2776/1355/956 2809/1356/957 2781/1357/956
f 2776/1355/956 2781/1357/956 2785/1358/956
s 0
f 2847/1359/940 2869/1360/940 2844/1361/940
f 2847/1359/954 2844/1361/954 2780/1362/954
f 2869/1360/940 2870/1351/940 2843/1326/940
f 2869/1360/940 2843/1326/940 2844/1361/940
f 2772/1363/953 2836/1364/953 2840/1365/953
f 2772/1363/953 2840/1365/953 2787/1366/953
f 2836/1364/953 2838/1339/953 2842/1342/953
f 2836/1364/953 2842/1342/953 2840/1365/953
f 2783/1367/940 2780/1362/940 2844/1361/940
f 2783/1367/940 2844/1361/940 2841/1368/940
f 2841/1368/940 2844/1361/940 2843/1326/940
f 2841/1368/940 2843/1326/940 2839/1325/940
s 1
f 2760/1369/958 2825/1370/959 2831/1371/959
f 2760/1369/958 2831/1371/959 2766/1372/959
s 0
f 2824/1370/960 2827/1307/960 2833/1310/960
f 2824/1370/960 2833/1310/960 2830/1371/960
f 2765/1322/940 2829/1373/940 2771/1323/940
f 2829/1373/940 2835/1374/940 2771/1323/940
f 2829/1373/940 2832/1303/940 2837/1306/940
f 2829/1373/940 2837/1306/940 2835/1374/940
f 2747/1286/940 2817/1375/940 2823/1376/940
f 2747/1286/940 2823/1376/940 2759/1287/940
f 2817/1375/940 2820/1301/940 2826/1302/940
f 2817/1375/940 2826/1302/940 2823/1376/940
s 1
f 2751/1377/961 2816/1378/962 2819/1379/963
f 2751/1377/961 2819/1379/963 2748/1380/963
s 0
f 2815/1378/964 2812/1297/964 2821/1300/964
f 2815/1378/964 2821/1300/964 2818/1379/964
f 2810/1356/965 2852/1381/965 2848/1382/965
s 1
f 2810/1356/965 2848/1382/965 2782/1357/965
s 0
f 2789/1285/940 2797/1288/940 2857/1383/940
f 2789/1285/940 2857/1383/940 2861/1384/940
f 2798/1329/949 2802/1332/949 2854/1385/949
f 2798/1329/949 2854/1385/949 2858/1386/949
f 2801/1321/940 2805/1324/940 2855/1387/940
f 2801/1321/940 2855/1387/940 2853/1388/940
f 2913/1389/940 2921/1390/940 2883/1391/940
f 2913/1389/940 2883/1391/940 2871/1392/940
f 2882/1393/941 2879/1394/941 2920/1395/941
f 2882/1393/941 2920/1395/941 2918/1396/941
f 2877/1397/940 2886/1398/940 2923/1399/940
f 2877/1397/940 2923/1399/940 2919/1400/940
s 1
f 2937/1401/966 2946/1402/967 2878/1403/966
f 2937/1401/966 2878/1403/966 2881/1404/966
s 0
f 2944/1405/940 2950/1406/940 2886/1398/940
f 2944/1405/940 2886/1398/940 2877/1397/940
f 2956/1407/940 2961/1408/940 2898/1409/940
f 2956/1407/940 2898/1409/940 2892/1410/940
s 1
f 2952/1411/968 2958/1412/968 2893/1413/968
f 2952/1411/968 2893/1413/968 2887/1414/968
s 0
f 2888/1415/946 2894/1416/946 2928/1417/946
f 2888/1415/947 2928/1417/947 2924/1418/947
s 1
f 2930/1419/969 2902/1420/969 2912/1421/969
f 2930/1419/969 2912/1421/969 2897/1422/969
s 0
f 2892/1410/940 2898/1409/940 2932/1423/940
f 2892/1410/940 2932/1423/940 2927/1424/940
f 2925/1425/940 2929/1426/940 2895/1427/940
f 2925/1425/940 2895/1427/940 2889/1428/940
f 2963/1429/940 2910/1430/940 2901/1431/940
f 2963/1429/940 2901/1431/940 2967/1432/940
f 2922/1433/949 2926/1434/949 2891/1435/949
s 1
f 2922/1433/950 2891/1435/950 2885/1436/950
s 0
f 2873/1437/951 2876/1438/951 2916/1439/951
f 2873/1437/951 2916/1439/951 2914/1440/951
f 2849/1337/940 2927/1424/940 2932/1423/940
f 2849/1337/940 2932/1423/940 2851/1338/940
f 2962/1441/970 2966/1442/970 2908/1443/970
f 2962/1441/970 2908/1443/970 2899/1444/970
f 2860/1343/971 2924/1418/971 2928/1417/971
f 2860/1343/947 2928/1417/947 2850/1344/947
f 2863/1345/940 2919/1400/940 2923/1399/940
f 2863/1345/940 2923/1399/940 2859/1346/940
f 2866/1347/941 2918/1396/941 2920/1395/941
f 2866/1347/941 2920/1395/941 2864/1348/941
f 2862/1349/951 2914/1440/951 2916/1439/951
f 2862/1349/951 2916/1439/951 2868/1350/951
f 2870/1351/940 2967/1432/940 2901/1431/940
f 2870/1351/940 2901/1431/940 2845/1352/940
f 2856/1353/955 2846/1354/955 2903/1420/955
f 2856/1353/955 2903/1420/955 2931/1419/955
s 1
f 2900/1445/972 2909/1446/972 2905/1447/972
f 2900/1445/972 2905/1447/972 2933/1448/972
s 0
f 2847/1359/940 2904/1449/940 2968/1450/940
f 2847/1359/940 2968/1450/940 2869/1360/940
f 2869/1360/940 2968/1450/940 2967/1432/940
f 2869/1360/940 2967/1432/940 2870/1351/940
f 2896/1451/970 2911/1452/970 2964/1453/970
f 2896/1451/970 2964/1453/970 2960/1454/970
f 2960/1454/970 2964/1453/970 2966/1442/970
f 2960/1454/970 2966/1442/970 2962/1441/970
f 2907/1455/940 2965/1456/940 2968/1450/940
f 2907/1455/940 2968/1450/940 2904/1449/940
f 2965/1456/940 2963/1429/940 2967/1432/940
f 2965/1456/940 2967/1432/940 2968/1450/940
s 1
f 2884/1457/973 2890/1458/973 2955/1459/973
f 2884/1457/973 2955/1459/973 2949/1460/973
s 0
f 2948/1460/974 2954/1459/974 2957/1412/974
f 2948/1460/974 2957/1412/974 2951/1411/974
f 2889/1428/940 2895/1427/940 2953/1461/940
f 2895/1427/940 2959/1462/940 2953/1461/940
f 2953/1461/940 2959/1462/940 2961/1408/940
f 2953/1461/940 2961/1408/940 2956/1407/940
f 2871/1392/940 2883/1391/940 2947/1463/940
f 2871/1392/940 2947/1463/940 2941/1464/940
f 2941/1464/940 2947/1463/940 2950/1406/940
f 2941/1464/940 2950/1406/940 2944/1405/940
s 1
f 2875/1465/975 2872/1466/976 2943/1467/976
f 2875/1465/975 2943/1467/976 2940/1468/975
s 0
f 2939/1468/977 2942/1467/977 2945/1402/977
f 2939/1468/977 2945/1402/977 2936/1401/977
f 2934/1448/965 2906/1447/965 2848/1382/965
f 2934/1448/965 2848/1382/965 2852/1381/965
f 2913/1389/940 2861/1384/940 2857/1383/940
f 2913/1389/940 2857/1383/940 2921/1390/940
f 2922/1433/978 2858/1386/978 2854/1385/978
f 2922/1433/978 2854/1385/978 2926/1434/978
f 2925/1425/940 2853/1388/940 2855/1387/940
f 2925/1425/940 2855/1387/940 2929/1426/940
s 1
f 3022/1469/979 2995/1470/979 2973/1471/979
f 3022/1469/979 2973/1471/979 3016/1472/979
f 2989/1473/980 3009/1474/981 3007/1475/982
f 2989/1473/980 3007/1475/982 2970/1476/980
f 3005/1477/983 3000/1478/984 2982/1479/985
f 3005/1477/983 2982/1479/985 2980/1480/983
f 3007/1475/982 3009/1474/981 3006/1481/986
f 3007/1475/982 3006/1481/986 2981/1482/986
f 2998/1483/987 3014/1484/988 3011/1485/989
f 2998/1483/987 3011/1485/989 2975/1486/990
s 0
f 2993/1487/991 3001/1488/991 2999/1489/991
f 2993/1487/991 2999/1489/991 2991/1490/991
f 3019/1491/991 3023/1492/991 3001/1488/991
f 3019/1491/991 3001/1488/991 2993/1487/991
f 2991/1490/991 2999/1489/991 3004/1493/991
f 2991/1490/991 3004/1493/991 2996/1494/991
s 1
f 2992/1495/992 2997/1496/993 2974/1497/993
f 2992/1495/992 2974/1497/993 2976/1498/994
f 2994/1499/995 2992/1495/992 2976/1498/994
f 2994/1499/995 2976/1498/994 2972/1500/995
f 3000/1478/984 3002/1501/996 2978/1502/997
f 3000/1478/984 2978/1502/997 2982/1479/985
f 3013/1503/998 3010/1504/999 2990/1505/1000
f 3013/1503/998 2990/1505/1000 2987/1506/998
f 3011/1485/989 3014/1484/988 2988/1506/1001
f 3011/1485/989 2988/1506/1001 2969/1507/1001
f 3024/1508/1002 2985/1509/1003 2977/1510/1002
f 3024/1508/1002 2977/1510/1002 3017/1511/1002
f 3003/1512/1004 3025/1508/1004 3018/1511/1004
f 3003/1512/1004 3018/1511/1004 2979/1513/1004
f 2983/1514/1005 2986/1515/1005 3026/1492/1005
f 2983/1514/1005 3026/1492/1005 3020/1491/1005
f 2984/1516/1006 3021/1469/1007 3015/1472/1006
f 2984/1516/1006 3015/1472/1006 2971/1517/1007
s 0
f 2996/1494/991 3004/1493/991 3008/1504/991
f 2996/1494/991 3008/1504/991 3012/1503/991
s 1
f 3079/1469/1008 3074/1472/1008 3031/1471/1008
f 3079/1469/1008 3031/1471/1008 3052/1470/1008
f 3048/1473/1009 3028/1476/1009 3065/1475/1010
f 3048/1473/1009 3065/1475/1010 3068/1474/1011
f 3063/1477/1012 3038/1480/1012 3040/1479/1013
f 3063/1477/1012 3040/1479/1013 3058/1478/1014
f 3065/1475/1010 3039/1482/1015 3064/1481/1015
f 3065/1475/1010 3064/1481/1015 3068/1474/1011
f 3055/1483/1016 3033/1486/1017 3069/1485/1018
f 3055/1483/1016 3069/1485/1018 3071/1484/1019
s 0
f 3053/1487/1020 3050/1490/1020 3057/1489/1020
f 3053/1487/1020 3057/1489/1020 3059/1488/1020
f 3080/1491/1020 3053/1487/1020 3059/1488/1020
f 3080/1491/1020 3059/1488/1020 3082/1492/1020
f 3050/1490/1020 3056/1494/1020 3062/1493/1020
f 3050/1490/1020 3062/1493/1020 3057/1489/1020
s 1
f 3049/1495/1021 3034/1498/1022 3032/1497/1023
f 3049/1495/1021 3032/1497/1023 3054/1496/1023
f 3051/1499/1024 3030/1500/1025 3034/1498/1022
f 3051/1499/1024 3034/1498/1022 3049/1495/1021
f 3058/1478/1014 3040/1479/1013 3036/1502/1026
f 3058/1478/1014 3036/1502/1026 3060/1501/1027
f 3070/1503/1028 3045/1506/1028 3047/1505/1029
f 3070/1503/1028 3047/1505/1029 3066/1504/1030
f 3069/1485/1018 3027/1507/1031 3046/1506/1031
f 3069/1485/1018 3046/1506/1031 3071/1484/1019
f 3083/1508/1032 3075/1511/1032 3035/1510/1032
f 3083/1508/1032 3035/1510/1032 3044/1509/1033
f 3061/1512/1034 3037/1513/1034 3076/1511/1034
f 3061/1512/1034 3076/1511/1034 3084/1508/1034
f 3041/1514/1035 3077/1491/1035 3081/1492/1035
f 3041/1514/1035 3081/1492/1035 3043/1515/1035
f 3042/1516/1036 3029/1517/1037 3073/1472/1036
f 3042/1516/1036 3073/1472/1036 3078/1469/1037
s 0
f 3056/1494/1020 3072/1503/1020 3067/1504/1020
f 3056/1494/1020 3067/1504/1020 3062/1493/1020
s 1
f 3138/1469/1038 3132/1472/1038 3089/1471/1038
f 3138/1469/1038 3089/1471/1038 3111/1470/1038
f 3105/1473/1039 3086/1476/1039 3123/1475/1040
f 3105/1473/1039 3123/1475/1040 3125/1474/1041
f 3121/1477/1042 3096/1480/1043 3098/1479/1044
f 3121/1477/1042 3098/1479/1044 3116/1478/1045
f 3123/1475/1040 3097/1482/1046 3122/1481/1046
f 3123/1475/1040 3122/1481/1046 3125/1474/1041
f 3114/1483/1047 3091/1486/1047 3127/1485/1048
f 3114/1483/1047 3127/1485/1048 3130/1484/1049
s 0
f 3109/1487/1050 3107/1490/1050 3115/1489/1050
f 3109/1487/1050 3115/1489/1050 3117/1488/1050
f 3135/1491/1050 3109/1487/1050 3117/1488/1050
f 3135/1491/1050 3117/1488/1050 3139/1492/1050
f 3107/1490/1050 3112/1494/1050 3120/1493/1050
f 3107/1490/1050 3120/1493/1050 3115/1489/1050
s 1
f 3108/1495/1051 3092/1498/1052 3090/1497/1053
f 3108/1495/1051 3090/1497/1053 3113/1496/1053
f 3110/1499/1054 3088/1500/1054 3092/1498/1052
f 3110/1499/1054 3092/1498/1052 3108/1495/1051
f 3116/1478/1045 3098/1479/1044 3094/1502/1055
f 3116/1478/1045 3094/1502/1055 3118/1501/1055
f 3129/1503/1056 3103/1506/1056 3106/1505/1057
f 3129/1503/1056 3106/1505/1057 3126/1504/1056
f 3127/1485/1048 3085/1507/1058 3104/1506/1059
f 3127/1485/1048 3104/1506/1059 3130/1484/1049
f 3140/1508/1060 3133/1511/1061 3093/1510/1060
f 3140/1508/1060 3093/1510/1060 3101/1509/1060
f 3119/1512/1062 3095/1513/1063 3134/1511/1063
f 3119/1512/1062 3134/1511/1063 3141/1508/1063
f 3099/1514/1064 3136/1491/1064 3142/1492/1064
f 3099/1514/1064 3142/1492/1064 3102/1515/1064
f 3100/1516/1065 3087/1517/1065 3131/1472/1065
f 3100/1516/1065 3131/1472/1065 3137/1469/1065
s 0
f 3112/1494/1050 3128/1503/1050 3124/1504/1050
f 3112/1494/1050 3124/1504/1050 3120/1493/1050
s 1
f 3195/1469/1066 3168/1470/1066 3147/1471/1066
f 3195/1469/1066 3147/1471/1066 3190/1472/1066
f 3164/1473/1067 3184/1474/1068 3181/1475/1069
f 3164/1473/1067 3181/1475/1069 3144/1476/1067
f 3179/1477/1070 3174/1478/1071 3156/1479/1072
f 3179/1477/1070 3156/1479/1072 3154/1480/1073
f 3181/1475/1069 3184/1474/1068 3180/1481/1074
f 3181/1475/1069 3180/1481/1074 3155/1482/1075
f 3171/1483/1076 3187/1484/1077 3185/1485/1078
f 3171/1483/1076 3185/1485/1078 3149/1486/1076
s 0
f 3169/1487/1079 3175/1488/1079 3173/1489/1079
f 3169/1487/1079 3173/1489/1079 3166/1490/1079
f 3196/1491/1079 3198/1492/1079 3175/1488/1079
f 3196/1491/1079 3175/1488/1079 3169/1487/1079
f 3166/1490/1079 3173/1489/1079 3178/1493/1079
f 3166/1490/1079 3178/1493/1079 3172/1494/1079
s 1
f 3165/1495/1080 3170/1496/1081 3148/1497/1081
f 3165/1495/1080 3148/1497/1081 3150/1498/1082
f 3167/1499/1083 3165/1495/1080 3150/1498/1082
f 3167/1499/1083 3150/1498/1082 3146/1500/1083
f 3174/1478/1071 3176/1501/1084 3152/1502/1085
f 3174/1478/1071 3152/1502/1085 3156/1479/1072
f 3186/1503/1086 3182/1504/1087 3163/1505/1087
f 3186/1503/1086 3163/1505/1087 3161/1506/1086
f 3185/1485/1078 3187/1484/1077 3162/1506/1088
f 3185/1485/1078 3162/1506/1088 3143/1507/1088
f 3199/1508/1089 3160/1509/1089 3151/1510/1089
f 3199/1508/1089 3151/1510/1089 3191/1511/1090
f 3177/1512/1091 3200/1508/1092 3192/1511/1092
f 3177/1512/1091 3192/1511/1092 3153/1513/1092
f 3157/1514/1093 3159/1515/1093 3197/1492/1094
f 3157/1514/1093 3197/1492/1094 3193/1491/1093
f 3158/1516/1095 3194/1469/1095 3189/1472/1095
f 3158/1516/1095 3189/1472/1095 3145/1517/1095
s 0
f 3172/1494/1079 3178/1493/1079 3183/1504/1079
f 3172/1494/1079 3183/1504/1079 3188/1503/1079
f 2814/1518/1096 2750/1519/1096 2791/1520/1096
f 2814/1518/1096 2791/1520/1096 2867/1521/1096
f 2756/1522/1096 2811/1523/1096 2814/1518/1096
f 2793/1524/1096 2756/1522/1096 2814/1518/1096
f 2814/1518/1096 2867/1521/1096 2915/1525/1096
f 2915/1525/1096 2874/1526/1096 2938/1527/1096
f 2938/1527/1096 2935/1528/1096 2880/1529/1096
f 2938/1527/1096 2880/1529/1096 2917/1530/1096
f 2814/1518/1096 2915/1525/1096 2938/1527/1096
f 2865/1531/1096 2793/1524/1096 2814/1518/1096
f 2938/1527/1096 2917/1530/1096 2865/1531/1096
f 2938/1527/1096 2865/1531/1096 2814/1518/1096
