# Blender 4.3.2
# www.blender.org
mtllib tree1.mtl
o _8_tree__8_tree_0
v 5.077665 0.336861 0.235421
v 5.090752 0.389769 0.165528
v 5.049204 0.330026 0.170416
v 5.176727 0.376408 0.319795
v 5.084284 0.321455 0.312972
v 5.120520 0.321781 0.377865
v 5.398051 0.361292 -0.194607
v 5.464465 0.389227 -0.203932
v 5.477184 0.316248 -0.244010
v 5.343548 0.385051 -0.176386
v 5.398051 0.361292 -0.194607
v 5.332585 0.317703 -0.247542
v 5.474556 0.317339 0.445056
v 5.463625 0.383085 0.416811
v 5.397800 0.307191 0.445061
v 5.662258 0.327960 0.271358
v 5.589171 0.366319 0.296831
v 5.645907 0.310752 0.349147
v 5.685968 0.375181 0.215864
v 5.662258 0.327960 0.271358
v 5.731401 0.316015 0.231196
v 5.198115 0.224134 0.057137
v 5.196419 0.231754 0.097537
v 5.033439 0.208481 0.081689
v 5.556181 0.208582 0.000225
v 5.624830 0.197962 -0.045238
v 5.700310 0.207447 0.036709
v 5.559959 0.200725 0.184234
v 5.672230 0.211226 0.218435
v 5.553593 0.198035 0.246212
v 5.168567 0.194724 0.196547
v 5.242622 0.224757 0.169842
v 5.155590 0.207759 0.264831
v 5.440587 0.223709 -0.077049
v 5.407265 0.229355 -0.081516
v 5.455719 0.222109 -0.153349
v 5.263083 0.198555 0.311715
v 5.309005 0.207439 0.247061
v 5.307450 0.222263 0.335429
v 5.307450 0.222263 0.335429
v 5.309005 0.207439 0.247061
v 5.347217 0.221005 0.392873
v 5.405655 0.218466 0.354964
v 5.432871 0.202628 0.278873
v 5.455719 0.226529 0.350033
v 5.574652 0.216992 0.347028
v 5.624135 0.198323 0.424054
v 5.556243 0.192792 0.460344
v 5.488251 0.204571 -0.290785
v 5.444804 0.200049 -0.241607
v 5.403554 0.189009 -0.308577
v 5.642205 0.219972 -0.138057
v 5.562524 0.210341 -0.066917
v 5.624135 0.224208 -0.228981
v 5.091417 0.229328 0.199547
v 5.046430 0.215586 0.255581
v 5.016418 0.209019 0.170105
v 5.672230 0.211226 0.218435
v 5.701299 0.202596 0.156282
v 5.791117 0.226366 0.174148
v 5.624830 0.197962 -0.045238
v 5.562524 0.210341 -0.066917
v 5.642205 0.219972 -0.138057
v 5.553593 0.198035 0.246212
v 5.672230 0.211226 0.218435
v 5.624169 0.197150 0.314794
v 5.700310 0.207447 0.036709
v 5.624830 0.197962 -0.045238
v 5.768770 0.206718 -0.052743
v 5.683644 0.197307 0.375217
v 5.732999 0.205775 0.324191
v 5.724663 0.208073 0.428717
v 5.700310 0.207447 0.036709
v 5.768770 0.206718 -0.052743
v 5.791117 0.229195 0.020925
v 5.589171 0.366319 0.296831
v 5.503685 0.520045 0.245631
v 5.568832 0.371764 0.364175
v 5.176099 0.364822 -0.054478
v 5.276793 0.525820 -0.003622
v 5.181954 0.376479 -0.116586
v 5.145470 0.368561 -0.001657
v 5.276793 0.525820 -0.003622
v 5.176099 0.364822 -0.054478
v 5.790390 0.318609 0.103461
v 5.562339 0.523928 0.074266
v 5.717072 0.388085 0.104731
v 5.707801 0.382071 0.164964
v 5.565211 0.518171 0.177549
v 5.685968 0.375181 0.215864
v 5.090752 0.389769 0.165528
v 5.229402 0.518451 0.098584
v 5.086958 0.381976 0.103719
v 5.590083 0.370513 -0.095805
v 5.534737 0.525921 0.012636
v 5.634883 0.382206 -0.052720
v 5.252028 0.521577 0.189740
v 5.077665 0.336861 0.235421
v 5.084284 0.321455 0.312972
v 5.370875 0.519694 0.277660
v 5.336482 0.516441 0.273180
v 5.344892 0.374403 0.407609
v 5.398051 0.361292 -0.194607
v 5.430277 0.520744 -0.069995
v 5.464465 0.389227 -0.203932
v 5.243019 0.381181 0.328892
v 5.285539 0.524065 0.230093
v 5.176727 0.376408 0.319795
v 5.336813 0.516721 -0.058657
v 5.343548 0.385051 -0.176386
v 5.279219 0.384071 -0.183312
v 5.336813 0.516721 -0.058657
v 5.279219 0.384071 -0.183312
v 5.224087 0.389575 -0.157347
v 5.841856 0.511517 0.104453
v 5.825518 0.526154 0.188875
v 5.765349 0.517766 0.177073
v 5.061782 0.545624 0.228063
v 5.035275 0.531966 0.112041
v 5.036363 0.522608 0.109996
v 5.492253 0.540384 -0.252979
v 5.545677 0.544688 -0.235688
v 5.474270 0.522993 -0.251584
v 5.337489 0.538049 0.466544
v 5.228504 0.512941 0.508134
v 5.259451 0.513099 0.446377
v 5.310075 0.513755 -0.323967
v 5.404875 0.528687 -0.266822
v 5.273364 0.537459 -0.239038
v 5.639296 0.516311 0.471649
v 5.568597 0.522595 0.505289
v 5.605707 0.541725 0.413578
v 5.783490 0.535632 0.038199
v 5.841856 0.511517 0.104453
v 5.760540 0.525548 0.034910
v 5.744177 0.531729 0.244825
v 5.712752 0.558225 0.293706
v 5.704524 0.548013 0.303816
v 5.036363 0.522608 0.109996
v 5.062757 0.542493 0.027851
v 5.108037 0.543289 0.025293
v 5.228518 0.519944 0.075270
v 5.108037 0.543289 0.025293
v 5.276793 0.525820 -0.003622
v 5.120035 0.520551 -0.131659
v 5.202117 0.520886 -0.158208
v 5.164364 0.538268 -0.053293
v 5.276793 0.525820 -0.003622
v 5.202117 0.520886 -0.158208
v 5.336813 0.516721 -0.058657
v 5.506739 0.547443 0.369185
v 5.467247 0.517902 0.266971
v 5.503685 0.520045 0.245631
v 5.273364 0.537459 -0.239038
v 5.345556 0.514285 -0.173404
v 5.292451 0.507274 -0.157035
v 5.252028 0.521577 0.189740
v 5.143734 0.545663 0.214227
v 5.229402 0.518451 0.098584
v 5.233857 0.542775 0.337609
v 5.096983 0.531205 0.332786
v 5.164524 0.532935 0.262671
v 5.686378 0.538712 0.149804
v 5.565211 0.518171 0.177549
v 5.562339 0.523928 0.074266
v 5.628619 0.735265 0.027059
v 5.744102 0.645121 0.069040
v 5.726042 0.661986 -0.028404
v 5.149362 0.747049 0.104742
v 5.074041 0.647759 0.036820
v 5.054250 0.664008 0.105954
v 5.744102 0.645121 0.069040
v 5.643912 0.732666 0.146076
v 5.746217 0.660289 0.173102
v 5.163440 0.747568 0.186511
v 5.056205 0.667491 0.174395
v 5.076432 0.665779 0.239823
v 5.486501 0.600405 -0.253150
v 5.470163 0.751864 -0.129043
v 5.535662 0.647971 -0.211744
v 5.335310 0.663597 0.440760
v 5.310619 0.737768 0.335774
v 5.273417 0.638244 0.419344
v 5.402546 0.743967 0.356428
v 5.335310 0.663597 0.440760
v 5.403297 0.665273 0.455126
v 5.401296 0.748190 -0.137751
v 5.400786 0.652314 -0.236934
v 5.334401 0.635285 -0.225281
v 5.456549 0.720405 0.341972
v 5.471338 0.651933 0.443337
v 5.529637 0.634944 0.420072
v 5.283516 0.740825 -0.097313
v 5.271835 0.641477 -0.210822
v 5.214461 0.641475 -0.182005
v 5.552760 0.732672 0.267871
v 5.567966 0.660675 0.360584
v 5.610713 0.637423 0.309654
v 5.074041 0.647759 0.036820
v 5.170704 0.739418 0.012641
v 5.089641 0.635664 -0.024202
v 5.779549 0.603797 0.038601
v 5.744102 0.645121 0.069040
v 5.845769 0.585249 0.108508
v 5.486501 0.600405 -0.253150
v 5.535662 0.647971 -0.211744
v 5.575934 0.581852 -0.297053
v 5.474258 0.871701 0.000050
v 5.544902 0.723287 -0.042308
v 5.540656 0.745418 -0.106485
v 5.368955 0.871299 0.222149
v 5.310619 0.737768 0.335774
v 5.335310 0.663597 0.440760
v 5.421730 0.855386 0.252303
v 5.402546 0.743967 0.356428
v 5.456549 0.720405 0.341972
v 5.375026 0.863519 -0.028356
v 5.401296 0.748190 -0.137751
v 5.283516 0.740825 -0.097313
v 5.552760 0.732672 0.267871
v 5.477801 0.855077 0.243646
v 5.456549 0.720405 0.341972
v 5.258698 0.726017 -0.043176
v 5.321702 0.864664 -0.011372
v 5.283516 0.740825 -0.097313
v 5.521909 0.855158 0.202961
v 5.552760 0.732672 0.267871
v 5.606607 0.723927 0.234674
v 5.273135 0.860739 0.033561
v 5.220620 0.740453 -0.010921
v 5.170704 0.739418 0.012641
v 5.546418 0.859024 0.081952
v 5.643912 0.732666 0.146076
v 5.628619 0.735265 0.027059
v 5.643912 0.732666 0.146076
v 5.540190 0.860629 0.140987
v 5.627403 0.726882 0.197880
v 5.256744 0.859880 0.122748
v 5.074041 0.647759 0.036820
v 5.149362 0.747049 0.104742
v 5.580523 0.730958 -0.006349
v 5.535534 0.863953 0.051935
v 5.628619 0.735265 0.027059
v 5.163440 0.747568 0.186511
v 5.256744 0.859880 0.122748
v 5.149362 0.747049 0.104742
v 5.256335 0.712079 0.244760
v 5.293509 0.866356 0.182339
v 5.193079 0.740471 0.241127
v 5.546768 0.896520 0.335167
v 5.517626 0.898358 0.329311
v 5.505394 0.902838 0.335200
v 5.656690 0.877519 0.356657
v 5.599878 0.874558 0.378148
v 5.546768 0.896520 0.335167
v 5.220680 0.888194 0.294987
v 5.166413 0.888268 0.237572
v 5.213114 0.881474 0.297925
v 5.255388 0.906409 0.343666
v 5.220680 0.888194 0.294987
v 5.213114 0.881474 0.297925
v 5.166413 0.888268 0.237572
v 5.091814 0.881734 0.216770
v 5.143394 0.891200 0.207649
v 5.375026 0.863519 -0.028356
v 5.405974 0.893115 -0.123874
v 5.449350 0.863725 -0.022021
v 5.318677 0.892623 0.315197
v 5.255388 0.906409 0.343666
v 5.273368 0.890066 0.298744
v 5.449350 0.863725 -0.022021
v 5.523178 0.889454 -0.090586
v 5.474258 0.871701 0.000050
v 5.195574 0.864492 0.202632
v 5.256744 0.859880 0.122748
v 5.293509 0.866356 0.182339
v 5.213114 0.881474 0.297925
v 5.166413 0.888268 0.237572
v 5.195574 0.864492 0.202632
v 5.633197 0.894701 0.112037
v 5.540190 0.860629 0.140987
v 5.546418 0.859024 0.081952
v 5.631402 0.896485 -0.041484
v 5.631255 0.895862 0.047997
v 5.596086 0.892765 -0.024579
v 5.673897 0.883439 0.158448
v 5.607554 0.887643 0.243006
v 5.633197 0.894701 0.112037
v 5.535534 0.863953 0.051935
v 5.631255 0.895862 0.047997
v 5.546418 0.859024 0.081952
v 5.607554 0.887643 0.243006
v 5.521909 0.855158 0.202961
v 5.540190 0.860629 0.140987
v 5.268231 1.053562 -0.033464
v 5.342845 1.167990 0.024799
v 5.301391 1.034482 -0.049570
v 5.472020 1.176289 0.175607
v 5.516936 1.066692 0.271637
v 5.542739 1.059575 0.247680
v 5.584223 1.021437 0.199992
v 5.472020 1.176289 0.175607
v 5.542739 1.059575 0.247680
v 5.502964 1.170131 0.137525
v 5.472020 1.176289 0.175607
v 5.584223 1.021437 0.199992
v 5.307980 1.170546 0.083682
v 5.232590 1.064842 -0.001454
v 5.204297 1.071041 0.065630
v 5.501827 1.173265 0.117169
v 5.502964 1.170131 0.137525
v 5.601810 1.066662 0.139960
v 5.486606 1.170094 0.051024
v 5.580859 1.049614 0.031615
v 5.557233 1.037263 0.002573
v 5.610049 1.074700 0.104737
v 5.501827 1.173265 0.117169
v 5.601810 1.066662 0.139960
v 5.308823 1.174982 0.119329
v 5.207265 1.055591 0.106086
v 5.213366 1.048026 0.133788
v 5.486606 1.170094 0.051024
v 5.557233 1.037263 0.002573
v 5.549721 1.012403 -0.047737
v 5.319345 1.168601 0.175290
v 5.266154 1.059692 0.200825
v 5.274892 1.050375 0.244246
v 5.253000 1.047673 0.158693
v 5.308823 1.174982 0.119329
v 5.213366 1.048026 0.133788
v 5.450670 1.162993 -0.001028
v 5.549721 1.012403 -0.047737
v 5.480461 1.060116 -0.078984
v 5.358684 1.166504 0.201762
v 5.301169 1.044971 0.262857
v 5.329776 1.057640 0.288236
v 5.370803 1.171394 0.008574
v 5.402070 1.173088 0.002052
v 5.403039 1.042635 -0.076076
v 5.399271 0.974246 0.356433
v 5.389007 1.061748 0.302293
v 5.346233 0.981125 0.379681
v 5.403039 1.042635 -0.076076
v 5.448898 1.059619 -0.087414
v 5.460773 0.994490 -0.158718
v 5.565665 0.982253 -0.072065
v 5.594787 0.938677 -0.095609
v 5.583562 0.926856 -0.179869
v 5.649220 0.961705 0.160482
v 5.614822 0.996881 0.189050
v 5.713398 0.926587 0.238739
v 5.650631 0.969103 0.051287
v 5.661128 0.956823 0.091405
v 5.726876 0.924701 0.031536
v 5.169290 0.984872 0.007396
v 5.232590 1.064842 -0.001454
v 5.197470 0.977803 -0.054891
v 5.584223 1.021437 0.199992
v 5.542739 1.059575 0.247680
v 5.604842 0.982770 0.304461
v 5.197470 0.977803 -0.054891
v 5.226025 0.981870 -0.083113
v 5.185781 0.920481 -0.138225
v 5.301391 1.034482 -0.049570
v 5.321804 1.037432 -0.078281
v 5.247171 0.986108 -0.130813
v 5.500525 0.969391 0.321253
v 5.454304 0.948146 0.364369
v 5.517474 0.938211 0.340131
v 5.464869 1.064832 0.292427
v 5.454304 0.948146 0.364369
v 5.500525 0.969391 0.321253
v 5.454304 0.948146 0.364369
v 5.399271 0.974246 0.356433
v 5.400497 0.932104 0.445404
v 5.603235 1.192499 0.243143
v 5.625541 1.166376 0.331013
v 5.580408 1.179680 0.353637
v 5.651402 1.195118 0.154621
v 5.634580 1.199310 0.171596
v 5.624756 1.198070 0.196676
v 5.579087 1.196549 -0.017350
v 5.612637 1.192215 0.007961
v 5.598194 1.193706 0.013555
v 5.239774 1.180007 0.363835
v 5.191279 1.181901 0.225782
v 5.250167 1.203240 0.252177
v 5.341501 1.171894 0.369561
v 5.280462 1.170504 0.392293
v 5.356493 1.178707 0.311085
v 5.389318 1.194657 0.332594
v 5.356493 1.178707 0.311085
v 5.437448 1.217220 0.308033
v 5.353280 1.194880 -0.115234
v 5.358265 1.189922 -0.136891
v 5.408057 1.217119 -0.109292
v 5.509051 1.199482 0.297721
v 5.446388 1.211455 0.315445
v 5.437448 1.217220 0.308033
v 5.580408 1.179680 0.353637
v 5.446388 1.211455 0.315445
v 5.509051 1.199482 0.297721
v 5.430719 1.197103 0.285608
v 5.383002 1.163662 0.213204
v 5.427899 1.168133 0.203691
v 5.437448 1.217220 0.308033
v 5.356493 1.178707 0.311085
v 5.430719 1.197103 0.285608
v 5.356493 1.178707 0.311085
v 5.358684 1.166504 0.201762
v 5.383002 1.163662 0.213204
v 5.509960 1.181100 -0.054415
v 5.545017 1.177866 -0.109051
v 5.579087 1.196549 -0.017350
v 5.173129 1.181479 0.192737
v 5.173962 1.201557 0.137019
v 5.229407 1.183874 0.177174
v 5.598194 1.193706 0.013555
v 5.612706 1.205632 0.058963
v 5.593077 1.186554 0.096054
v 5.502026 1.169166 0.085311
v 5.593077 1.186554 0.096054
v 5.501827 1.173265 0.117169
v 5.580408 1.179680 0.353637
v 5.511135 1.197358 0.262911
v 5.539640 1.214172 0.240038
v 5.238324 1.207911 -0.067398
v 5.257575 1.225753 -0.116665
v 5.255157 1.185961 -0.120265
v 5.201626 1.222435 -0.027681
v 5.238324 1.207911 -0.067398
v 5.196712 1.194333 -0.031188
v 5.454977 1.209448 -0.143720
v 5.526442 1.230145 -0.177243
v 5.527271 1.173016 -0.181180
v 5.262698 1.382777 0.163313
v 5.316518 1.490240 0.139602
v 5.241604 1.378785 0.114356
v 5.449938 1.466285 0.033078
v 5.520022 1.395277 -0.014439
v 5.492152 1.386005 -0.032691
v 5.341195 1.470438 0.161748
v 5.286799 1.396697 0.225076
v 5.309472 1.395208 0.246629
v 5.316518 1.490240 0.139602
v 5.262698 1.382777 0.163313
v 5.273372 1.387454 0.192149
v 5.449938 1.466285 0.033078
v 5.492152 1.386005 -0.032691
v 5.455721 1.379653 -0.046773
v 5.388382 1.467297 0.184784
v 5.345260 1.396719 0.245238
v 5.378287 1.400589 0.256057
v 5.390887 1.399337 -0.061066
v 5.414556 1.477512 0.011124
v 5.455721 1.379653 -0.046773
v 5.344549 1.393786 -0.049940
v 5.384634 1.475549 0.021002
v 5.390887 1.399337 -0.061066
v 5.447798 1.483451 0.190288
v 5.435149 1.396366 0.260999
v 5.495257 1.377897 0.232836
v 5.542458 1.395060 0.163663
v 5.475400 1.462549 0.141023
v 5.531941 1.374700 0.194993
v 5.307229 1.495022 0.086884
v 5.277846 1.400030 0.025480
v 5.236806 1.395680 0.073018
v 5.307229 1.495022 0.086884
v 5.236806 1.395680 0.073018
v 5.241604 1.378785 0.114356
v 5.485654 1.471145 0.064040
v 5.547835 1.404252 0.066336
v 5.537969 1.385150 0.010362
v 5.700669 1.224047 0.114152
v 5.632257 1.327201 0.112755
v 5.705246 1.230122 0.156364
v 5.537969 1.385150 0.010362
v 5.589097 1.261981 0.025253
v 5.593078 1.228421 -0.039600
v 5.589097 1.261981 0.025253
v 5.591042 1.289608 0.070445
v 5.651512 1.223701 0.064551
v 5.589097 1.261981 0.025253
v 5.547835 1.404252 0.066336
v 5.591042 1.289608 0.070445
v 5.211648 1.291408 0.028829
v 5.277846 1.400030 0.025480
v 5.258322 1.284177 -0.030721
v 5.531941 1.374700 0.194993
v 5.519348 1.387783 0.224283
v 5.559499 1.288279 0.270380
v 5.201626 1.222435 -0.027681
v 5.258322 1.284177 -0.030721
v 5.238324 1.207911 -0.067398
v 5.435149 1.396366 0.260999
v 5.439371 1.302930 0.301454
v 5.481565 1.295489 0.282287
v 5.390887 1.399337 -0.061066
v 5.399933 1.288340 -0.091764
v 5.358934 1.290686 -0.090613
v 5.444211 1.282447 -0.085116
v 5.455721 1.379653 -0.046773
v 5.499560 1.298382 -0.109175
v 5.295815 1.333522 0.295604
v 5.238357 1.229839 0.362683
v 5.280379 1.236478 0.398156
v 5.520022 1.395277 -0.014439
v 5.537969 1.385150 0.010362
v 5.538981 1.298694 -0.049044
v 5.203492 1.289762 0.130518
v 5.241604 1.378785 0.114356
v 5.164075 1.307239 0.099941
v 5.407701 1.483720 0.203253
v 5.399282 1.547607 0.182918
v 5.388382 1.467297 0.184784
v 5.384634 1.475549 0.021002
v 5.394139 1.552343 0.038959
v 5.414556 1.477512 0.011124
v 5.447798 1.483451 0.190288
v 5.399282 1.547607 0.182918
v 5.407701 1.483720 0.203253
v 5.369518 1.476406 0.042675
v 5.378449 1.562796 0.039714
v 5.384634 1.475549 0.021002
v 5.465219 1.470197 0.168199
v 5.449988 1.546334 0.162837
v 5.447798 1.483451 0.190288
v 5.336884 1.549577 0.061779
v 5.345451 1.479191 0.056884
v 5.318908 1.484907 0.054024
v 5.466568 1.551805 0.129551
v 5.475400 1.462549 0.141023
v 5.497657 1.476773 0.102105
v 5.499339 1.480464 0.085845
v 5.481454 1.544576 0.097535
v 5.497657 1.476773 0.102105
v 5.316518 1.490240 0.139602
v 5.335726 1.549340 0.114976
v 5.307229 1.495022 0.086884
v 5.345836 1.548314 0.145969
v 5.316518 1.490240 0.139602
v 5.341195 1.470438 0.161748
v 5.449938 1.466285 0.033078
v 5.458990 1.552196 0.068195
v 5.485654 1.471145 0.064040
v 5.388382 1.467297 0.184784
v 5.370034 1.553495 0.167940
v 5.341195 1.470438 0.161748
v 5.419432 1.548558 0.034564
v 5.449938 1.466285 0.033078
v 5.414556 1.477512 0.011124
v 5.489457 1.549435 -0.110392
v 5.521053 1.566420 -0.073354
v 5.488242 1.565738 -0.040514
v 5.442168 1.561237 -0.109045
v 5.489457 1.549435 -0.110392
v 5.415336 1.574346 -0.086636
v 5.442018 1.552703 0.294141
v 5.408825 1.548685 0.333769
v 5.406918 1.545618 0.297623
v 5.496266 1.539325 0.323937
v 5.408825 1.548685 0.333769
v 5.442018 1.552703 0.294141
v 5.526675 1.573273 0.269230
v 5.496266 1.539325 0.323937
v 5.497566 1.586323 0.247290
v 5.526675 1.573273 0.269230
v 5.497566 1.586323 0.247290
v 5.525147 1.588776 0.222782
v 5.550208 1.602404 0.191744
v 5.526675 1.573273 0.269230
v 5.525147 1.588776 0.222782
v 5.594083 1.552490 0.070640
v 5.636185 1.539045 0.059775
v 5.553283 1.554655 0.103366
v 5.633156 1.545543 0.146092
v 5.593451 1.585229 0.163272
v 5.563913 1.598026 0.162278
v 5.553283 1.554655 0.103366
v 5.633156 1.545543 0.146092
v 5.542159 1.569609 0.136211
v 5.565694 1.575829 0.038869
v 5.550481 1.558327 0.072057
v 5.503677 1.562260 0.004452
v 5.550481 1.558327 0.072057
v 5.481454 1.544576 0.097535
v 5.458990 1.552196 0.068195
v 5.594083 1.552490 0.070640
v 5.553283 1.554655 0.103366
v 5.550481 1.558327 0.072057
v 5.505613 1.566492 0.197306
v 5.449988 1.546334 0.162837
v 5.466568 1.551805 0.129551
v 5.242342 1.569766 0.010031
v 5.285774 1.595286 -0.008522
v 5.304831 1.564531 0.009262
v 5.469524 1.570552 0.241691
v 5.399282 1.547607 0.182918
v 5.449988 1.546334 0.162837
v 5.384069 1.606272 -0.057945
v 5.415336 1.574346 -0.086636
v 5.381664 1.576350 -0.028797
v 5.345836 1.548314 0.145969
v 5.290458 1.554672 0.141348
v 5.335726 1.549340 0.114976
v 5.239728 1.570123 0.200001
v 5.290458 1.554672 0.141348
v 5.345836 1.548314 0.145969
v 5.317319 1.587547 0.241402
v 5.345836 1.548314 0.145969
v 5.370034 1.553495 0.167940
v 5.303631 1.612525 -0.039516
v 5.347080 1.587794 -0.060758
v 5.256666 1.585153 -0.020690
v 5.224389 1.587431 -0.007247
v 5.256666 1.585153 -0.020690
v 5.214643 1.555625 -0.013058
v 5.550208 1.602404 0.191744
v 5.527758 1.607992 0.228391
v 5.526675 1.573273 0.269230
v 5.586472 1.605959 0.168139
v 5.550208 1.602404 0.191744
v 5.593451 1.585229 0.163272
v 5.255222 1.572820 0.243584
v 5.219980 1.586329 0.222307
v 5.211550 1.549224 0.226969
v 5.219980 1.586329 0.222307
v 5.195113 1.551366 0.191408
v 5.211550 1.549224 0.226969
v 5.442168 1.561237 -0.109045
v 5.485027 1.591407 -0.100614
v 5.489457 1.549435 -0.110392
v 5.393622 1.607672 -0.095268
v 5.442168 1.561237 -0.109045
v 5.412135 1.555533 -0.118627
v 5.386825 1.582739 -0.091849
v 5.393622 1.607672 -0.095268
v 5.412135 1.555533 -0.118627
v 5.402571 1.917008 0.066237
v 5.403377 2.130990 0.105410
v 5.416676 1.914584 0.079244
v 5.406798 2.127638 0.106469
v 5.402571 1.917008 0.066237
v 5.402383 1.925862 0.066810
v 5.416059 1.932258 0.143607
v 5.404311 2.128801 0.100939
v 5.402586 1.918162 0.142773
v 5.406798 2.127638 0.106469
v 5.402383 1.925862 0.066810
v 5.368947 1.920436 0.081978
v 5.447723 1.920451 0.126524
v 5.404311 2.128801 0.100939
v 5.416059 1.932258 0.143607
v 5.349649 1.922088 0.100173
v 5.406798 2.127638 0.106469
v 5.368947 1.920436 0.081978
v 5.431051 1.916761 0.081163
v 5.403377 2.130990 0.105410
v 5.448297 1.923939 0.090645
v 5.448297 1.923939 0.090645
v 5.403377 2.130990 0.105410
v 5.447723 1.920451 0.126524
v 5.359334 1.919293 0.109986
v 5.408082 2.124684 0.101659
v 5.349649 1.922088 0.100173
v 5.374203 1.919098 0.134668
v 5.408082 2.124684 0.101659
v 5.370754 1.923819 0.134566
v 5.408082 2.124684 0.101659
v 5.359334 1.919293 0.109986
v 5.370754 1.923819 0.134566
v 5.416676 1.914584 0.079244
v 5.403377 2.130990 0.105410
v 5.431051 1.916761 0.081163
v 5.402586 1.918162 0.142773
v 5.408082 2.124684 0.101659
v 5.374203 1.919098 0.134668
v 5.433105 1.783190 0.009221
v 5.416676 1.914584 0.079244
v 5.474525 1.776284 0.022933
v 5.370754 1.923819 0.134566
v 5.314817 1.793285 0.131710
v 5.317083 1.762500 0.164538
v 5.474525 1.776284 0.022933
v 5.431051 1.916761 0.081163
v 5.500585 1.729767 0.023413
v 5.349649 1.922088 0.100173
v 5.297745 1.765964 0.083538
v 5.293817 1.766611 0.103084
v 5.499518 1.776255 0.124649
v 5.447723 1.920451 0.126524
v 5.502946 1.764679 0.146929
v 5.502946 1.764679 0.146929
v 5.447723 1.920451 0.126524
v 5.478323 1.766390 0.162890
v 5.448297 1.923939 0.090645
v 5.499518 1.776255 0.124649
v 5.499000 1.805108 0.074972
v 5.368947 1.920436 0.081978
v 5.333025 1.676888 0.003257
v 5.324035 1.792101 0.052161
v 5.416059 1.932258 0.143607
v 5.422389 1.753969 0.201717
v 5.437996 1.756193 0.197690
v 5.353090 1.687160 -0.007572
v 5.402383 1.925862 0.066810
v 5.402571 1.917008 0.066237
v 5.402586 1.918162 0.142773
v 5.369052 1.770174 0.197606
v 5.422389 1.753969 0.201717
v 5.369052 1.770174 0.197606
v 5.353974 1.694097 0.242416
v 5.380936 1.695551 0.251207
v 5.422389 1.753969 0.201717
v 5.405985 1.682475 0.271639
v 5.437237 1.684458 0.270106
v 5.353090 1.687160 -0.007572
v 5.402571 1.917008 0.066237
v 5.405592 1.702171 -0.046748
v 5.476484 1.675866 0.217897
v 5.437996 1.756193 0.197690
v 5.464536 1.676304 0.255148
v 5.324035 1.792101 0.052161
v 5.333025 1.676888 0.003257
v 5.253917 1.666886 0.043348
v 5.531371 1.677036 0.058314
v 5.499000 1.805108 0.074972
v 5.562948 1.661312 0.093136
v 5.500585 1.729767 0.023413
v 5.499000 1.805108 0.074972
v 5.531371 1.677036 0.058314
v 5.499518 1.776255 0.124649
v 5.564621 1.677370 0.135473
v 5.562948 1.661312 0.093136
v 5.262760 1.675323 0.195995
v 5.314817 1.793285 0.131710
v 5.236962 1.686525 0.137819
v 5.474525 1.776284 0.022933
v 5.500585 1.729767 0.023413
v 5.487498 1.693298 -0.018894
v 5.442168 1.561237 -0.109045
v 5.446052 1.687059 -0.054299
v 5.485027 1.591407 -0.100614
v 5.522723 1.605547 -0.015402
v 5.500585 1.729767 0.023413
v 5.551220 1.605879 0.017908
v 5.621516 1.591488 0.065663
v 5.562948 1.661312 0.093136
v 5.626127 1.590816 0.104742
v 5.253917 1.666886 0.043348
v 5.224389 1.587431 -0.007247
v 5.198277 1.591453 0.019386
v 5.550208 1.602404 0.191744
v 5.511869 1.675185 0.191562
v 5.527758 1.607992 0.228391
v 5.380936 1.695551 0.251207
v 5.353974 1.694097 0.242416
v 5.373406 1.614295 0.306513
v 5.127763 0.230282 -0.017698
v 5.212369 0.205159 0.017348
v 5.198115 0.224134 0.057137
v 5.700310 0.207447 0.036709
v 5.622758 0.197585 0.077267
v 5.556181 0.208582 0.000225
v 5.701299 0.202596 0.156282
v 5.611481 0.212366 0.138417
v 5.622758 0.197585 0.077267
v 5.455719 0.222109 -0.153349
v 5.407265 0.229355 -0.081516
v 5.444804 0.200049 -0.241607
v 5.153964 0.209751 0.148407
v 5.168567 0.194724 0.196547
v 5.091417 0.229328 0.199547
v 5.033439 0.208481 0.081689
v 5.153964 0.209751 0.148407
v 5.091417 0.229328 0.199547
v 5.020809 0.219128 0.020925
v 5.198115 0.224134 0.057137
v 5.033439 0.208481 0.081689
v 5.683644 0.197307 0.375217
v 5.624169 0.197150 0.314794
v 5.732999 0.205775 0.324191
v 5.336482 0.516441 0.273180
v 5.285539 0.524065 0.230093
v 5.243019 0.381181 0.328892
v 5.061782 0.545624 0.228063
v 4.974257 0.513720 0.198354
v 5.035275 0.531966 0.112041
v 5.092290 0.516214 0.414998
v 5.035829 0.513191 0.349775
v 5.096983 0.531205 0.332786
v 5.061782 0.545624 0.228063
v 4.994364 0.512175 0.273817
v 4.974257 0.513720 0.198354
v 5.492253 0.540384 -0.252979
v 5.577658 0.514537 -0.296583
v 5.545677 0.544688 -0.235688
v 5.404875 0.528687 -0.266822
v 5.492253 0.540384 -0.252979
v 5.474270 0.522993 -0.251584
v 5.273364 0.537459 -0.239038
v 5.235329 0.518608 -0.298958
v 5.310075 0.513755 -0.323967
v 4.997599 0.514815 -0.067555
v 5.070384 0.507853 -0.190009
v 5.120035 0.520551 -0.131659
v 5.744177 0.531729 0.244825
v 5.804255 0.523000 0.261082
v 5.712752 0.558225 0.293706
v 5.750720 0.543307 -0.037629
v 5.783490 0.535632 0.038199
v 5.760540 0.525548 0.034910
v 5.036363 0.522608 0.109996
v 5.035275 0.531966 0.112041
v 5.062757 0.542493 0.027851
v 5.675988 0.524132 -0.145100
v 5.755852 0.514461 -0.153403
v 5.750720 0.543307 -0.037629
v 5.686378 0.538712 0.149804
v 5.664127 0.552393 0.213780
v 5.565211 0.518171 0.177549
v 5.062757 0.542493 0.027851
v 4.997599 0.514815 -0.067555
v 5.108037 0.543289 0.025293
v 5.680381 0.553560 0.049146
v 5.686378 0.538712 0.149804
v 5.562339 0.523928 0.074266
v 5.276793 0.525820 -0.003622
v 5.108037 0.543289 0.025293
v 5.164364 0.538268 -0.053293
v 5.164364 0.538268 -0.053293
v 5.202117 0.520886 -0.158208
v 5.276793 0.525820 -0.003622
v 5.503685 0.520045 0.245631
v 5.601784 0.529204 0.305644
v 5.506739 0.547443 0.369185
v 5.120035 0.520551 -0.131659
v 5.195610 0.523592 -0.203715
v 5.202117 0.520886 -0.158208
v 5.605707 0.541725 0.413578
v 5.568597 0.522595 0.505289
v 5.506739 0.547443 0.369185
v 5.336813 0.516721 -0.058657
v 5.202117 0.520886 -0.158208
v 5.292451 0.507274 -0.157035
v 5.292451 0.507274 -0.157035
v 5.345556 0.514285 -0.173404
v 5.336813 0.516721 -0.058657
v 5.456372 0.537838 0.383706
v 5.400882 0.545248 0.389437
v 5.424161 0.516815 0.278673
v 5.400882 0.529180 -0.179382
v 5.456500 0.556368 -0.174867
v 5.430277 0.520744 -0.069995
v 5.252028 0.521577 0.189740
v 5.164524 0.532935 0.262671
v 5.143734 0.545663 0.214227
v 5.233857 0.542775 0.337609
v 5.195258 0.541325 0.413726
v 5.096983 0.531205 0.332786
v 5.143734 0.545663 0.214227
v 5.036363 0.522608 0.109996
v 5.229402 0.518451 0.098584
v 5.143734 0.545663 0.214227
v 5.061782 0.545624 0.228063
v 5.036363 0.522608 0.109996
v 5.841856 0.511517 0.104453
v 5.765349 0.517766 0.177073
v 5.686378 0.538712 0.149804
v 5.044622 0.571924 -0.133170
v 5.096683 0.574896 -0.202386
v 5.070384 0.507853 -0.190009
v 5.699105 0.564699 -0.193764
v 5.752231 0.571233 -0.137711
v 5.755852 0.514461 -0.153403
v 5.744102 0.645121 0.069040
v 5.628619 0.735265 0.027059
v 5.643912 0.732666 0.146076
v 5.410983 0.609080 -0.272334
v 5.400786 0.652314 -0.236934
v 5.486501 0.600405 -0.253150
v 5.477801 0.855077 0.243646
v 5.421730 0.855386 0.252303
v 5.456549 0.720405 0.341972
v 5.321702 0.864664 -0.011372
v 5.375026 0.863519 -0.028356
v 5.283516 0.740825 -0.097313
v 5.552760 0.732672 0.267871
v 5.521909 0.855158 0.202961
v 5.477801 0.855077 0.243646
v 5.628619 0.735265 0.027059
v 5.535534 0.863953 0.051935
v 5.546418 0.859024 0.081952
v 5.546418 0.859024 0.081952
v 5.540190 0.860629 0.140987
v 5.643912 0.732666 0.146076
v 5.546768 0.896520 0.335167
v 5.599878 0.874558 0.378148
v 5.517626 0.898358 0.329311
v 5.657433 0.890542 0.275965
v 5.711560 0.861310 0.313096
v 5.656690 0.877519 0.356657
v 5.156344 0.889662 0.006288
v 5.180717 0.888973 -0.059036
v 5.173933 0.872119 -0.052262
v 5.127617 0.887806 0.050429
v 5.076294 0.882011 0.051416
v 5.156344 0.889662 0.006288
v 5.679893 0.879073 0.101282
v 5.684072 0.888732 0.088581
v 5.673897 0.883439 0.158448
v 5.558657 0.884006 -0.132287
v 5.592774 0.864462 -0.186164
v 5.588759 0.902256 -0.092152
v 5.255388 0.906409 0.343666
v 5.226419 0.876149 0.388584
v 5.220680 0.888194 0.294987
v 5.255388 0.906409 0.343666
v 5.263375 0.864427 0.447212
v 5.226419 0.876149 0.388584
v 5.391459 0.868354 0.444476
v 5.328157 0.865004 0.466507
v 5.342089 0.879767 0.405815
v 5.294183 0.887307 -0.156141
v 5.267099 0.872657 -0.207158
v 5.348109 0.898845 -0.161005
v 5.505394 0.902838 0.335200
v 5.517626 0.898358 0.329311
v 5.453029 0.891111 0.357488
v 5.312997 0.887437 -0.110575
v 5.357213 0.905131 -0.123180
v 5.375026 0.863519 -0.028356
v 5.421730 0.855386 0.252303
v 5.453029 0.891111 0.357488
v 5.402427 0.864284 0.338427
v 5.453029 0.891111 0.357488
v 5.391459 0.868354 0.444476
v 5.402427 0.864284 0.338427
v 5.375026 0.863519 -0.028356
v 5.357213 0.905131 -0.123180
v 5.405974 0.893115 -0.123874
v 5.342089 0.879767 0.405815
v 5.255388 0.906409 0.343666
v 5.318677 0.892623 0.315197
v 5.405974 0.893115 -0.123874
v 5.523178 0.889454 -0.090586
v 5.449350 0.863725 -0.022021
v 5.523178 0.889454 -0.090586
v 5.520029 0.892265 -0.178847
v 5.558657 0.884006 -0.132287
v 5.166413 0.888268 0.237572
v 5.143394 0.891200 0.207649
v 5.195574 0.864492 0.202632
v 5.273368 0.890066 0.298744
v 5.255388 0.906409 0.343666
v 5.213114 0.881474 0.297925
v 5.523178 0.889454 -0.090586
v 5.566957 0.901606 -0.059670
v 5.474258 0.871701 0.000050
v 5.195574 0.864492 0.202632
v 5.173163 0.875719 0.150137
v 5.256744 0.859880 0.122748
v 5.293509 0.866356 0.182339
v 5.213114 0.881474 0.297925
v 5.195574 0.864492 0.202632
v 5.173163 0.875719 0.150137
v 5.160501 0.870793 0.096502
v 5.256744 0.859880 0.122748
v 5.633197 0.894701 0.112037
v 5.679893 0.879073 0.101282
v 5.673897 0.883439 0.158448
v 5.596086 0.892765 -0.024579
v 5.631255 0.895862 0.047997
v 5.535534 0.863953 0.051935
v 5.160501 0.870793 0.096502
v 5.095490 0.891973 0.105538
v 5.127617 0.887806 0.050429
v 5.633197 0.894701 0.112037
v 5.607554 0.887643 0.243006
v 5.540190 0.860629 0.140987
v 5.631255 0.895862 0.047997
v 5.631402 0.896485 -0.041484
v 5.684072 0.888732 0.088581
v 5.673897 0.883439 0.158448
v 5.657433 0.890542 0.275965
v 5.607554 0.887643 0.243006
v 5.546418 0.859024 0.081952
v 5.631255 0.895862 0.047997
v 5.633197 0.894701 0.112037
v 5.156344 0.889662 0.006288
v 5.173933 0.872119 -0.052262
v 5.192033 0.881435 -0.018537
v 5.607554 0.887643 0.243006
v 5.568056 0.877289 0.269908
v 5.521909 0.855158 0.202961
v 5.568056 0.877289 0.269908
v 5.656690 0.877519 0.356657
v 5.546768 0.896520 0.335167
v 5.205548 0.874508 -0.097532
v 5.183007 0.878420 -0.154166
v 5.268758 0.892760 -0.088989
v 5.477801 0.855077 0.243646
v 5.546768 0.896520 0.335167
v 5.505394 0.902838 0.335200
v 5.450670 1.162993 -0.001028
v 5.486606 1.170094 0.051024
v 5.549721 1.012403 -0.047737
v 5.356538 0.985652 -0.110836
v 5.370803 1.171394 0.008574
v 5.403039 1.042635 -0.076076
v 5.614822 0.996881 0.189050
v 5.502964 1.170131 0.137525
v 5.584223 1.021437 0.199992
v 5.165898 0.935034 0.007758
v 5.169290 0.984872 0.007396
v 5.197470 0.977803 -0.054891
v 5.321804 1.037432 -0.078281
v 5.370803 1.171394 0.008574
v 5.356538 0.985652 -0.110836
v 5.624756 1.198070 0.196676
v 5.634580 1.199310 0.171596
v 5.603235 1.192499 0.243143
v 5.651402 1.195118 0.154621
v 5.712012 1.170703 0.159849
v 5.634580 1.199310 0.171596
v 5.173129 1.181479 0.192737
v 5.139921 1.193794 0.137975
v 5.173962 1.201557 0.137019
v 5.545017 1.177866 -0.109051
v 5.565516 1.182506 -0.151982
v 5.586725 1.177218 -0.096832
v 5.389318 1.194657 0.332594
v 5.341501 1.171894 0.369561
v 5.356493 1.178707 0.311085
v 5.446388 1.211455 0.315445
v 5.389318 1.194657 0.332594
v 5.437448 1.217220 0.308033
v 5.270650 1.191157 -0.028947
v 5.282303 1.204016 -0.085600
v 5.342845 1.167990 0.024799
v 5.270650 1.191157 -0.028947
v 5.245000 1.219287 -0.054030
v 5.282303 1.204016 -0.085600
v 5.511135 1.197358 0.262911
v 5.580408 1.179680 0.353637
v 5.509051 1.199482 0.297721
v 5.509051 1.199482 0.297721
v 5.430719 1.197103 0.285608
v 5.427899 1.168133 0.203691
v 5.509051 1.199482 0.297721
v 5.437448 1.217220 0.308033
v 5.430719 1.197103 0.285608
v 5.353280 1.194880 -0.115234
v 5.408057 1.217119 -0.109292
v 5.402070 1.173088 0.002052
v 5.430719 1.197103 0.285608
v 5.356493 1.178707 0.311085
v 5.383002 1.163662 0.213204
v 5.442174 1.220500 -0.113155
v 5.503850 1.190178 -0.132166
v 5.477988 1.187829 -0.071513
v 5.358684 1.166504 0.201762
v 5.356493 1.178707 0.311085
v 5.299042 1.202115 0.263928
v 5.450670 1.162993 -0.001028
v 5.477988 1.187829 -0.071513
v 5.509960 1.181100 -0.054415
v 5.299042 1.202115 0.263928
v 5.239774 1.180007 0.363835
v 5.250167 1.203240 0.252177
v 5.308823 1.174982 0.119329
v 5.229407 1.183874 0.177174
v 5.173962 1.201557 0.137019
v 5.250167 1.203240 0.252177
v 5.246896 1.182736 0.209908
v 5.319345 1.168601 0.175290
v 5.250167 1.203240 0.252177
v 5.191279 1.181901 0.225782
v 5.246896 1.182736 0.209908
v 5.308823 1.174982 0.119329
v 5.173962 1.201557 0.137019
v 5.149617 1.207355 0.104781
v 5.593077 1.186554 0.096054
v 5.651402 1.195118 0.154621
v 5.501827 1.173265 0.117169
v 5.593077 1.186554 0.096054
v 5.661300 1.193850 0.106235
v 5.651402 1.195118 0.154621
v 5.486606 1.170094 0.051024
v 5.579087 1.196549 -0.017350
v 5.598194 1.193706 0.013555
v 5.307980 1.170546 0.083682
v 5.151902 1.189910 0.052940
v 5.188093 1.200880 0.022055
v 5.624756 1.198070 0.196676
v 5.603235 1.192499 0.243143
v 5.563435 1.203504 0.211043
v 5.612706 1.205632 0.058963
v 5.661300 1.193850 0.106235
v 5.593077 1.186554 0.096054
v 5.307980 1.170546 0.083682
v 5.188093 1.200880 0.022055
v 5.220967 1.204699 -0.021776
v 5.472020 1.176289 0.175607
v 5.563435 1.203504 0.211043
v 5.539640 1.214172 0.240038
v 5.220967 1.204699 -0.021776
v 5.245000 1.219287 -0.054030
v 5.270650 1.191157 -0.028947
v 5.472020 1.176289 0.175607
v 5.539640 1.214172 0.240038
v 5.511135 1.197358 0.262911
v 5.358265 1.189922 -0.136891
v 5.360162 1.232516 -0.136948
v 5.454977 1.209448 -0.143720
v 5.510338 1.224647 0.331364
v 5.444006 1.222682 0.317631
v 5.446388 1.211455 0.315445
v 5.593078 1.228421 -0.039600
v 5.589097 1.261981 0.025253
v 5.612637 1.192215 0.007961
v 5.220057 1.227122 0.291347
v 5.208345 1.221807 0.226257
v 5.191279 1.181901 0.225782
v 5.241604 1.378785 0.114356
v 5.316518 1.490240 0.139602
v 5.307229 1.495022 0.086884
v 5.455721 1.379653 -0.046773
v 5.414556 1.477512 0.011124
v 5.449938 1.466285 0.033078
v 5.390887 1.399337 -0.061066
v 5.384634 1.475549 0.021002
v 5.414556 1.477512 0.011124
v 5.307229 1.495022 0.086884
v 5.318908 1.484907 0.054024
v 5.277846 1.400030 0.025480
v 5.547835 1.404252 0.066336
v 5.485654 1.471145 0.064040
v 5.499339 1.480464 0.085845
v 5.537969 1.385150 0.010362
v 5.547835 1.404252 0.066336
v 5.589097 1.261981 0.025253
v 5.595537 1.314064 0.183436
v 5.542458 1.395060 0.163663
v 5.531941 1.374700 0.194993
v 5.277846 1.400030 0.025480
v 5.301044 1.391869 0.013177
v 5.258322 1.284177 -0.030721
v 5.358934 1.290686 -0.090613
v 5.399933 1.288340 -0.091764
v 5.360162 1.232516 -0.136948
v 5.295815 1.333522 0.295604
v 5.345260 1.396719 0.245238
v 5.309472 1.395208 0.246629
v 5.384634 1.475549 0.021002
v 5.378449 1.562796 0.039714
v 5.394139 1.552343 0.038959
v 5.449988 1.546334 0.162837
v 5.399282 1.547607 0.182918
v 5.447798 1.483451 0.190288
v 5.307229 1.495022 0.086884
v 5.335726 1.549340 0.114976
v 5.331233 1.544237 0.077295
v 5.481454 1.544576 0.097535
v 5.466568 1.551805 0.129551
v 5.497657 1.476773 0.102105
v 5.341195 1.470438 0.161748
v 5.370034 1.553495 0.167940
v 5.345836 1.548314 0.145969
v 5.345836 1.548314 0.145969
v 5.335726 1.549340 0.114976
v 5.316518 1.490240 0.139602
v 5.399282 1.547607 0.182918
v 5.370034 1.553495 0.167940
v 5.388382 1.467297 0.184784
v 5.419432 1.548558 0.034564
v 5.458990 1.552196 0.068195
v 5.449938 1.466285 0.033078
v 5.414556 1.477512 0.011124
v 5.394139 1.552343 0.038959
v 5.419432 1.548558 0.034564
v 5.537860 1.581733 -0.020987
v 5.565159 1.579436 0.005180
v 5.565694 1.575829 0.038869
v 5.488242 1.565738 -0.040514
v 5.521053 1.566420 -0.073354
v 5.537860 1.581733 -0.020987
v 5.239728 1.570123 0.200001
v 5.211550 1.549224 0.226969
v 5.195113 1.551366 0.191408
v 5.317319 1.587547 0.241402
v 5.341121 1.574166 0.279214
v 5.304584 1.577693 0.257240
v 5.415336 1.574346 -0.086636
v 5.412135 1.555533 -0.118627
v 5.442168 1.561237 -0.109045
v 5.242342 1.569766 0.010031
v 5.192026 1.547130 0.016797
v 5.214643 1.555625 -0.013058
v 5.563913 1.598026 0.162278
v 5.593451 1.585229 0.163272
v 5.550208 1.602404 0.191744
v 5.182414 1.551192 0.060028
v 5.192026 1.547130 0.016797
v 5.242342 1.569766 0.010031
v 5.565159 1.579436 0.005180
v 5.604353 1.566394 0.028461
v 5.565694 1.575829 0.038869
v 5.553283 1.554655 0.103366
v 5.636185 1.539045 0.059775
v 5.633156 1.545543 0.146092
v 5.214944 1.560185 0.142416
v 5.178239 1.546213 0.149717
v 5.180856 1.553041 0.108450
v 5.290458 1.554672 0.141348
v 5.214944 1.560185 0.142416
v 5.180856 1.553041 0.108450
v 5.503677 1.562260 0.004452
v 5.550481 1.558327 0.072057
v 5.458990 1.552196 0.068195
v 5.542159 1.569609 0.136211
v 5.633156 1.545543 0.146092
v 5.563913 1.598026 0.162278
v 5.565694 1.575829 0.038869
v 5.594083 1.552490 0.070640
v 5.550481 1.558327 0.072057
v 5.182414 1.551192 0.060028
v 5.242342 1.569766 0.010031
v 5.276944 1.550093 0.076112
v 5.466568 1.551805 0.129551
v 5.542159 1.569609 0.136211
v 5.505613 1.566492 0.197306
v 5.550481 1.558327 0.072057
v 5.553283 1.554655 0.103366
v 5.481454 1.544576 0.097535
v 5.505613 1.566492 0.197306
v 5.550208 1.602404 0.191744
v 5.525147 1.588776 0.222782
v 5.336884 1.549577 0.061779
v 5.242342 1.569766 0.010031
v 5.304831 1.564531 0.009262
v 5.505613 1.566492 0.197306
v 5.469524 1.570552 0.241691
v 5.449988 1.546334 0.162837
v 5.497566 1.586323 0.247290
v 5.496266 1.539325 0.323937
v 5.469524 1.570552 0.241691
v 5.469524 1.570552 0.241691
v 5.432428 1.569490 0.245931
v 5.399282 1.547607 0.182918
v 5.432428 1.569490 0.245931
v 5.398958 1.560299 0.253846
v 5.399282 1.547607 0.182918
v 5.381664 1.576350 -0.028797
v 5.415336 1.574346 -0.086636
v 5.394139 1.552343 0.038959
v 5.398958 1.560299 0.253846
v 5.406918 1.545618 0.297623
v 5.377152 1.574748 0.272432
v 5.398958 1.560299 0.253846
v 5.377152 1.574748 0.272432
v 5.317319 1.587547 0.241402
v 5.438060 1.555054 -0.018046
v 5.415336 1.574346 -0.086636
v 5.489457 1.549435 -0.110392
v 5.438060 1.555054 -0.018046
v 5.489457 1.549435 -0.110392
v 5.488242 1.565738 -0.040514
v 5.317319 1.587547 0.241402
v 5.285510 1.585113 0.220648
v 5.345836 1.548314 0.145969
v 5.458990 1.552196 0.068195
v 5.488242 1.565738 -0.040514
v 5.503677 1.562260 0.004452
v 5.488242 1.565738 -0.040514
v 5.537860 1.581733 -0.020987
v 5.503677 1.562260 0.004452
v 5.290458 1.554672 0.141348
v 5.239728 1.570123 0.200001
v 5.214944 1.560185 0.142416
v 5.285510 1.585113 0.220648
v 5.239728 1.570123 0.200001
v 5.345836 1.548314 0.145969
v 5.537860 1.581733 -0.020987
v 5.565694 1.575829 0.038869
v 5.503677 1.562260 0.004452
v 5.526675 1.573273 0.269230
v 5.527758 1.607992 0.228391
v 5.515322 1.613075 0.275848
v 5.224389 1.587431 -0.007247
v 5.303631 1.612525 -0.039516
v 5.256666 1.585153 -0.020690
v 5.621516 1.591488 0.065663
v 5.626127 1.590816 0.104742
v 5.636185 1.539045 0.059775
v 5.255222 1.572820 0.243584
v 5.304584 1.577693 0.257240
v 5.219980 1.586329 0.222307
v 5.448223 1.592397 0.325335
v 5.409127 1.591880 0.326256
v 5.408825 1.548685 0.333769
v 5.303631 1.612525 -0.039516
v 5.348195 1.610402 -0.058852
v 5.347080 1.587794 -0.060758
v 5.402586 1.918162 0.142773
v 5.404311 2.128801 0.100939
v 5.408082 2.124684 0.101659
v 5.406798 2.127638 0.106469
v 5.403377 2.130990 0.105410
v 5.402571 1.917008 0.066237
v 5.447723 1.920451 0.126524
v 5.403377 2.130990 0.105410
v 5.404311 2.128801 0.100939
v 5.349649 1.922088 0.100173
v 5.408082 2.124684 0.101659
v 5.406798 2.127638 0.106469
v 5.403377 2.130990 0.105410
v 5.406798 2.127638 0.106469
v 5.404311 2.128801 0.100939
v 5.406798 2.127638 0.106469
v 5.408082 2.124684 0.101659
v 5.404311 2.128801 0.100939
v 5.474525 1.776284 0.022933
v 5.416676 1.914584 0.079244
v 5.431051 1.916761 0.081163
v 5.314817 1.793285 0.131710
v 5.370754 1.923819 0.134566
v 5.359334 1.919293 0.109986
v 5.499518 1.776255 0.124649
v 5.448297 1.923939 0.090645
v 5.447723 1.920451 0.126524
v 5.416059 1.932258 0.143607
v 5.402586 1.918162 0.142773
v 5.422389 1.753969 0.201717
v 5.402571 1.917008 0.066237
v 5.416676 1.914584 0.079244
v 5.433105 1.783190 0.009221
v 5.499000 1.805108 0.074972
v 5.499518 1.776255 0.124649
v 5.562948 1.661312 0.093136
v 5.317083 1.762500 0.164538
v 5.314817 1.793285 0.131710
v 5.262760 1.675323 0.195995
v 5.634883 0.382206 -0.052720
v 5.665611 0.307797 -0.069309
v 5.626629 0.324230 -0.131772
v 5.590083 0.370513 -0.095805
v 5.731401 0.316015 0.231196
v 5.791039 0.322054 0.175504
v 5.707801 0.382071 0.164964
v 5.685968 0.375181 0.215864
v 5.626629 0.324230 -0.131772
v 5.613196 0.303881 -0.225849
v 5.566513 0.369824 -0.154511
v 5.590083 0.370513 -0.095805
v 5.791039 0.322054 0.175504
v 5.790390 0.318609 0.103461
v 5.717072 0.388085 0.104731
v 5.707801 0.382071 0.164964
v 5.566513 0.369824 -0.154511
v 5.613196 0.303881 -0.225849
v 5.556749 0.320555 -0.262437
v 5.522056 0.389542 -0.188115
v 5.176727 0.376408 0.319795
v 5.120520 0.321781 0.377865
v 5.222764 0.317235 0.355453
v 5.243019 0.381181 0.328892
v 5.522056 0.389542 -0.188115
v 5.556749 0.320555 -0.262437
v 5.477184 0.316248 -0.244010
v 5.464465 0.389227 -0.203932
v 5.243019 0.381181 0.328892
v 5.222764 0.317235 0.355453
v 5.280582 0.334909 0.399463
v 5.336482 0.516441 0.273180
v 5.280582 0.334909 0.399463
v 5.328370 0.316422 0.485385
v 5.344892 0.374403 0.407609
v 5.336482 0.516441 0.273180
v 5.332585 0.317703 -0.247542
v 5.267576 0.320238 -0.226751
v 5.279219 0.384071 -0.183312
v 5.343548 0.385051 -0.176386
v 5.344892 0.374403 0.407609
v 5.328370 0.316422 0.485385
v 5.397800 0.307191 0.445061
v 5.463625 0.383085 0.416811
v 5.279219 0.384071 -0.183312
v 5.267576 0.320238 -0.226751
v 5.206191 0.310126 -0.184706
v 5.224087 0.389575 -0.157347
v 5.206191 0.310126 -0.184706
v 5.126688 0.305469 -0.171579
v 5.181954 0.376479 -0.116586
v 5.224087 0.389575 -0.157347
v 5.474556 0.317339 0.445056
v 5.556371 0.317888 0.462231
v 5.521068 0.383590 0.394425
v 5.463625 0.383085 0.416811
v 5.181954 0.376479 -0.116586
v 5.126688 0.305469 -0.171579
v 5.113034 0.312673 -0.100155
v 5.176099 0.364822 -0.054478
v 5.556371 0.317888 0.462231
v 5.623323 0.325689 0.432715
v 5.568832 0.371764 0.364175
v 5.521068 0.383590 0.394425
v 5.176099 0.364822 -0.054478
v 5.113034 0.312673 -0.100155
v 5.078004 0.312592 -0.034988
v 5.145470 0.368561 -0.001657
v 5.568832 0.371764 0.364175
v 5.623323 0.325689 0.432715
v 5.645907 0.310752 0.349147
v 5.589171 0.366319 0.296831
v 5.078004 0.312592 -0.034988
v 5.017021 0.314581 0.026017
v 5.094755 0.374633 0.047198
v 5.145470 0.368561 -0.001657
v 5.782136 0.299443 0.025720
v 5.767846 0.313981 -0.044638
v 5.690248 0.379400 -0.011265
v 5.790390 0.318609 0.103461
v 5.094755 0.374633 0.047198
v 5.017021 0.314581 0.026017
v 5.013984 0.311947 0.096708
v 5.086958 0.381976 0.103719
v 5.690248 0.379400 -0.011265
v 5.767846 0.313981 -0.044638
v 5.665611 0.307797 -0.069309
v 5.634883 0.382206 -0.052720
v 5.086958 0.381976 0.103719
v 5.013984 0.311947 0.096708
v 5.049204 0.330026 0.170416
v 5.090752 0.389769 0.165528
v 5.685564 0.200772 -0.187450
v 5.663921 0.248243 -0.178397
v 5.740162 0.264925 -0.118250
v 5.737456 0.210213 -0.115309
v 5.862088 0.262666 0.181644
v 5.774547 0.265366 0.245035
v 5.773139 0.209111 0.244587
v 5.874465 0.188010 0.188195
v 5.046430 0.215586 0.255581
v 5.049214 0.262159 0.254994
v 5.023255 0.261867 0.166489
v 5.016418 0.209019 0.170105
v 5.656513 0.204595 -0.291407
v 5.659518 0.263243 -0.293274
v 5.663921 0.248243 -0.178397
v 5.685564 0.200772 -0.187450
v 5.873597 0.201051 0.097537
v 5.868313 0.259999 0.097552
v 5.862088 0.262666 0.181644
v 5.874465 0.188010 0.188195
v 5.011353 0.271234 0.364292
v 5.049214 0.262159 0.254994
v 5.046430 0.215586 0.255581
v 5.019110 0.197438 0.362556
v 5.588728 0.254862 -0.316654
v 5.659518 0.263243 -0.293274
v 5.656513 0.204595 -0.291407
v 5.590241 0.203368 -0.328006
v 5.070368 0.266493 0.426286
v 5.011353 0.271234 0.364292
v 5.019110 0.197438 0.362556
v 5.073005 0.203318 0.420389
v 5.488251 0.204571 -0.290785
v 5.491191 0.256587 -0.276661
v 5.588728 0.254862 -0.316654
v 5.590241 0.203368 -0.328006
v 5.177798 0.270733 0.434642
v 5.070368 0.266493 0.426286
v 5.073005 0.203318 0.420389
v 5.179481 0.200859 0.429283
v 5.396209 0.251337 -0.283625
v 5.491191 0.256587 -0.276661
v 5.488251 0.204571 -0.290785
v 5.403554 0.189009 -0.308577
v 5.264351 0.220242 0.461255
v 5.261013 0.262056 0.466160
v 5.177798 0.270733 0.434642
v 5.179481 0.200859 0.429283
v 5.317255 0.208755 -0.347714
v 5.314994 0.263395 -0.357803
v 5.396209 0.251337 -0.283625
v 5.403554 0.189009 -0.308577
v 5.314703 0.267023 0.556839
v 5.261013 0.262056 0.466160
v 5.264351 0.220242 0.461255
v 5.315001 0.197295 0.554702
v 5.255203 0.268106 -0.273065
v 5.314994 0.263395 -0.357803
v 5.317255 0.208755 -0.347714
v 5.255898 0.199951 -0.273195
v 5.401038 0.201336 0.498892
v 5.399147 0.264781 0.492389
v 5.314703 0.267023 0.556839
v 5.315001 0.197295 0.554702
v 5.182666 0.223329 -0.218133
v 5.181527 0.263609 -0.224286
v 5.255203 0.268106 -0.273065
v 5.255898 0.199951 -0.273195
v 5.488648 0.210818 0.484412
v 5.489345 0.261211 0.476948
v 5.399147 0.264781 0.492389
v 5.401038 0.201336 0.498892
v 5.074826 0.260009 -0.223407
v 5.181527 0.263609 -0.224286
v 5.182666 0.223329 -0.218133
v 5.071597 0.200235 -0.227724
v 5.589493 0.263903 0.524886
v 5.489345 0.261211 0.476948
v 5.488648 0.210818 0.484412
v 5.590207 0.199867 0.526441
v 5.014148 0.196489 -0.164266
v 5.013667 0.266307 -0.165004
v 5.074826 0.260009 -0.223407
v 5.071597 0.200235 -0.227724
v 5.663734 0.261418 0.484392
v 5.589493 0.263903 0.524886
v 5.590207 0.199867 0.526441
v 5.664668 0.203561 0.484714
v 4.981852 0.211930 -0.078136
v 4.969954 0.266093 -0.082682
v 5.013667 0.266307 -0.165004
v 5.014148 0.196489 -0.164266
v 5.861809 0.204674 0.006863
v 5.860053 0.260411 0.007225
v 5.868313 0.259999 0.097552
v 5.873597 0.201051 0.097537
v 5.721884 0.255518 0.427441
v 5.663734 0.261418 0.484392
v 5.664668 0.203561 0.484714
v 5.724663 0.208073 0.428717
v 4.956151 0.256696 0.008802
v 4.969954 0.266093 -0.082682
v 4.981852 0.211930 -0.078136
v 4.954137 0.209872 0.007663
v 5.837279 0.261991 -0.073557
v 5.860053 0.260411 0.007225
v 5.861809 0.204674 0.006863
v 5.841024 0.197815 -0.076526
v 5.732999 0.205775 0.324191
v 5.726814 0.258043 0.321310
v 5.721884 0.255518 0.427441
v 5.724663 0.208073 0.428717
v 4.939718 0.264735 0.091874
v 4.956151 0.256696 0.008802
v 4.954137 0.209872 0.007663
v 4.933359 0.193223 0.093475
v 5.737456 0.210213 -0.115309
v 5.740162 0.264925 -0.118250
v 5.837279 0.261991 -0.073557
v 5.841024 0.197815 -0.076526
v 5.773139 0.209111 0.244587
v 5.774547 0.265366 0.245035
v 5.726814 0.258043 0.321310
v 5.732999 0.205775 0.324191
v 5.016418 0.209019 0.170105
v 5.023255 0.261867 0.166489
v 4.939718 0.264735 0.091874
v 4.933359 0.193223 0.093475
v 5.153964 0.209751 0.148407
v 5.033439 0.208481 0.081689
v 5.196419 0.231754 0.097537
v 5.230602 0.214857 0.132936
v 5.562524 0.210341 -0.066917
v 5.624830 0.197962 -0.045238
v 5.556181 0.208582 0.000225
v 5.523046 0.201057 -0.050725
v 5.611481 0.212366 0.138417
v 5.701299 0.202596 0.156282
v 5.672230 0.211226 0.218435
v 5.559959 0.200725 0.184234
v 5.168567 0.194724 0.196547
v 5.153964 0.209751 0.148407
v 5.230602 0.214857 0.132936
v 5.242622 0.224757 0.169842
v 5.521197 0.197093 -0.180664
v 5.562524 0.210341 -0.066917
v 5.523046 0.201057 -0.050725
v 5.486152 0.203055 -0.096057
v 5.257793 0.217597 0.245707
v 5.193038 0.192624 0.310462
v 5.155590 0.207759 0.264831
v 5.242622 0.224757 0.169842
v 5.455719 0.222109 -0.153349
v 5.521197 0.197093 -0.180664
v 5.486152 0.203055 -0.096057
v 5.440587 0.223709 -0.077049
v 5.263083 0.198555 0.311715
v 5.193038 0.192624 0.310462
v 5.257793 0.217597 0.245707
v 5.309005 0.207439 0.247061
v 5.307450 0.199636 -0.138745
v 5.347217 0.220139 -0.197799
v 5.407265 0.229355 -0.081516
v 5.337409 0.238998 -0.066887
v 5.405655 0.218466 0.354964
v 5.347217 0.221005 0.392873
v 5.309005 0.207439 0.247061
v 5.432871 0.202628 0.278873
v 5.306536 0.225960 -0.050385
v 5.263083 0.195790 -0.115031
v 5.307450 0.199636 -0.138745
v 5.337409 0.238998 -0.066887
v 5.257793 0.200514 -0.050633
v 5.193038 0.227688 -0.115389
v 5.263083 0.195790 -0.115031
v 5.306536 0.225960 -0.050385
v 5.517339 0.214199 0.275107
v 5.574652 0.216992 0.347028
v 5.455719 0.226529 0.350033
v 5.432871 0.202628 0.278873
v 5.155589 0.217613 -0.069758
v 5.193038 0.227688 -0.115389
v 5.257793 0.200514 -0.050633
v 5.231733 0.188662 -0.018880
v 5.212369 0.205159 0.017348
v 5.127763 0.230282 -0.017698
v 5.155589 0.217613 -0.069758
v 5.231733 0.188662 -0.018880
v 5.624169 0.197150 0.314794
v 5.574652 0.216992 0.347028
v 5.517339 0.214199 0.275107
v 5.553593 0.198035 0.246212
v 5.724663 0.208073 0.428717
v 5.664668 0.203561 0.484714
v 5.624135 0.198323 0.424054
v 5.683644 0.197307 0.375217
v 5.624169 0.197150 0.314794
v 5.683644 0.197307 0.375217
v 5.624135 0.198323 0.424054
v 5.574652 0.216992 0.347028
v 5.861809 0.204674 0.006863
v 5.873597 0.201051 0.097537
v 5.798662 0.196192 0.097537
v 5.791117 0.229195 0.020925
v 5.700310 0.207447 0.036709
v 5.791117 0.229195 0.020925
v 5.798662 0.196192 0.097537
v 5.622758 0.197585 0.077267
v 4.981852 0.211930 -0.078136
v 5.014148 0.196489 -0.164266
v 5.079445 0.201806 -0.120635
v 5.043156 0.205710 -0.052743
v 5.043156 0.205710 -0.052743
v 5.079445 0.201806 -0.120635
v 5.155589 0.217613 -0.069758
v 5.127763 0.230282 -0.017698
v 5.624135 0.198323 0.424054
v 5.664668 0.203561 0.484714
v 5.590207 0.199867 0.526441
v 5.556243 0.192792 0.460344
v 5.079445 0.201806 -0.120635
v 5.014148 0.196489 -0.164266
v 5.071597 0.200235 -0.227724
v 5.128283 0.208120 -0.180144
v 5.155589 0.217613 -0.069758
v 5.079445 0.201806 -0.120635
v 5.128283 0.208120 -0.180144
v 5.193038 0.227688 -0.115389
v 5.556243 0.192792 0.460344
v 5.590207 0.199867 0.526441
v 5.488648 0.210818 0.484412
v 5.470851 0.198759 0.426822
v 5.574652 0.216992 0.347028
v 5.556243 0.192792 0.460344
v 5.470851 0.198759 0.426822
v 5.455719 0.226529 0.350033
v 5.128283 0.208120 -0.180144
v 5.071597 0.200235 -0.227724
v 5.182666 0.223329 -0.218133
v 5.219630 0.208064 -0.179677
v 5.193038 0.227688 -0.115389
v 5.128283 0.208120 -0.180144
v 5.219630 0.208064 -0.179677
v 5.263083 0.195790 -0.115031
v 5.488648 0.210818 0.484412
v 5.401038 0.201336 0.498892
v 5.405561 0.193839 0.433253
v 5.470851 0.198759 0.426822
v 5.470851 0.198759 0.426822
v 5.405561 0.193839 0.433253
v 5.405655 0.218466 0.354964
v 5.455719 0.226529 0.350033
v 5.219630 0.208064 -0.179677
v 5.182666 0.223329 -0.218133
v 5.255898 0.199951 -0.273195
v 5.277490 0.194550 -0.210604
v 5.263083 0.195790 -0.115031
v 5.219630 0.208064 -0.179677
v 5.277490 0.194550 -0.210604
v 5.307450 0.199636 -0.138745
v 5.401038 0.201336 0.498892
v 5.315001 0.197295 0.554702
v 5.329351 0.225400 0.482691
v 5.405561 0.193839 0.433253
v 5.405561 0.193839 0.433253
v 5.329351 0.225400 0.482691
v 5.347217 0.221005 0.392873
v 5.405655 0.218466 0.354964
v 5.255898 0.199951 -0.273195
v 5.317255 0.208755 -0.347714
v 5.329351 0.208421 -0.287617
v 5.277490 0.194550 -0.210604
v 5.277490 0.194550 -0.210604
v 5.329351 0.208421 -0.287617
v 5.347217 0.220139 -0.197799
v 5.307450 0.199636 -0.138745
v 5.329351 0.225400 0.482691
v 5.315001 0.197295 0.554702
v 5.264351 0.220242 0.461255
v 5.277490 0.205079 0.407778
v 5.347217 0.221005 0.392873
v 5.329351 0.225400 0.482691
v 5.277490 0.205079 0.407778
v 5.307450 0.222263 0.335429
v 5.329351 0.208421 -0.287617
v 5.317255 0.208755 -0.347714
v 5.403554 0.189009 -0.308577
v 5.444804 0.200049 -0.241607
v 5.347217 0.220139 -0.197799
v 5.329351 0.208421 -0.287617
v 5.444804 0.200049 -0.241607
v 5.407265 0.229355 -0.081516
v 5.264351 0.220242 0.461255
v 5.179481 0.200859 0.429283
v 5.219631 0.201687 0.376851
v 5.277490 0.205079 0.407778
v 5.277490 0.205079 0.407778
v 5.219631 0.201687 0.376851
v 5.263083 0.198555 0.311715
v 5.307450 0.222263 0.335429
v 5.179481 0.200859 0.429283
v 5.073005 0.203318 0.420389
v 5.128283 0.220036 0.375217
v 5.219631 0.201687 0.376851
v 5.219631 0.201687 0.376851
v 5.128283 0.220036 0.375217
v 5.193038 0.192624 0.310462
v 5.263083 0.198555 0.311715
v 5.488251 0.204571 -0.290785
v 5.590241 0.203368 -0.328006
v 5.556242 0.212089 -0.265270
v 5.444804 0.200049 -0.241607
v 5.444804 0.200049 -0.241607
v 5.556242 0.212089 -0.265270
v 5.521197 0.197093 -0.180664
v 5.455719 0.222109 -0.153349
v 5.073005 0.203318 0.420389
v 5.019110 0.197438 0.362556
v 5.079445 0.211125 0.315709
v 5.128283 0.220036 0.375217
v 5.128283 0.220036 0.375217
v 5.079445 0.211125 0.315709
v 5.155590 0.207759 0.264831
v 5.193038 0.192624 0.310462
v 5.556242 0.212089 -0.265270
v 5.590241 0.203368 -0.328006
v 5.656513 0.204595 -0.291407
v 5.624135 0.224208 -0.228981
v 5.556242 0.212089 -0.265270
v 5.624135 0.224208 -0.228981
v 5.562524 0.210341 -0.066917
v 5.521197 0.197093 -0.180664
v 5.079445 0.211125 0.315709
v 5.019110 0.197438 0.362556
v 5.046430 0.215586 0.255581
v 5.091417 0.229328 0.199547
v 5.155590 0.207759 0.264831
v 5.079445 0.211125 0.315709
v 5.091417 0.229328 0.199547
v 5.168567 0.194724 0.196547
v 5.873597 0.201051 0.097537
v 5.874465 0.188010 0.188195
v 5.791117 0.226366 0.174148
v 5.798662 0.196192 0.097537
v 5.798662 0.196192 0.097537
v 5.791117 0.226366 0.174148
v 5.701299 0.202596 0.156282
v 5.622758 0.197585 0.077267
v 5.624135 0.224208 -0.228981
v 5.656513 0.204595 -0.291407
v 5.685564 0.200772 -0.187450
v 5.642205 0.219972 -0.138057
v 5.791117 0.226366 0.174148
v 5.874465 0.188010 0.188195
v 5.773139 0.209111 0.244587
v 5.672230 0.211226 0.218435
v 5.642205 0.219972 -0.138057
v 5.685564 0.200772 -0.187450
v 5.737456 0.210213 -0.115309
v 5.624830 0.197962 -0.045238
v 5.016418 0.209019 0.170105
v 4.933359 0.193223 0.093475
v 5.033439 0.208481 0.081689
v 5.091417 0.229328 0.199547
v 5.773139 0.209111 0.244587
v 5.732999 0.205775 0.324191
v 5.624169 0.197150 0.314794
v 5.672230 0.211226 0.218435
v 5.737456 0.210213 -0.115309
v 5.841024 0.197815 -0.076526
v 5.768770 0.206718 -0.052743
v 5.624830 0.197962 -0.045238
v 5.033439 0.208481 0.081689
v 4.933359 0.193223 0.093475
v 4.954137 0.209872 0.007663
v 5.020809 0.219128 0.020925
v 5.768770 0.206718 -0.052743
v 5.841024 0.197815 -0.076526
v 5.861809 0.204674 0.006863
v 5.791117 0.229195 0.020925
v 5.020809 0.219128 0.020925
v 4.954137 0.209872 0.007663
v 4.981852 0.211930 -0.078136
v 5.043156 0.205710 -0.052743
v 5.020809 0.219128 0.020925
v 5.043156 0.205710 -0.052743
v 5.127763 0.230282 -0.017698
v 5.198115 0.224134 0.057137
v 5.013984 0.311947 0.096708
v 4.939718 0.264735 0.091874
v 5.023255 0.261867 0.166489
v 5.049204 0.330026 0.170416
v 5.726814 0.258043 0.321310
v 5.774547 0.265366 0.245035
v 5.731401 0.316015 0.231196
v 5.662258 0.327960 0.271358
v 5.767846 0.313981 -0.044638
v 5.837279 0.261991 -0.073557
v 5.740162 0.264925 -0.118250
v 5.665611 0.307797 -0.069309
v 5.017021 0.314581 0.026017
v 4.956151 0.256696 0.008802
v 4.939718 0.264735 0.091874
v 5.013984 0.311947 0.096708
v 5.645907 0.310752 0.349147
v 5.721884 0.255518 0.427441
v 5.726814 0.258043 0.321310
v 5.662258 0.327960 0.271358
v 5.860053 0.260411 0.007225
v 5.837279 0.261991 -0.073557
v 5.767846 0.313981 -0.044638
v 5.782136 0.299443 0.025720
v 4.969954 0.266093 -0.082682
v 4.956151 0.256696 0.008802
v 5.017021 0.314581 0.026017
v 5.078004 0.312592 -0.034988
v 5.623323 0.325689 0.432715
v 5.663734 0.261418 0.484392
v 5.721884 0.255518 0.427441
v 5.645907 0.310752 0.349147
v 5.868313 0.259999 0.097552
v 5.860053 0.260411 0.007225
v 5.782136 0.299443 0.025720
v 5.790390 0.318609 0.103461
v 5.113034 0.312673 -0.100155
v 5.013667 0.266307 -0.165004
v 4.969954 0.266093 -0.082682
v 5.078004 0.312592 -0.034988
v 5.589493 0.263903 0.524886
v 5.663734 0.261418 0.484392
v 5.623323 0.325689 0.432715
v 5.556371 0.317888 0.462231
v 5.126688 0.305469 -0.171579
v 5.074826 0.260009 -0.223407
v 5.013667 0.266307 -0.165004
v 5.113034 0.312673 -0.100155
v 5.489345 0.261211 0.476948
v 5.589493 0.263903 0.524886
v 5.556371 0.317888 0.462231
v 5.474556 0.317339 0.445056
v 5.181527 0.263609 -0.224286
v 5.074826 0.260009 -0.223407
v 5.126688 0.305469 -0.171579
v 5.206191 0.310126 -0.184706
v 5.399147 0.264781 0.492389
v 5.489345 0.261211 0.476948
v 5.474556 0.317339 0.445056
v 5.397800 0.307191 0.445061
v 5.267576 0.320238 -0.226751
v 5.255203 0.268106 -0.273065
v 5.181527 0.263609 -0.224286
v 5.206191 0.310126 -0.184706
v 5.328370 0.316422 0.485385
v 5.314703 0.267023 0.556839
v 5.399147 0.264781 0.492389
v 5.397800 0.307191 0.445061
v 5.332585 0.317703 -0.247542
v 5.314994 0.263395 -0.357803
v 5.255203 0.268106 -0.273065
v 5.267576 0.320238 -0.226751
v 5.261013 0.262056 0.466160
v 5.314703 0.267023 0.556839
v 5.328370 0.316422 0.485385
v 5.280582 0.334909 0.399463
v 5.396209 0.251337 -0.283625
v 5.314994 0.263395 -0.357803
v 5.332585 0.317703 -0.247542
v 5.398051 0.361292 -0.194607
v 5.177798 0.270733 0.434642
v 5.261013 0.262056 0.466160
v 5.280582 0.334909 0.399463
v 5.222764 0.317235 0.355453
v 5.477184 0.316248 -0.244010
v 5.491191 0.256587 -0.276661
v 5.396209 0.251337 -0.283625
v 5.398051 0.361292 -0.194607
v 5.556749 0.320555 -0.262437
v 5.588728 0.254862 -0.316654
v 5.491191 0.256587 -0.276661
v 5.477184 0.316248 -0.244010
v 5.084284 0.321455 0.312972
v 5.011353 0.271234 0.364292
v 5.070368 0.266493 0.426286
v 5.120520 0.321781 0.377865
v 5.120520 0.321781 0.377865
v 5.070368 0.266493 0.426286
v 5.177798 0.270733 0.434642
v 5.222764 0.317235 0.355453
v 5.613196 0.303881 -0.225849
v 5.659518 0.263243 -0.293274
v 5.588728 0.254862 -0.316654
v 5.556749 0.320555 -0.262437
v 5.049214 0.262159 0.254994
v 5.011353 0.271234 0.364292
v 5.084284 0.321455 0.312972
v 5.077665 0.336861 0.235421
v 5.862088 0.262666 0.181644
v 5.868313 0.259999 0.097552
v 5.790390 0.318609 0.103461
v 5.791039 0.322054 0.175504
v 5.663921 0.248243 -0.178397
v 5.659518 0.263243 -0.293274
v 5.613196 0.303881 -0.225849
v 5.626629 0.324230 -0.131772
v 5.049204 0.330026 0.170416
v 5.023255 0.261867 0.166489
v 5.049214 0.262159 0.254994
v 5.077665 0.336861 0.235421
v 5.774547 0.265366 0.245035
v 5.862088 0.262666 0.181644
v 5.791039 0.322054 0.175504
v 5.731401 0.316015 0.231196
v 5.665611 0.307797 -0.069309
v 5.740162 0.264925 -0.118250
v 5.663921 0.248243 -0.178397
v 5.626629 0.324230 -0.131772
v 5.224087 0.389575 -0.157347
v 5.181954 0.376479 -0.116586
v 5.276793 0.525820 -0.003622
v 5.336813 0.516721 -0.058657
v 5.589171 0.366319 0.296831
v 5.662258 0.327960 0.271358
v 5.554170 0.515996 0.204649
v 5.503685 0.520045 0.245631
v 5.662258 0.327960 0.271358
v 5.685968 0.375181 0.215864
v 5.565211 0.518171 0.177549
v 5.554170 0.515996 0.204649
v 5.145470 0.368561 -0.001657
v 5.094755 0.374633 0.047198
v 5.228518 0.519944 0.075270
v 5.276793 0.525820 -0.003622
v 5.790390 0.318609 0.103461
v 5.690248 0.379400 -0.011265
v 5.561002 0.520663 0.043125
v 5.562339 0.523928 0.074266
v 5.228518 0.519944 0.075270
v 5.094755 0.374633 0.047198
v 5.086958 0.381976 0.103719
v 5.229402 0.518451 0.098584
v 5.561002 0.520663 0.043125
v 5.690248 0.379400 -0.011265
v 5.634883 0.382206 -0.052720
v 5.534737 0.525921 0.012636
v 5.565211 0.518171 0.177549
v 5.707801 0.382071 0.164964
v 5.717072 0.388085 0.104731
v 5.562339 0.523928 0.074266
v 5.090752 0.389769 0.165528
v 5.077665 0.336861 0.235421
v 5.252028 0.521577 0.189740
v 5.229402 0.518451 0.098584
v 5.590083 0.370513 -0.095805
v 5.566513 0.369824 -0.154511
v 5.486790 0.524101 -0.036168
v 5.534737 0.525921 0.012636
v 5.566513 0.369824 -0.154511
v 5.522056 0.389542 -0.188115
v 5.468504 0.516486 -0.060523
v 5.486790 0.524101 -0.036168
v 5.468504 0.516486 -0.060523
v 5.522056 0.389542 -0.188115
v 5.464465 0.389227 -0.203932
v 5.430277 0.520744 -0.069995
v 5.252028 0.521577 0.189740
v 5.084284 0.321455 0.312972
v 5.176727 0.376408 0.319795
v 5.285539 0.524065 0.230093
v 5.370875 0.519694 0.277660
v 5.344892 0.374403 0.407609
v 5.463625 0.383085 0.416811
v 5.424161 0.516815 0.278673
v 5.430277 0.520744 -0.069995
v 5.398051 0.361292 -0.194607
v 5.343548 0.385051 -0.176386
v 5.336813 0.516721 -0.058657
v 5.463625 0.383085 0.416811
v 5.521068 0.383590 0.394425
v 5.467247 0.517902 0.266971
v 5.424161 0.516815 0.278673
v 5.467247 0.517902 0.266971
v 5.521068 0.383590 0.394425
v 5.568832 0.371764 0.364175
v 5.503685 0.520045 0.245631
v 5.675988 0.524132 -0.145100
v 5.607899 0.527962 -0.203835
v 5.644862 0.519665 -0.257908
v 5.755852 0.514461 -0.153403
v 5.096983 0.531205 0.332786
v 5.195258 0.541325 0.413726
v 5.159604 0.518179 0.468332
v 5.092290 0.516214 0.414998
v 4.994364 0.512175 0.273817
v 5.061782 0.545624 0.228063
v 5.096983 0.531205 0.332786
v 5.035829 0.513191 0.349775
v 5.607899 0.527962 -0.203835
v 5.545677 0.544688 -0.235688
v 5.577658 0.514537 -0.296583
v 5.644862 0.519665 -0.257908
v 5.195258 0.541325 0.413726
v 5.259451 0.513099 0.446377
v 5.228504 0.512941 0.508134
v 5.159604 0.518179 0.468332
v 5.235329 0.518608 -0.298958
v 5.273364 0.537459 -0.239038
v 5.195610 0.523592 -0.203715
v 5.155086 0.507392 -0.265609
v 5.195610 0.523592 -0.203715
v 5.120035 0.520551 -0.131659
v 5.070384 0.507853 -0.190009
v 5.155086 0.507392 -0.265609
v 5.605707 0.541725 0.413578
v 5.659503 0.526677 0.364786
v 5.671288 0.541011 0.374230
v 5.639296 0.516311 0.471649
v 5.671288 0.541011 0.374230
v 5.659503 0.526677 0.364786
v 5.704524 0.548013 0.303816
v 5.712752 0.558225 0.293706
v 5.804255 0.523000 0.261082
v 5.744177 0.531729 0.244825
v 5.765349 0.517766 0.177073
v 5.825518 0.526154 0.188875
v 5.561002 0.520663 0.043125
v 5.534737 0.525921 0.012636
v 5.642854 0.521712 -0.100183
v 5.663353 0.528650 -0.003977
v 5.750720 0.543307 -0.037629
v 5.663353 0.528650 -0.003977
v 5.642854 0.521712 -0.100183
v 5.675988 0.524132 -0.145100
v 5.228518 0.519944 0.075270
v 5.229402 0.518451 0.098584
v 5.036363 0.522608 0.109996
v 5.108037 0.543289 0.025293
v 5.744177 0.531729 0.244825
v 5.664127 0.552393 0.213780
v 5.686378 0.538712 0.149804
v 5.765349 0.517766 0.177073
v 5.680381 0.553560 0.049146
v 5.562339 0.523928 0.074266
v 5.561002 0.520663 0.043125
v 5.663353 0.528650 -0.003977
v 5.680381 0.553560 0.049146
v 5.663353 0.528650 -0.003977
v 5.750720 0.543307 -0.037629
v 5.760540 0.525548 0.034910
v 5.554170 0.515996 0.204649
v 5.565211 0.518171 0.177549
v 5.664127 0.552393 0.213780
v 5.637111 0.528978 0.262584
v 5.704524 0.548013 0.303816
v 5.637111 0.528978 0.262584
v 5.664127 0.552393 0.213780
v 5.744177 0.531729 0.244825
v 5.686378 0.538712 0.149804
v 5.680381 0.553560 0.049146
v 5.760540 0.525548 0.034910
v 5.841856 0.511517 0.104453
v 5.164364 0.538268 -0.053293
v 5.108037 0.543289 0.025293
v 4.997599 0.514815 -0.067555
v 5.120035 0.520551 -0.131659
v 5.601784 0.529204 0.305644
v 5.503685 0.520045 0.245631
v 5.554170 0.515996 0.204649
v 5.637111 0.528978 0.262584
v 5.601784 0.529204 0.305644
v 5.637111 0.528978 0.262584
v 5.704524 0.548013 0.303816
v 5.659503 0.526677 0.364786
v 5.506739 0.547443 0.369185
v 5.601784 0.529204 0.305644
v 5.659503 0.526677 0.364786
v 5.605707 0.541725 0.413578
v 5.292451 0.507274 -0.157035
v 5.202117 0.520886 -0.158208
v 5.195610 0.523592 -0.203715
v 5.273364 0.537459 -0.239038
v 5.456372 0.537838 0.383706
v 5.424161 0.516815 0.278673
v 5.467247 0.517902 0.266971
v 5.506739 0.547443 0.369185
v 5.494385 0.506030 0.528948
v 5.456372 0.537838 0.383706
v 5.506739 0.547443 0.369185
v 5.568597 0.522595 0.505289
v 5.413161 0.547466 0.471257
v 5.400882 0.545248 0.389437
v 5.456372 0.537838 0.383706
v 5.494385 0.506030 0.528948
v 5.430277 0.520744 -0.069995
v 5.336813 0.516721 -0.058657
v 5.345556 0.514285 -0.173404
v 5.400882 0.529180 -0.179382
v 5.404875 0.528687 -0.266822
v 5.400882 0.529180 -0.179382
v 5.345556 0.514285 -0.173404
v 5.273364 0.537459 -0.239038
v 5.370875 0.519694 0.277660
v 5.424161 0.516815 0.278673
v 5.400882 0.545248 0.389437
v 5.345294 0.551936 0.384203
v 5.345294 0.551936 0.384203
v 5.400882 0.545248 0.389437
v 5.413161 0.547466 0.471257
v 5.337489 0.538049 0.466544
v 5.474270 0.522993 -0.251584
v 5.456500 0.556368 -0.174867
v 5.400882 0.529180 -0.179382
v 5.404875 0.528687 -0.266822
v 5.336482 0.516441 0.273180
v 5.370875 0.519694 0.277660
v 5.345294 0.551936 0.384203
v 5.292178 0.527248 0.367177
v 5.292178 0.527248 0.367177
v 5.345294 0.551936 0.384203
v 5.337489 0.538049 0.466544
v 5.259451 0.513099 0.446377
v 5.509799 0.543145 -0.158209
v 5.468504 0.516486 -0.060523
v 5.430277 0.520744 -0.069995
v 5.456500 0.556368 -0.174867
v 5.509799 0.543145 -0.158209
v 5.456500 0.556368 -0.174867
v 5.474270 0.522993 -0.251584
v 5.545677 0.544688 -0.235688
v 5.233857 0.542775 0.337609
v 5.285539 0.524065 0.230093
v 5.336482 0.516441 0.273180
v 5.292178 0.527248 0.367177
v 5.195258 0.541325 0.413726
v 5.233857 0.542775 0.337609
v 5.292178 0.527248 0.367177
v 5.259451 0.513099 0.446377
v 5.558589 0.522011 -0.131283
v 5.486790 0.524101 -0.036168
v 5.468504 0.516486 -0.060523
v 5.509799 0.543145 -0.158209
v 5.558589 0.522011 -0.131283
v 5.509799 0.543145 -0.158209
v 5.545677 0.544688 -0.235688
v 5.607899 0.527962 -0.203835
v 5.061782 0.545624 0.228063
v 5.143734 0.545663 0.214227
v 5.164524 0.532935 0.262671
v 5.096983 0.531205 0.332786
v 5.642854 0.521712 -0.100183
v 5.534737 0.525921 0.012636
v 5.486790 0.524101 -0.036168
v 5.558589 0.522011 -0.131283
v 5.642854 0.521712 -0.100183
v 5.558589 0.522011 -0.131283
v 5.607899 0.527962 -0.203835
v 5.675988 0.524132 -0.145100
v 5.164524 0.532935 0.262671
v 5.252028 0.521577 0.189740
v 5.285539 0.524065 0.230093
v 5.233857 0.542775 0.337609
v 5.159604 0.518179 0.468332
v 5.228504 0.512941 0.508134
v 5.233062 0.571464 0.492218
v 5.156437 0.583202 0.473899
v 5.575934 0.581852 -0.297053
v 5.577658 0.514537 -0.296583
v 5.492253 0.540384 -0.252979
v 5.486501 0.600405 -0.253150
v 5.233062 0.571464 0.492218
v 5.228504 0.512941 0.508134
v 5.337489 0.538049 0.466544
v 5.336358 0.601187 0.467009
v 5.486501 0.600405 -0.253150
v 5.492253 0.540384 -0.252979
v 5.404875 0.528687 -0.266822
v 5.410983 0.609080 -0.272334
v 5.337489 0.538049 0.466544
v 5.413161 0.547466 0.471257
v 5.417970 0.601259 0.476263
v 5.336358 0.601187 0.467009
v 5.404875 0.528687 -0.266822
v 5.310075 0.513755 -0.323967
v 5.311867 0.583287 -0.325764
v 5.410983 0.609080 -0.272334
v 5.413161 0.547466 0.471257
v 5.494385 0.506030 0.528948
v 5.496195 0.568594 0.510466
v 5.417970 0.601259 0.476263
v 5.310075 0.513755 -0.323967
v 5.235329 0.518608 -0.298958
v 5.236887 0.576544 -0.295194
v 5.311867 0.583287 -0.325764
v 5.496195 0.568594 0.510466
v 5.494385 0.506030 0.528948
v 5.568597 0.522595 0.505289
v 5.567936 0.576604 0.506009
v 5.235329 0.518608 -0.298958
v 5.155086 0.507392 -0.265609
v 5.159662 0.579683 -0.259975
v 5.236887 0.576544 -0.295194
v 5.568597 0.522595 0.505289
v 5.639296 0.516311 0.471649
v 5.633750 0.573807 0.465684
v 5.567936 0.576604 0.506009
v 5.155086 0.507392 -0.265609
v 5.070384 0.507853 -0.190009
v 5.096683 0.574896 -0.202386
v 5.159662 0.579683 -0.259975
v 5.633750 0.573807 0.465684
v 5.639296 0.516311 0.471649
v 5.671288 0.541011 0.374230
v 5.671422 0.597405 0.371150
v 5.671288 0.541011 0.374230
v 5.712752 0.558225 0.293706
v 5.721555 0.598476 0.307665
v 5.671422 0.597405 0.371150
v 5.044622 0.571924 -0.133170
v 5.070384 0.507853 -0.190009
v 4.997599 0.514815 -0.067555
v 4.997705 0.582962 -0.068421
v 5.845769 0.585249 0.108508
v 5.841856 0.511517 0.104453
v 5.783490 0.535632 0.038199
v 5.779549 0.603797 0.038601
v 5.712752 0.558225 0.293706
v 5.804255 0.523000 0.261082
v 5.803516 0.577722 0.263437
v 5.721555 0.598476 0.307665
v 4.997705 0.582962 -0.068421
v 4.997599 0.514815 -0.067555
v 5.062757 0.542493 0.027851
v 5.074237 0.594503 0.028846
v 5.779549 0.603797 0.038601
v 5.783490 0.535632 0.038199
v 5.750720 0.543307 -0.037629
v 5.760558 0.605748 -0.037795
v 5.803516 0.577722 0.263437
v 5.804255 0.523000 0.261082
v 5.825518 0.526154 0.188875
v 5.838370 0.584770 0.191432
v 5.062757 0.542493 0.027851
v 5.035275 0.531966 0.112041
v 5.040089 0.605821 0.112640
v 5.074237 0.594503 0.028846
v 5.750720 0.543307 -0.037629
v 5.755852 0.514461 -0.153403
v 5.752231 0.571233 -0.137711
v 5.760558 0.605748 -0.037795
v 5.825518 0.526154 0.188875
v 5.841856 0.511517 0.104453
v 5.845769 0.585249 0.108508
v 5.838370 0.584770 0.191432
v 5.035275 0.531966 0.112041
v 4.974257 0.513720 0.198354
v 4.980372 0.578634 0.197462
v 5.040089 0.605821 0.112640
v 5.035829 0.513191 0.349775
v 5.092290 0.516214 0.414998
v 5.087498 0.584375 0.419211
v 5.030805 0.586240 0.352733
v 4.974257 0.513720 0.198354
v 4.994364 0.512175 0.273817
v 4.999432 0.579010 0.271718
v 4.980372 0.578634 0.197462
v 5.699105 0.564699 -0.193764
v 5.755852 0.514461 -0.153403
v 5.644862 0.519665 -0.257908
v 5.644863 0.578954 -0.259189
v 5.087498 0.584375 0.419211
v 5.092290 0.516214 0.414998
v 5.159604 0.518179 0.468332
v 5.156437 0.583202 0.473899
v 4.999432 0.579010 0.271718
v 4.994364 0.512175 0.273817
v 5.035829 0.513191 0.349775
v 5.030805 0.586240 0.352733
v 5.644863 0.578954 -0.259189
v 5.644862 0.519665 -0.257908
v 5.577658 0.514537 -0.296583
v 5.575934 0.581852 -0.297053
v 5.724672 0.657091 0.237227
v 5.746217 0.660289 0.173102
v 5.643912 0.732666 0.146076
v 5.627403 0.726882 0.197880
v 5.628619 0.735265 0.027059
v 5.726042 0.661986 -0.028404
v 5.653543 0.655033 -0.056594
v 5.580523 0.730958 -0.006349
v 5.054250 0.664008 0.105954
v 5.056205 0.667491 0.174395
v 5.163440 0.747568 0.186511
v 5.149362 0.747049 0.104742
v 5.580523 0.730958 -0.006349
v 5.653543 0.655033 -0.056594
v 5.615412 0.662570 -0.108801
v 5.544902 0.723287 -0.042308
v 5.193079 0.740471 0.241127
v 5.109591 0.661528 0.299043
v 5.186042 0.664358 0.321178
v 5.256335 0.712079 0.244760
v 5.615412 0.662570 -0.108801
v 5.589656 0.638306 -0.181008
v 5.540656 0.745418 -0.106485
v 5.544902 0.723287 -0.042308
v 5.186042 0.664358 0.321178
v 5.236066 0.662008 0.360861
v 5.293507 0.719007 0.280622
v 5.256335 0.712079 0.244760
v 5.076432 0.665779 0.239823
v 5.109591 0.661528 0.299043
v 5.193079 0.740471 0.241127
v 5.163440 0.747568 0.186511
v 5.540656 0.745418 -0.106485
v 5.589656 0.638306 -0.181008
v 5.535662 0.647971 -0.211744
v 5.470163 0.751864 -0.129043
v 5.236066 0.662008 0.360861
v 5.273417 0.638244 0.419344
v 5.310619 0.737768 0.335774
v 5.293507 0.719007 0.280622
v 5.486501 0.600405 -0.253150
v 5.400786 0.652314 -0.236934
v 5.401296 0.748190 -0.137751
v 5.470163 0.751864 -0.129043
v 5.402546 0.743967 0.356428
v 5.403297 0.665273 0.455126
v 5.471338 0.651933 0.443337
v 5.456549 0.720405 0.341972
v 5.334401 0.635285 -0.225281
v 5.271835 0.641477 -0.210822
v 5.283516 0.740825 -0.097313
v 5.401296 0.748190 -0.137751
v 5.456549 0.720405 0.341972
v 5.529637 0.634944 0.420072
v 5.567966 0.660675 0.360584
v 5.552760 0.732672 0.267871
v 5.283516 0.740825 -0.097313
v 5.214461 0.641475 -0.182005
v 5.188430 0.665793 -0.109509
v 5.258698 0.726017 -0.043176
v 5.188430 0.665793 -0.109509
v 5.149772 0.659278 -0.057834
v 5.220620 0.740453 -0.010921
v 5.258698 0.726017 -0.043176
v 5.610713 0.637423 0.309654
v 5.686468 0.639508 0.287748
v 5.606607 0.723927 0.234674
v 5.552760 0.732672 0.267871
v 5.149772 0.659278 -0.057834
v 5.089641 0.635664 -0.024202
v 5.170704 0.739418 0.012641
v 5.220620 0.740453 -0.010921
v 5.686468 0.639508 0.287748
v 5.724672 0.657091 0.237227
v 5.627403 0.726882 0.197880
v 5.606607 0.723927 0.234674
v 5.089641 0.635664 -0.024202
v 4.997705 0.582962 -0.068421
v 5.074237 0.594503 0.028846
v 5.074041 0.647759 0.036820
v 5.721555 0.598476 0.307665
v 5.803516 0.577722 0.263437
v 5.724672 0.657091 0.237227
v 5.686468 0.639508 0.287748
v 5.044622 0.571924 -0.133170
v 4.997705 0.582962 -0.068421
v 5.089641 0.635664 -0.024202
v 5.149772 0.659278 -0.057834
v 5.671422 0.597405 0.371150
v 5.721555 0.598476 0.307665
v 5.686468 0.639508 0.287748
v 5.610713 0.637423 0.309654
v 5.188430 0.665793 -0.109509
v 5.096683 0.574896 -0.202386
v 5.044622 0.571924 -0.133170
v 5.149772 0.659278 -0.057834
v 5.567966 0.660675 0.360584
v 5.633750 0.573807 0.465684
v 5.671422 0.597405 0.371150
v 5.610713 0.637423 0.309654
v 5.214461 0.641475 -0.182005
v 5.159662 0.579683 -0.259975
v 5.096683 0.574896 -0.202386
v 5.188430 0.665793 -0.109509
v 5.529637 0.634944 0.420072
v 5.567936 0.576604 0.506009
v 5.633750 0.573807 0.465684
v 5.567966 0.660675 0.360584
v 5.236887 0.576544 -0.295194
v 5.159662 0.579683 -0.259975
v 5.214461 0.641475 -0.182005
v 5.271835 0.641477 -0.210822
v 5.496195 0.568594 0.510466
v 5.567936 0.576604 0.506009
v 5.529637 0.634944 0.420072
v 5.471338 0.651933 0.443337
v 5.334401 0.635285 -0.225281
v 5.311867 0.583287 -0.325764
v 5.236887 0.576544 -0.295194
v 5.271835 0.641477 -0.210822
v 5.417970 0.601259 0.476263
v 5.496195 0.568594 0.510466
v 5.471338 0.651933 0.443337
v 5.403297 0.665273 0.455126
v 5.410983 0.609080 -0.272334
v 5.311867 0.583287 -0.325764
v 5.334401 0.635285 -0.225281
v 5.400786 0.652314 -0.236934
v 5.336358 0.601187 0.467009
v 5.417970 0.601259 0.476263
v 5.403297 0.665273 0.455126
v 5.335310 0.663597 0.440760
v 5.273417 0.638244 0.419344
v 5.233062 0.571464 0.492218
v 5.336358 0.601187 0.467009
v 5.335310 0.663597 0.440760
v 5.156437 0.583202 0.473899
v 5.233062 0.571464 0.492218
v 5.273417 0.638244 0.419344
v 5.236066 0.662008 0.360861
v 5.589656 0.638306 -0.181008
v 5.644863 0.578954 -0.259189
v 5.575934 0.581852 -0.297053
v 5.535662 0.647971 -0.211744
v 4.999432 0.579010 0.271718
v 5.030805 0.586240 0.352733
v 5.109591 0.661528 0.299043
v 5.076432 0.665779 0.239823
v 5.186042 0.664358 0.321178
v 5.087498 0.584375 0.419211
v 5.156437 0.583202 0.473899
v 5.236066 0.662008 0.360861
v 5.699105 0.564699 -0.193764
v 5.644863 0.578954 -0.259189
v 5.589656 0.638306 -0.181008
v 5.615412 0.662570 -0.108801
v 4.980372 0.578634 0.197462
v 4.999432 0.579010 0.271718
v 5.076432 0.665779 0.239823
v 5.056205 0.667491 0.174395
v 5.109591 0.661528 0.299043
v 5.030805 0.586240 0.352733
v 5.087498 0.584375 0.419211
v 5.186042 0.664358 0.321178
v 5.752231 0.571233 -0.137711
v 5.699105 0.564699 -0.193764
v 5.615412 0.662570 -0.108801
v 5.653543 0.655033 -0.056594
v 5.040089 0.605821 0.112640
v 4.980372 0.578634 0.197462
v 5.056205 0.667491 0.174395
v 5.054250 0.664008 0.105954
v 5.746217 0.660289 0.173102
v 5.838370 0.584770 0.191432
v 5.845769 0.585249 0.108508
v 5.744102 0.645121 0.069040
v 5.726042 0.661986 -0.028404
v 5.760558 0.605748 -0.037795
v 5.752231 0.571233 -0.137711
v 5.653543 0.655033 -0.056594
v 5.074041 0.647759 0.036820
v 5.074237 0.594503 0.028846
v 5.040089 0.605821 0.112640
v 5.054250 0.664008 0.105954
v 5.803516 0.577722 0.263437
v 5.838370 0.584770 0.191432
v 5.746217 0.660289 0.173102
v 5.724672 0.657091 0.237227
v 5.744102 0.645121 0.069040
v 5.779549 0.603797 0.038601
v 5.760558 0.605748 -0.037795
v 5.726042 0.661986 -0.028404
v 5.293509 0.866356 0.182339
v 5.256335 0.712079 0.244760
v 5.293507 0.719007 0.280622
v 5.335017 0.870110 0.217226
v 5.256744 0.859880 0.122748
v 5.163440 0.747568 0.186511
v 5.193079 0.740471 0.241127
v 5.293509 0.866356 0.182339
v 5.540656 0.745418 -0.106485
v 5.470163 0.751864 -0.129043
v 5.449350 0.863725 -0.022021
v 5.474258 0.871701 0.000050
v 5.335017 0.870110 0.217226
v 5.293507 0.719007 0.280622
v 5.310619 0.737768 0.335774
v 5.368955 0.871299 0.222149
v 5.470163 0.751864 -0.129043
v 5.401296 0.748190 -0.137751
v 5.375026 0.863519 -0.028356
v 5.449350 0.863725 -0.022021
v 5.335310 0.663597 0.440760
v 5.402546 0.743967 0.356428
v 5.421730 0.855386 0.252303
v 5.368955 0.871299 0.222149
v 5.258698 0.726017 -0.043176
v 5.220620 0.740453 -0.010921
v 5.273135 0.860739 0.033561
v 5.321702 0.864664 -0.011372
v 5.521909 0.855158 0.202961
v 5.606607 0.723927 0.234674
v 5.627403 0.726882 0.197880
v 5.540190 0.860629 0.140987
v 5.273135 0.860739 0.033561
v 5.170704 0.739418 0.012641
v 5.074041 0.647759 0.036820
v 5.256744 0.859880 0.122748
v 5.535534 0.863953 0.051935
v 5.580523 0.730958 -0.006349
v 5.544902 0.723287 -0.042308
v 5.474258 0.871701 0.000050
v 5.267099 0.872657 -0.207158
v 5.294183 0.887307 -0.156141
v 5.183007 0.878420 -0.154166
v 5.197835 0.864407 -0.202040
v 5.205548 0.874508 -0.097532
v 5.173933 0.872119 -0.052262
v 5.180717 0.888973 -0.059036
v 5.183007 0.878420 -0.154166
v 5.657433 0.890542 0.275965
v 5.673897 0.883439 0.158448
v 5.720232 0.866044 0.238762
v 5.711560 0.861310 0.313096
v 5.684072 0.888732 0.088581
v 5.631402 0.896485 -0.041484
v 5.708225 0.886548 -0.011859
v 5.726231 0.880550 0.029914
v 5.076294 0.882011 0.051416
v 5.127617 0.887806 0.050429
v 5.095490 0.891973 0.105538
v 5.049736 0.883725 0.110648
v 5.049736 0.883725 0.110648
v 5.095490 0.891973 0.105538
v 5.101192 0.909586 0.163456
v 5.045902 0.872134 0.171653
v 5.101192 0.909586 0.163456
v 5.143394 0.891200 0.207649
v 5.091814 0.881734 0.216770
v 5.045902 0.872134 0.171653
v 5.592774 0.864462 -0.186164
v 5.558657 0.884006 -0.132287
v 5.520029 0.892265 -0.178847
v 5.538675 0.880084 -0.223193
v 5.520029 0.892265 -0.178847
v 5.409793 0.889473 -0.174016
v 5.480423 0.878940 -0.222248
v 5.538675 0.880084 -0.223193
v 5.263375 0.864427 0.447212
v 5.255388 0.906409 0.343666
v 5.342089 0.879767 0.405815
v 5.328157 0.865004 0.466507
v 5.453029 0.891111 0.357488
v 5.421730 0.855386 0.252303
v 5.477801 0.855077 0.243646
v 5.505394 0.902838 0.335200
v 5.348109 0.898845 -0.161005
v 5.357213 0.905131 -0.123180
v 5.312997 0.887437 -0.110575
v 5.294183 0.887307 -0.156141
v 5.405974 0.893115 -0.123874
v 5.357213 0.905131 -0.123180
v 5.348109 0.898845 -0.161005
v 5.409793 0.889473 -0.174016
v 5.318677 0.892623 0.315197
v 5.368955 0.871299 0.222149
v 5.421730 0.855386 0.252303
v 5.402427 0.864284 0.338427
v 5.318677 0.892623 0.315197
v 5.402427 0.864284 0.338427
v 5.391459 0.868354 0.444476
v 5.342089 0.879767 0.405815
v 5.523178 0.889454 -0.090586
v 5.405974 0.893115 -0.123874
v 5.409793 0.889473 -0.174016
v 5.520029 0.892265 -0.178847
v 5.335017 0.870110 0.217226
v 5.368955 0.871299 0.222149
v 5.318677 0.892623 0.315197
v 5.273368 0.890066 0.298744
v 5.293509 0.866356 0.182339
v 5.335017 0.870110 0.217226
v 5.273368 0.890066 0.298744
v 5.213114 0.881474 0.297925
v 5.588759 0.902256 -0.092152
v 5.566957 0.901606 -0.059670
v 5.523178 0.889454 -0.090586
v 5.558657 0.884006 -0.132287
v 5.173163 0.875719 0.150137
v 5.195574 0.864492 0.202632
v 5.143394 0.891200 0.207649
v 5.101192 0.909586 0.163456
v 5.535534 0.863953 0.051935
v 5.474258 0.871701 0.000050
v 5.566957 0.901606 -0.059670
v 5.596086 0.892765 -0.024579
v 5.596086 0.892765 -0.024579
v 5.566957 0.901606 -0.059670
v 5.588759 0.902256 -0.092152
v 5.631402 0.896485 -0.041484
v 5.095490 0.891973 0.105538
v 5.160501 0.870793 0.096502
v 5.173163 0.875719 0.150137
v 5.101192 0.909586 0.163456
v 5.273135 0.860739 0.033561
v 5.256744 0.859880 0.122748
v 5.160501 0.870793 0.096502
v 5.192033 0.881435 -0.018537
v 5.156344 0.889662 0.006288
v 5.192033 0.881435 -0.018537
v 5.160501 0.870793 0.096502
v 5.127617 0.887806 0.050429
v 5.679893 0.879073 0.101282
v 5.633197 0.894701 0.112037
v 5.631255 0.895862 0.047997
v 5.684072 0.888732 0.088581
v 5.656690 0.877519 0.356657
v 5.568056 0.877289 0.269908
v 5.607554 0.887643 0.243006
v 5.657433 0.890542 0.275965
v 5.268758 0.892760 -0.088989
v 5.321702 0.864664 -0.011372
v 5.273135 0.860739 0.033561
v 5.192033 0.881435 -0.018537
v 5.268758 0.892760 -0.088989
v 5.192033 0.881435 -0.018537
v 5.173933 0.872119 -0.052262
v 5.205548 0.874508 -0.097532
v 5.477801 0.855077 0.243646
v 5.521909 0.855158 0.202961
v 5.568056 0.877289 0.269908
v 5.546768 0.896520 0.335167
v 5.312997 0.887437 -0.110575
v 5.375026 0.863519 -0.028356
v 5.321702 0.864664 -0.011372
v 5.268758 0.892760 -0.088989
v 5.294183 0.887307 -0.156141
v 5.312997 0.887437 -0.110575
v 5.268758 0.892760 -0.088989
v 5.183007 0.878420 -0.154166
v 5.197470 0.977803 -0.054891
v 5.180717 0.888973 -0.059036
v 5.156344 0.889662 0.006288
v 5.165898 0.935034 0.007758
v 5.684072 0.888732 0.088581
v 5.726231 0.880550 0.029914
v 5.726876 0.924701 0.031536
v 5.661128 0.956823 0.091405
v 5.696004 0.920213 0.306831
v 5.711560 0.861310 0.313096
v 5.720232 0.866044 0.238762
v 5.713398 0.926587 0.238739
v 5.156344 0.889662 0.006288
v 5.076294 0.882011 0.051416
v 5.076692 0.925648 0.047877
v 5.165898 0.935034 0.007758
v 5.726876 0.924701 0.031536
v 5.726231 0.880550 0.029914
v 5.708225 0.886548 -0.011859
v 5.707815 0.921328 -0.013138
v 5.713398 0.926587 0.238739
v 5.720232 0.866044 0.238762
v 5.673897 0.883439 0.158448
v 5.649220 0.961705 0.160482
v 5.076692 0.925648 0.047877
v 5.076294 0.882011 0.051416
v 5.049736 0.883725 0.110648
v 5.038354 0.928946 0.107608
v 5.707815 0.921328 -0.013138
v 5.708225 0.886548 -0.011859
v 5.631402 0.896485 -0.041484
v 5.632897 0.936764 -0.043003
v 5.649220 0.961705 0.160482
v 5.673897 0.883439 0.158448
v 5.684072 0.888732 0.088581
v 5.661128 0.956823 0.091405
v 5.049736 0.883725 0.110648
v 5.045902 0.872134 0.171653
v 5.048171 0.925961 0.171213
v 5.038354 0.928946 0.107608
v 5.631402 0.896485 -0.041484
v 5.588759 0.902256 -0.092152
v 5.594787 0.938677 -0.095609
v 5.632897 0.936764 -0.043003
v 5.175747 0.940598 0.250884
v 5.166413 0.888268 0.237572
v 5.220680 0.888194 0.294987
v 5.232507 0.932871 0.291455
v 5.048171 0.925961 0.171213
v 5.045902 0.872134 0.171653
v 5.091814 0.881734 0.216770
v 5.087679 0.930151 0.227382
v 5.588759 0.902256 -0.092152
v 5.592774 0.864462 -0.186164
v 5.583562 0.926856 -0.179869
v 5.594787 0.938677 -0.095609
v 5.220680 0.888194 0.294987
v 5.226419 0.876149 0.388584
v 5.228984 0.925886 0.386447
v 5.232507 0.932871 0.291455
v 5.087679 0.930151 0.227382
v 5.091814 0.881734 0.216770
v 5.166413 0.888268 0.237572
v 5.175747 0.940598 0.250884
v 5.583562 0.926856 -0.179869
v 5.592774 0.864462 -0.186164
v 5.538675 0.880084 -0.223193
v 5.543458 0.928250 -0.231208
v 5.226419 0.876149 0.388584
v 5.263375 0.864427 0.447212
v 5.270772 0.924581 0.438532
v 5.228984 0.925886 0.386447
v 5.538675 0.880084 -0.223193
v 5.480423 0.878940 -0.222248
v 5.481971 0.922903 -0.218267
v 5.543458 0.928250 -0.231208
v 5.270772 0.924581 0.438532
v 5.263375 0.864427 0.447212
v 5.328157 0.865004 0.466507
v 5.330068 0.933984 0.470110
v 5.481971 0.922903 -0.218267
v 5.480423 0.878940 -0.222248
v 5.409793 0.889473 -0.174016
v 5.413244 0.938956 -0.178118
v 5.330068 0.933984 0.470110
v 5.328157 0.865004 0.466507
v 5.391459 0.868354 0.444476
v 5.400497 0.932104 0.445404
v 5.409793 0.889473 -0.174016
v 5.348109 0.898845 -0.161005
v 5.348637 0.930550 -0.160063
v 5.413244 0.938956 -0.178118
v 5.400497 0.932104 0.445404
v 5.391459 0.868354 0.444476
v 5.453029 0.891111 0.357488
v 5.454304 0.948146 0.364369
v 5.348109 0.898845 -0.161005
v 5.267099 0.872657 -0.207158
v 5.267614 0.920194 -0.192547
v 5.348637 0.930550 -0.160063
v 5.453029 0.891111 0.357488
v 5.517626 0.898358 0.329311
v 5.517474 0.938211 0.340131
v 5.454304 0.948146 0.364369
v 5.267099 0.872657 -0.207158
v 5.197835 0.864407 -0.202040
v 5.201829 0.928649 -0.198554
v 5.267614 0.920194 -0.192547
v 5.517626 0.898358 0.329311
v 5.599878 0.874558 0.378148
v 5.599807 0.924515 0.371427
v 5.517474 0.938211 0.340131
v 5.201829 0.928649 -0.198554
v 5.197835 0.864407 -0.202040
v 5.183007 0.878420 -0.154166
v 5.185781 0.920481 -0.138225
v 5.599878 0.874558 0.378148
v 5.656690 0.877519 0.356657
v 5.655165 0.917239 0.348282
v 5.599807 0.924515 0.371427
v 5.185781 0.920481 -0.138225
v 5.183007 0.878420 -0.154166
v 5.180717 0.888973 -0.059036
v 5.197470 0.977803 -0.054891
v 5.656690 0.877519 0.356657
v 5.711560 0.861310 0.313096
v 5.696004 0.920213 0.306831
v 5.655165 0.917239 0.348282
v 5.383002 1.163662 0.213204
v 5.389007 1.061748 0.302293
v 5.464869 1.064832 0.292427
v 5.427899 1.168133 0.203691
v 5.321804 1.037432 -0.078281
v 5.301391 1.034482 -0.049570
v 5.342845 1.167990 0.024799
v 5.370803 1.171394 0.008574
v 5.427899 1.168133 0.203691
v 5.464869 1.064832 0.292427
v 5.516936 1.066692 0.271637
v 5.472020 1.176289 0.175607
v 5.342845 1.167990 0.024799
v 5.268231 1.053562 -0.033464
v 5.232590 1.064842 -0.001454
v 5.307980 1.170546 0.083682
v 5.610049 1.074700 0.104737
v 5.601392 1.066490 0.065539
v 5.502026 1.169166 0.085311
v 5.501827 1.173265 0.117169
v 5.502026 1.169166 0.085311
v 5.601392 1.066490 0.065539
v 5.580859 1.049614 0.031615
v 5.486606 1.170094 0.051024
v 5.307980 1.170546 0.083682
v 5.204297 1.071041 0.065630
v 5.207265 1.055591 0.106086
v 5.308823 1.174982 0.119329
v 5.319345 1.168601 0.175290
v 5.274892 1.050375 0.244246
v 5.301169 1.044971 0.262857
v 5.358684 1.166504 0.201762
v 5.253000 1.047673 0.158693
v 5.266154 1.059692 0.200825
v 5.319345 1.168601 0.175290
v 5.308823 1.174982 0.119329
v 5.450670 1.162993 -0.001028
v 5.480461 1.060116 -0.078984
v 5.448898 1.059619 -0.087414
v 5.430813 1.167554 -0.000727
v 5.358684 1.166504 0.201762
v 5.329776 1.057640 0.288236
v 5.389007 1.061748 0.302293
v 5.383002 1.163662 0.213204
v 5.430813 1.167554 -0.000727
v 5.448898 1.059619 -0.087414
v 5.403039 1.042635 -0.076076
v 5.402070 1.173088 0.002052
v 5.403039 1.042635 -0.076076
v 5.413244 0.938956 -0.178118
v 5.348637 0.930550 -0.160063
v 5.356538 0.985652 -0.110836
v 5.346233 0.981125 0.379681
v 5.330068 0.933984 0.470110
v 5.400497 0.932104 0.445404
v 5.399271 0.974246 0.356433
v 5.460773 0.994490 -0.158718
v 5.481971 0.922903 -0.218267
v 5.413244 0.938956 -0.178118
v 5.403039 1.042635 -0.076076
v 5.270772 0.924581 0.438532
v 5.330068 0.933984 0.470110
v 5.346233 0.981125 0.379681
v 5.295702 0.995970 0.371694
v 5.329776 1.057640 0.288236
v 5.295702 0.995970 0.371694
v 5.346233 0.981125 0.379681
v 5.389007 1.061748 0.302293
v 5.515173 0.998988 -0.162770
v 5.543458 0.928250 -0.231208
v 5.481971 0.922903 -0.218267
v 5.460773 0.994490 -0.158718
v 5.480461 1.060116 -0.078984
v 5.515173 0.998988 -0.162770
v 5.460773 0.994490 -0.158718
v 5.448898 1.059619 -0.087414
v 5.228984 0.925886 0.386447
v 5.270772 0.924581 0.438532
v 5.295702 0.995970 0.371694
v 5.271750 0.971768 0.316178
v 5.271750 0.971768 0.316178
v 5.295702 0.995970 0.371694
v 5.329776 1.057640 0.288236
v 5.301169 1.044971 0.262857
v 5.583562 0.926856 -0.179869
v 5.543458 0.928250 -0.231208
v 5.515173 0.998988 -0.162770
v 5.565665 0.982253 -0.072065
v 5.565665 0.982253 -0.072065
v 5.515173 0.998988 -0.162770
v 5.480461 1.060116 -0.078984
v 5.549721 1.012403 -0.047737
v 5.196570 0.988097 0.180999
v 5.087679 0.930151 0.227382
v 5.175747 0.940598 0.250884
v 5.216278 1.000002 0.230163
v 5.253000 1.047673 0.158693
v 5.196570 0.988097 0.180999
v 5.216278 1.000002 0.230163
v 5.266154 1.059692 0.200825
v 5.232507 0.932871 0.291455
v 5.228984 0.925886 0.386447
v 5.271750 0.971768 0.316178
v 5.232396 0.979863 0.286513
v 5.232396 0.979863 0.286513
v 5.271750 0.971768 0.316178
v 5.301169 1.044971 0.262857
v 5.274892 1.050375 0.244246
v 5.125456 0.983155 0.154819
v 5.048171 0.925961 0.171213
v 5.087679 0.930151 0.227382
v 5.196570 0.988097 0.180999
v 5.213366 1.048026 0.133788
v 5.125456 0.983155 0.154819
v 5.196570 0.988097 0.180999
v 5.253000 1.047673 0.158693
v 5.175747 0.940598 0.250884
v 5.232507 0.932871 0.291455
v 5.232396 0.979863 0.286513
v 5.216278 1.000002 0.230163
v 5.216278 1.000002 0.230163
v 5.232396 0.979863 0.286513
v 5.274892 1.050375 0.244246
v 5.266154 1.059692 0.200825
v 5.632897 0.936764 -0.043003
v 5.594787 0.938677 -0.095609
v 5.565665 0.982253 -0.072065
v 5.613812 0.975877 -0.033121
v 5.557233 1.037263 0.002573
v 5.613812 0.975877 -0.033121
v 5.565665 0.982253 -0.072065
v 5.549721 1.012403 -0.047737
v 5.038354 0.928946 0.107608
v 5.048171 0.925961 0.171213
v 5.125456 0.983155 0.154819
v 5.130032 0.967361 0.109419
v 5.130032 0.967361 0.109419
v 5.125456 0.983155 0.154819
v 5.213366 1.048026 0.133788
v 5.207265 1.055591 0.106086
v 5.601810 1.066662 0.139960
v 5.649220 0.961705 0.160482
v 5.661128 0.956823 0.091405
v 5.610049 1.074700 0.104737
v 5.641644 0.975364 0.007523
v 5.707815 0.921328 -0.013138
v 5.632897 0.936764 -0.043003
v 5.613812 0.975877 -0.033121
v 5.580859 1.049614 0.031615
v 5.641644 0.975364 0.007523
v 5.613812 0.975877 -0.033121
v 5.557233 1.037263 0.002573
v 5.076692 0.925648 0.047877
v 5.038354 0.928946 0.107608
v 5.130032 0.967361 0.109419
v 5.152355 0.979740 0.057580
v 5.152355 0.979740 0.057580
v 5.130032 0.967361 0.109419
v 5.207265 1.055591 0.106086
v 5.204297 1.071041 0.065630
v 5.614822 0.996881 0.189050
v 5.649220 0.961705 0.160482
v 5.601810 1.066662 0.139960
v 5.502964 1.170131 0.137525
v 5.650631 0.969103 0.051287
v 5.726876 0.924701 0.031536
v 5.707815 0.921328 -0.013138
v 5.641644 0.975364 0.007523
v 5.650631 0.969103 0.051287
v 5.641644 0.975364 0.007523
v 5.580859 1.049614 0.031615
v 5.601392 1.066490 0.065539
v 5.165898 0.935034 0.007758
v 5.076692 0.925648 0.047877
v 5.152355 0.979740 0.057580
v 5.169290 0.984872 0.007396
v 5.169290 0.984872 0.007396
v 5.152355 0.979740 0.057580
v 5.204297 1.071041 0.065630
v 5.232590 1.064842 -0.001454
v 5.584223 1.021437 0.199992
v 5.696004 0.920213 0.306831
v 5.713398 0.926587 0.238739
v 5.614822 0.996881 0.189050
v 5.661128 0.956823 0.091405
v 5.650631 0.969103 0.051287
v 5.601392 1.066490 0.065539
v 5.610049 1.074700 0.104737
v 5.604842 0.982770 0.304461
v 5.655165 0.917239 0.348282
v 5.696004 0.920213 0.306831
v 5.584223 1.021437 0.199992
v 5.268231 1.053562 -0.033464
v 5.226025 0.981870 -0.083113
v 5.197470 0.977803 -0.054891
v 5.232590 1.064842 -0.001454
v 5.599807 0.924515 0.371427
v 5.655165 0.917239 0.348282
v 5.604842 0.982770 0.304461
v 5.552223 0.976672 0.311665
v 5.552223 0.976672 0.311665
v 5.604842 0.982770 0.304461
v 5.542739 1.059575 0.247680
v 5.516936 1.066692 0.271637
v 5.247171 0.986108 -0.130813
v 5.201829 0.928649 -0.198554
v 5.185781 0.920481 -0.138225
v 5.226025 0.981870 -0.083113
v 5.301391 1.034482 -0.049570
v 5.247171 0.986108 -0.130813
v 5.226025 0.981870 -0.083113
v 5.268231 1.053562 -0.033464
v 5.517474 0.938211 0.340131
v 5.599807 0.924515 0.371427
v 5.552223 0.976672 0.311665
v 5.500525 0.969391 0.321253
v 5.500525 0.969391 0.321253
v 5.552223 0.976672 0.311665
v 5.516936 1.066692 0.271637
v 5.464869 1.064832 0.292427
v 5.267614 0.920194 -0.192547
v 5.201829 0.928649 -0.198554
v 5.247171 0.986108 -0.130813
v 5.321804 1.037432 -0.078281
v 5.348637 0.930550 -0.160063
v 5.267614 0.920194 -0.192547
v 5.321804 1.037432 -0.078281
v 5.356538 0.985652 -0.110836
v 5.389007 1.061748 0.302293
v 5.399271 0.974246 0.356433
v 5.454304 0.948146 0.364369
v 5.464869 1.064832 0.292427
v 5.238324 1.207911 -0.067398
v 5.245000 1.219287 -0.054030
v 5.220967 1.204699 -0.021776
v 5.196712 1.194333 -0.031188
v 5.196712 1.194333 -0.031188
v 5.220967 1.204699 -0.021776
v 5.188093 1.200880 0.022055
v 5.160760 1.208013 0.019488
v 5.661300 1.193850 0.106235
v 5.612706 1.205632 0.058963
v 5.650942 1.204960 0.067999
v 5.718418 1.169550 0.108524
v 5.160760 1.208013 0.019488
v 5.188093 1.200880 0.022055
v 5.151902 1.189910 0.052940
v 5.099503 1.174570 0.048642
v 5.612706 1.205632 0.058963
v 5.598194 1.193706 0.013555
v 5.612637 1.192215 0.007961
v 5.650942 1.204960 0.067999
v 5.151902 1.189910 0.052940
v 5.149617 1.207355 0.104781
v 5.098635 1.179443 0.098067
v 5.099503 1.174570 0.048642
v 5.712012 1.170703 0.159849
v 5.651402 1.195118 0.154621
v 5.661300 1.193850 0.106235
v 5.718418 1.169550 0.108524
v 5.149617 1.207355 0.104781
v 5.173962 1.201557 0.137019
v 5.139921 1.193794 0.137975
v 5.098635 1.179443 0.098067
v 5.612637 1.192215 0.007961
v 5.579087 1.196549 -0.017350
v 5.545017 1.177866 -0.109051
v 5.586725 1.177218 -0.096832
v 5.565516 1.182506 -0.151982
v 5.545017 1.177866 -0.109051
v 5.503850 1.190178 -0.132166
v 5.527271 1.173016 -0.181180
v 5.503850 1.190178 -0.132166
v 5.442174 1.220500 -0.113155
v 5.454977 1.209448 -0.143720
v 5.527271 1.173016 -0.181180
v 5.442174 1.220500 -0.113155
v 5.408057 1.217119 -0.109292
v 5.358265 1.189922 -0.136891
v 5.454977 1.209448 -0.143720
v 5.358265 1.189922 -0.136891
v 5.353280 1.194880 -0.115234
v 5.319395 1.194578 -0.104355
v 5.293676 1.180612 -0.145855
v 5.319395 1.194578 -0.104355
v 5.282303 1.204016 -0.085600
v 5.255157 1.185961 -0.120265
v 5.293676 1.180612 -0.145855
v 5.282303 1.204016 -0.085600
v 5.245000 1.219287 -0.054030
v 5.238324 1.207911 -0.067398
v 5.255157 1.185961 -0.120265
v 5.427899 1.168133 0.203691
v 5.472020 1.176289 0.175607
v 5.511135 1.197358 0.262911
v 5.509051 1.199482 0.297721
v 5.319395 1.194578 -0.104355
v 5.370803 1.171394 0.008574
v 5.342845 1.167990 0.024799
v 5.282303 1.204016 -0.085600
v 5.402070 1.173088 0.002052
v 5.370803 1.171394 0.008574
v 5.319395 1.194578 -0.104355
v 5.353280 1.194880 -0.115234
v 5.430813 1.167554 -0.000727
v 5.402070 1.173088 0.002052
v 5.408057 1.217119 -0.109292
v 5.442174 1.220500 -0.113155
v 5.450670 1.162993 -0.001028
v 5.430813 1.167554 -0.000727
v 5.442174 1.220500 -0.113155
v 5.477988 1.187829 -0.071513
v 5.239774 1.180007 0.363835
v 5.299042 1.202115 0.263928
v 5.356493 1.178707 0.311085
v 5.280462 1.170504 0.392293
v 5.509960 1.181100 -0.054415
v 5.477988 1.187829 -0.071513
v 5.503850 1.190178 -0.132166
v 5.545017 1.177866 -0.109051
v 5.229407 1.183874 0.177174
v 5.308823 1.174982 0.119329
v 5.319345 1.168601 0.175290
v 5.246896 1.182736 0.209908
v 5.229407 1.183874 0.177174
v 5.246896 1.182736 0.209908
v 5.191279 1.181901 0.225782
v 5.173129 1.181479 0.192737
v 5.319345 1.168601 0.175290
v 5.358684 1.166504 0.201762
v 5.299042 1.202115 0.263928
v 5.250167 1.203240 0.252177
v 5.579087 1.196549 -0.017350
v 5.486606 1.170094 0.051024
v 5.450670 1.162993 -0.001028
v 5.509960 1.181100 -0.054415
v 5.307980 1.170546 0.083682
v 5.308823 1.174982 0.119329
v 5.149617 1.207355 0.104781
v 5.151902 1.189910 0.052940
v 5.502964 1.170131 0.137525
v 5.501827 1.173265 0.117169
v 5.651402 1.195118 0.154621
v 5.624756 1.198070 0.196676
v 5.502026 1.169166 0.085311
v 5.486606 1.170094 0.051024
v 5.598194 1.193706 0.013555
v 5.593077 1.186554 0.096054
v 5.472020 1.176289 0.175607
v 5.502964 1.170131 0.137525
v 5.624756 1.198070 0.196676
v 5.563435 1.203504 0.211043
v 5.539640 1.214172 0.240038
v 5.563435 1.203504 0.211043
v 5.603235 1.192499 0.243143
v 5.580408 1.179680 0.353637
v 5.342845 1.167990 0.024799
v 5.307980 1.170546 0.083682
v 5.220967 1.204699 -0.021776
v 5.270650 1.191157 -0.028947
v 5.339921 1.232989 0.365320
v 5.341501 1.171894 0.369561
v 5.389318 1.194657 0.332594
v 5.390326 1.226459 0.332359
v 5.389318 1.194657 0.332594
v 5.446388 1.211455 0.315445
v 5.444006 1.222682 0.317631
v 5.390326 1.226459 0.332359
v 5.360162 1.232516 -0.136948
v 5.358265 1.189922 -0.136891
v 5.293676 1.180612 -0.145855
v 5.292446 1.234605 -0.153649
v 5.293676 1.180612 -0.145855
v 5.255157 1.185961 -0.120265
v 5.257575 1.225753 -0.116665
v 5.292446 1.234605 -0.153649
v 5.446388 1.211455 0.315445
v 5.580408 1.179680 0.353637
v 5.578729 1.227249 0.351481
v 5.510338 1.224647 0.331364
v 5.580408 1.179680 0.353637
v 5.625541 1.166376 0.331013
v 5.625319 1.235369 0.330237
v 5.578729 1.227249 0.351481
v 5.625319 1.235369 0.330237
v 5.625541 1.166376 0.331013
v 5.603235 1.192499 0.243143
v 5.606262 1.258434 0.245002
v 5.196712 1.194333 -0.031188
v 5.160760 1.208013 0.019488
v 5.155635 1.225357 0.010167
v 5.201626 1.222435 -0.027681
v 5.700669 1.224047 0.114152
v 5.718418 1.169550 0.108524
v 5.650942 1.204960 0.067999
v 5.651512 1.223701 0.064551
v 5.603235 1.192499 0.243143
v 5.634580 1.199310 0.171596
v 5.647600 1.263434 0.187924
v 5.606262 1.258434 0.245002
v 5.160760 1.208013 0.019488
v 5.099503 1.174570 0.048642
v 5.099416 1.231749 0.048125
v 5.155635 1.225357 0.010167
v 5.651512 1.223701 0.064551
v 5.650942 1.204960 0.067999
v 5.612637 1.192215 0.007961
v 5.589097 1.261981 0.025253
v 5.634580 1.199310 0.171596
v 5.712012 1.170703 0.159849
v 5.705246 1.230122 0.156364
v 5.647600 1.263434 0.187924
v 5.099416 1.231749 0.048125
v 5.099503 1.174570 0.048642
v 5.098635 1.179443 0.098067
v 5.089715 1.234296 0.101576
v 5.712012 1.170703 0.159849
v 5.718418 1.169550 0.108524
v 5.700669 1.224047 0.114152
v 5.705246 1.230122 0.156364
v 5.089715 1.234296 0.101576
v 5.098635 1.179443 0.098067
v 5.139921 1.193794 0.137975
v 5.134904 1.230269 0.144830
v 5.612637 1.192215 0.007961
v 5.586725 1.177218 -0.096832
v 5.570963 1.225613 -0.093308
v 5.593078 1.228421 -0.039600
v 5.139921 1.193794 0.137975
v 5.173129 1.181479 0.192737
v 5.172693 1.227134 0.185301
v 5.134904 1.230269 0.144830
v 5.570963 1.225613 -0.093308
v 5.586725 1.177218 -0.096832
v 5.565516 1.182506 -0.151982
v 5.569236 1.229808 -0.153830
v 5.220057 1.227122 0.291347
v 5.191279 1.181901 0.225782
v 5.239774 1.180007 0.363835
v 5.238357 1.229839 0.362683
v 5.173129 1.181479 0.192737
v 5.191279 1.181901 0.225782
v 5.208345 1.221807 0.226257
v 5.172693 1.227134 0.185301
v 5.565516 1.182506 -0.151982
v 5.527271 1.173016 -0.181180
v 5.526442 1.230145 -0.177243
v 5.569236 1.229808 -0.153830
v 5.238357 1.229839 0.362683
v 5.239774 1.180007 0.363835
v 5.280462 1.170504 0.392293
v 5.280379 1.236478 0.398156
v 5.280462 1.170504 0.392293
v 5.341501 1.171894 0.369561
v 5.339921 1.232989 0.365320
v 5.280379 1.236478 0.398156
v 5.537969 1.385150 0.010362
v 5.520022 1.395277 -0.014439
v 5.449938 1.466285 0.033078
v 5.485654 1.471145 0.064040
v 5.273372 1.387454 0.192149
v 5.286799 1.396697 0.225076
v 5.341195 1.470438 0.161748
v 5.316518 1.490240 0.139602
v 5.341195 1.470438 0.161748
v 5.309472 1.395208 0.246629
v 5.345260 1.396719 0.245238
v 5.388382 1.467297 0.184784
v 5.378287 1.400589 0.256057
v 5.407143 1.396205 0.269929
v 5.407701 1.483720 0.203253
v 5.388382 1.467297 0.184784
v 5.407701 1.483720 0.203253
v 5.407143 1.396205 0.269929
v 5.435149 1.396366 0.260999
v 5.447798 1.483451 0.190288
v 5.384634 1.475549 0.021002
v 5.344549 1.393786 -0.049940
v 5.326529 1.400170 -0.016542
v 5.369518 1.476406 0.042675
v 5.326529 1.400170 -0.016542
v 5.301044 1.391869 0.013177
v 5.345451 1.479191 0.056884
v 5.369518 1.476406 0.042675
v 5.495257 1.377897 0.232836
v 5.519348 1.387783 0.224283
v 5.465219 1.470197 0.168199
v 5.447798 1.483451 0.190288
v 5.301044 1.391869 0.013177
v 5.277846 1.400030 0.025480
v 5.318908 1.484907 0.054024
v 5.345451 1.479191 0.056884
v 5.465219 1.470197 0.168199
v 5.519348 1.387783 0.224283
v 5.531941 1.374700 0.194993
v 5.475400 1.462549 0.141023
v 5.497657 1.476773 0.102105
v 5.569098 1.399174 0.106044
v 5.547835 1.404252 0.066336
v 5.499339 1.480464 0.085845
v 5.542458 1.395060 0.163663
v 5.569098 1.399174 0.106044
v 5.497657 1.476773 0.102105
v 5.475400 1.462549 0.141023
v 5.099416 1.231749 0.048125
v 5.089715 1.234296 0.101576
v 5.164075 1.307239 0.099941
v 5.160802 1.318184 0.058062
v 5.236806 1.395680 0.073018
v 5.160802 1.318184 0.058062
v 5.164075 1.307239 0.099941
v 5.241604 1.378785 0.114356
v 5.647600 1.263434 0.187924
v 5.705246 1.230122 0.156364
v 5.632257 1.327201 0.112755
v 5.595537 1.314064 0.183436
v 5.595537 1.314064 0.183436
v 5.632257 1.327201 0.112755
v 5.569098 1.399174 0.106044
v 5.542458 1.395060 0.163663
v 5.155635 1.225357 0.010167
v 5.099416 1.231749 0.048125
v 5.160802 1.318184 0.058062
v 5.211648 1.291408 0.028829
v 5.211648 1.291408 0.028829
v 5.160802 1.318184 0.058062
v 5.236806 1.395680 0.073018
v 5.277846 1.400030 0.025480
v 5.606262 1.258434 0.245002
v 5.647600 1.263434 0.187924
v 5.595537 1.314064 0.183436
v 5.531941 1.374700 0.194993
v 5.632257 1.327201 0.112755
v 5.700669 1.224047 0.114152
v 5.651512 1.223701 0.064551
v 5.591042 1.289608 0.070445
v 5.569098 1.399174 0.106044
v 5.632257 1.327201 0.112755
v 5.591042 1.289608 0.070445
v 5.547835 1.404252 0.066336
v 5.201626 1.222435 -0.027681
v 5.155635 1.225357 0.010167
v 5.211648 1.291408 0.028829
v 5.258322 1.284177 -0.030721
v 5.559499 1.288279 0.270380
v 5.625319 1.235369 0.330237
v 5.606262 1.258434 0.245002
v 5.531941 1.374700 0.194993
v 5.578729 1.227249 0.351481
v 5.625319 1.235369 0.330237
v 5.559499 1.288279 0.270380
v 5.541944 1.304687 0.299541
v 5.541944 1.304687 0.299541
v 5.559499 1.288279 0.270380
v 5.519348 1.387783 0.224283
v 5.495257 1.377897 0.232836
v 5.287155 1.293206 -0.070588
v 5.257575 1.225753 -0.116665
v 5.238324 1.207911 -0.067398
v 5.258322 1.284177 -0.030721
v 5.326529 1.400170 -0.016542
v 5.287155 1.293206 -0.070588
v 5.258322 1.284177 -0.030721
v 5.301044 1.391869 0.013177
v 5.510338 1.224647 0.331364
v 5.578729 1.227249 0.351481
v 5.541944 1.304687 0.299541
v 5.481565 1.295489 0.282287
v 5.481565 1.295489 0.282287
v 5.541944 1.304687 0.299541
v 5.495257 1.377897 0.232836
v 5.435149 1.396366 0.260999
v 5.323819 1.286282 -0.080993
v 5.292446 1.234605 -0.153649
v 5.257575 1.225753 -0.116665
v 5.287155 1.293206 -0.070588
v 5.344549 1.393786 -0.049940
v 5.323819 1.286282 -0.080993
v 5.287155 1.293206 -0.070588
v 5.326529 1.400170 -0.016542
v 5.444006 1.222682 0.317631
v 5.510338 1.224647 0.331364
v 5.481565 1.295489 0.282287
v 5.439371 1.302930 0.301454
v 5.360162 1.232516 -0.136948
v 5.292446 1.234605 -0.153649
v 5.323819 1.286282 -0.080993
v 5.358934 1.290686 -0.090613
v 5.358934 1.290686 -0.090613
v 5.323819 1.286282 -0.080993
v 5.344549 1.393786 -0.049940
v 5.390887 1.399337 -0.061066
v 5.397680 1.291977 0.292006
v 5.390326 1.226459 0.332359
v 5.444006 1.222682 0.317631
v 5.439371 1.302930 0.301454
v 5.407143 1.396205 0.269929
v 5.397680 1.291977 0.292006
v 5.439371 1.302930 0.301454
v 5.435149 1.396366 0.260999
v 5.349514 1.278763 0.280410
v 5.339921 1.232989 0.365320
v 5.390326 1.226459 0.332359
v 5.397680 1.291977 0.292006
v 5.378287 1.400589 0.256057
v 5.349514 1.278763 0.280410
v 5.397680 1.291977 0.292006
v 5.407143 1.396205 0.269929
v 5.444211 1.282447 -0.085116
v 5.454977 1.209448 -0.143720
v 5.360162 1.232516 -0.136948
v 5.399933 1.288340 -0.091764
v 5.455721 1.379653 -0.046773
v 5.444211 1.282447 -0.085116
v 5.399933 1.288340 -0.091764
v 5.390887 1.399337 -0.061066
v 5.295815 1.333522 0.295604
v 5.280379 1.236478 0.398156
v 5.339921 1.232989 0.365320
v 5.349514 1.278763 0.280410
v 5.345260 1.396719 0.245238
v 5.295815 1.333522 0.295604
v 5.349514 1.278763 0.280410
v 5.378287 1.400589 0.256057
v 5.499560 1.298382 -0.109175
v 5.526442 1.230145 -0.177243
v 5.454977 1.209448 -0.143720
v 5.444211 1.282447 -0.085116
v 5.569236 1.229808 -0.153830
v 5.526442 1.230145 -0.177243
v 5.499560 1.298382 -0.109175
v 5.534926 1.310089 -0.099341
v 5.492152 1.386005 -0.032691
v 5.534926 1.310089 -0.099341
v 5.499560 1.298382 -0.109175
v 5.455721 1.379653 -0.046773
v 5.214119 1.295310 0.174686
v 5.172693 1.227134 0.185301
v 5.208345 1.221807 0.226257
v 5.244125 1.285490 0.205264
v 5.262698 1.382777 0.163313
v 5.214119 1.295310 0.174686
v 5.244125 1.285490 0.205264
v 5.273372 1.387454 0.192149
v 5.220057 1.227122 0.291347
v 5.238357 1.229839 0.362683
v 5.295815 1.333522 0.295604
v 5.267701 1.286208 0.242283
v 5.267701 1.286208 0.242283
v 5.295815 1.333522 0.295604
v 5.309472 1.395208 0.246629
v 5.286799 1.396697 0.225076
v 5.570963 1.225613 -0.093308
v 5.569236 1.229808 -0.153830
v 5.534926 1.310089 -0.099341
v 5.538981 1.298694 -0.049044
v 5.538981 1.298694 -0.049044
v 5.534926 1.310089 -0.099341
v 5.492152 1.386005 -0.032691
v 5.520022 1.395277 -0.014439
v 5.203492 1.289762 0.130518
v 5.134904 1.230269 0.144830
v 5.172693 1.227134 0.185301
v 5.214119 1.295310 0.174686
v 5.241604 1.378785 0.114356
v 5.203492 1.289762 0.130518
v 5.214119 1.295310 0.174686
v 5.262698 1.382777 0.163313
v 5.208345 1.221807 0.226257
v 5.220057 1.227122 0.291347
v 5.267701 1.286208 0.242283
v 5.244125 1.285490 0.205264
v 5.273372 1.387454 0.192149
v 5.244125 1.285490 0.205264
v 5.267701 1.286208 0.242283
v 5.286799 1.396697 0.225076
v 5.593078 1.228421 -0.039600
v 5.570963 1.225613 -0.093308
v 5.538981 1.298694 -0.049044
v 5.537969 1.385150 0.010362
v 5.164075 1.307239 0.099941
v 5.089715 1.234296 0.101576
v 5.134904 1.230269 0.144830
v 5.203492 1.289762 0.130518
v 5.369518 1.476406 0.042675
v 5.345451 1.479191 0.056884
v 5.336884 1.549577 0.061779
v 5.378449 1.562796 0.039714
v 5.449988 1.546334 0.162837
v 5.465219 1.470197 0.168199
v 5.475400 1.462549 0.141023
v 5.466568 1.551805 0.129551
v 5.318908 1.484907 0.054024
v 5.307229 1.495022 0.086884
v 5.331233 1.544237 0.077295
v 5.336884 1.549577 0.061779
v 5.481454 1.544576 0.097535
v 5.499339 1.480464 0.085845
v 5.485654 1.471145 0.064040
v 5.458990 1.552196 0.068195
v 5.239728 1.570123 0.200001
v 5.285510 1.585113 0.220648
v 5.255222 1.572820 0.243584
v 5.211550 1.549224 0.226969
v 5.214944 1.560185 0.142416
v 5.239728 1.570123 0.200001
v 5.195113 1.551366 0.191408
v 5.178239 1.546213 0.149717
v 5.285510 1.585113 0.220648
v 5.317319 1.587547 0.241402
v 5.304584 1.577693 0.257240
v 5.255222 1.572820 0.243584
v 5.341121 1.574166 0.279214
v 5.317319 1.587547 0.241402
v 5.377152 1.574748 0.272432
v 5.368133 1.562289 0.315878
v 5.368133 1.562289 0.315878
v 5.377152 1.574748 0.272432
v 5.406918 1.545618 0.297623
v 5.408825 1.548685 0.333769
v 5.415336 1.574346 -0.086636
v 5.384069 1.606272 -0.057945
v 5.386825 1.582739 -0.091849
v 5.412135 1.555533 -0.118627
v 5.384069 1.606272 -0.057945
v 5.323633 1.593277 -0.037651
v 5.347080 1.587794 -0.060758
v 5.386825 1.582739 -0.091849
v 5.347080 1.587794 -0.060758
v 5.323633 1.593277 -0.037651
v 5.285774 1.595286 -0.008522
v 5.256666 1.585153 -0.020690
v 5.256666 1.585153 -0.020690
v 5.285774 1.595286 -0.008522
v 5.242342 1.569766 0.010031
v 5.214643 1.555625 -0.013058
v 5.594083 1.552490 0.070640
v 5.565694 1.575829 0.038869
v 5.604353 1.566394 0.028461
v 5.636185 1.539045 0.059775
v 5.542159 1.569609 0.136211
v 5.466568 1.551805 0.129551
v 5.481454 1.544576 0.097535
v 5.553283 1.554655 0.103366
v 5.331233 1.544237 0.077295
v 5.335726 1.549340 0.114976
v 5.290458 1.554672 0.141348
v 5.276944 1.550093 0.076112
v 5.276944 1.550093 0.076112
v 5.290458 1.554672 0.141348
v 5.180856 1.553041 0.108450
v 5.182414 1.551192 0.060028
v 5.550208 1.602404 0.191744
v 5.505613 1.566492 0.197306
v 5.542159 1.569609 0.136211
v 5.563913 1.598026 0.162278
v 5.336884 1.549577 0.061779
v 5.331233 1.544237 0.077295
v 5.276944 1.550093 0.076112
v 5.242342 1.569766 0.010031
v 5.497566 1.586323 0.247290
v 5.469524 1.570552 0.241691
v 5.505613 1.566492 0.197306
v 5.525147 1.588776 0.222782
v 5.339488 1.583709 -0.023600
v 5.378449 1.562796 0.039714
v 5.336884 1.549577 0.061779
v 5.304831 1.564531 0.009262
v 5.339488 1.583709 -0.023600
v 5.304831 1.564531 0.009262
v 5.285774 1.595286 -0.008522
v 5.323633 1.593277 -0.037651
v 5.432428 1.569490 0.245931
v 5.469524 1.570552 0.241691
v 5.496266 1.539325 0.323937
v 5.442018 1.552703 0.294141
v 5.381664 1.576350 -0.028797
v 5.394139 1.552343 0.038959
v 5.378449 1.562796 0.039714
v 5.339488 1.583709 -0.023600
v 5.381664 1.576350 -0.028797
v 5.339488 1.583709 -0.023600
v 5.323633 1.593277 -0.037651
v 5.384069 1.606272 -0.057945
v 5.398958 1.560299 0.253846
v 5.432428 1.569490 0.245931
v 5.442018 1.552703 0.294141
v 5.406918 1.545618 0.297623
v 5.419432 1.548558 0.034564
v 5.394139 1.552343 0.038959
v 5.415336 1.574346 -0.086636
v 5.438060 1.555054 -0.018046
v 5.317319 1.587547 0.241402
v 5.370034 1.553495 0.167940
v 5.399282 1.547607 0.182918
v 5.398958 1.560299 0.253846
v 5.488242 1.565738 -0.040514
v 5.458990 1.552196 0.068195
v 5.419432 1.548558 0.034564
v 5.438060 1.555054 -0.018046
v 5.214643 1.555625 -0.013058
v 5.192026 1.547130 0.016797
v 5.198277 1.591453 0.019386
v 5.224389 1.587431 -0.007247
v 5.198277 1.591453 0.019386
v 5.192026 1.547130 0.016797
v 5.182414 1.551192 0.060028
v 5.194399 1.586917 0.062981
v 5.621516 1.591488 0.065663
v 5.636185 1.539045 0.059775
v 5.604353 1.566394 0.028461
v 5.593467 1.610910 0.035068
v 5.593451 1.585229 0.163272
v 5.633156 1.545543 0.146092
v 5.627072 1.594116 0.146046
v 5.586472 1.605959 0.168139
v 5.194399 1.586917 0.062981
v 5.182414 1.551192 0.060028
v 5.180856 1.553041 0.108450
v 5.197350 1.583351 0.104742
v 5.593467 1.610910 0.035068
v 5.604353 1.566394 0.028461
v 5.565159 1.579436 0.005180
v 5.551220 1.605879 0.017908
v 5.633156 1.545543 0.146092
v 5.636185 1.539045 0.059775
v 5.626127 1.590816 0.104742
v 5.627072 1.594116 0.146046
v 5.180856 1.553041 0.108450
v 5.178239 1.546213 0.149717
v 5.187101 1.590672 0.147954
v 5.197350 1.583351 0.104742
v 5.551220 1.605879 0.017908
v 5.565159 1.579436 0.005180
v 5.537860 1.581733 -0.020987
v 5.522723 1.605547 -0.015402
v 5.187101 1.590672 0.147954
v 5.178239 1.546213 0.149717
v 5.195113 1.551366 0.191408
v 5.219980 1.586329 0.222307
v 5.537860 1.581733 -0.020987
v 5.521053 1.566420 -0.073354
v 5.512822 1.611443 -0.064483
v 5.522723 1.605547 -0.015402
v 5.521053 1.566420 -0.073354
v 5.489457 1.549435 -0.110392
v 5.485027 1.591407 -0.100614
v 5.512822 1.611443 -0.064483
v 5.304584 1.577693 0.257240
v 5.341121 1.574166 0.279214
v 5.353974 1.694097 0.242416
v 5.308697 1.685905 0.211004
v 5.341121 1.574166 0.279214
v 5.368133 1.562289 0.315878
v 5.373406 1.614295 0.306513
v 5.353974 1.694097 0.242416
v 5.368133 1.562289 0.315878
v 5.408825 1.548685 0.333769
v 5.409127 1.591880 0.326256
v 5.373406 1.614295 0.306513
v 5.393622 1.607672 -0.095268
v 5.386825 1.582739 -0.091849
v 5.347080 1.587794 -0.060758
v 5.348195 1.610402 -0.058852
v 5.448223 1.592397 0.325335
v 5.408825 1.548685 0.333769
v 5.496266 1.539325 0.323937
v 5.494386 1.598991 0.324467
v 5.494386 1.598991 0.324467
v 5.496266 1.539325 0.323937
v 5.526675 1.573273 0.269230
v 5.515322 1.613075 0.275848
v 5.374203 1.919098 0.134668
v 5.329657 1.751776 0.178208
v 5.369052 1.770174 0.197606
v 5.402586 1.918162 0.142773
v 5.370754 1.923819 0.134566
v 5.317083 1.762500 0.164538
v 5.329657 1.751776 0.178208
v 5.374203 1.919098 0.134668
v 5.349649 1.922088 0.100173
v 5.293817 1.766611 0.103084
v 5.314817 1.793285 0.131710
v 5.359334 1.919293 0.109986
v 5.448297 1.923939 0.090645
v 5.499000 1.805108 0.074972
v 5.500585 1.729767 0.023413
v 5.431051 1.916761 0.081163
v 5.324035 1.792101 0.052161
v 5.297745 1.765964 0.083538
v 5.349649 1.922088 0.100173
v 5.368947 1.920436 0.081978
v 5.416059 1.932258 0.143607
v 5.437996 1.756193 0.197690
v 5.478323 1.766390 0.162890
v 5.447723 1.920451 0.126524
v 5.353090 1.687160 -0.007572
v 5.333025 1.676888 0.003257
v 5.368947 1.920436 0.081978
v 5.402383 1.925862 0.066810
v 5.433105 1.783190 0.009221
v 5.446052 1.687059 -0.054299
v 5.405592 1.702171 -0.046748
v 5.402571 1.917008 0.066237
v 5.380936 1.695551 0.251207
v 5.405985 1.682475 0.271639
v 5.422389 1.753969 0.201717
v 5.369052 1.770174 0.197606
v 5.437237 1.684458 0.270106
v 5.464536 1.676304 0.255148
v 5.437996 1.756193 0.197690
v 5.422389 1.753969 0.201717
v 5.437996 1.756193 0.197690
v 5.476484 1.675866 0.217897
v 5.511869 1.675185 0.191562
v 5.478323 1.766390 0.162890
v 5.511869 1.675185 0.191562
v 5.543223 1.691613 0.159018
v 5.502946 1.764679 0.146929
v 5.478323 1.766390 0.162890
v 5.324035 1.792101 0.052161
v 5.253917 1.666886 0.043348
v 5.240264 1.682870 0.072104
v 5.297745 1.765964 0.083538
v 5.543223 1.691613 0.159018
v 5.564621 1.677370 0.135473
v 5.499518 1.776255 0.124649
v 5.502946 1.764679 0.146929
v 5.240264 1.682870 0.072104
v 5.227394 1.694540 0.104700
v 5.293817 1.766611 0.103084
v 5.297745 1.765964 0.083538
v 5.293817 1.766611 0.103084
v 5.227394 1.694540 0.104700
v 5.236962 1.686525 0.137819
v 5.314817 1.793285 0.131710
v 5.317083 1.762500 0.164538
v 5.262760 1.675323 0.195995
v 5.308697 1.685905 0.211004
v 5.329657 1.751776 0.178208
v 5.487498 1.693298 -0.018894
v 5.446052 1.687059 -0.054299
v 5.433105 1.783190 0.009221
v 5.474525 1.776284 0.022933
v 5.308697 1.685905 0.211004
v 5.353974 1.694097 0.242416
v 5.369052 1.770174 0.197606
v 5.329657 1.751776 0.178208
v 5.512822 1.611443 -0.064483
v 5.485027 1.591407 -0.100614
v 5.446052 1.687059 -0.054299
v 5.487498 1.693298 -0.018894
v 5.522723 1.605547 -0.015402
v 5.512822 1.611443 -0.064483
v 5.487498 1.693298 -0.018894
v 5.500585 1.729767 0.023413
v 5.236962 1.686525 0.137819
v 5.187101 1.590672 0.147954
v 5.219980 1.586329 0.222307
v 5.262760 1.675323 0.195995
v 5.262760 1.675323 0.195995
v 5.219980 1.586329 0.222307
v 5.304584 1.577693 0.257240
v 5.308697 1.685905 0.211004
v 5.197350 1.583351 0.104742
v 5.187101 1.590672 0.147954
v 5.236962 1.686525 0.137819
v 5.227394 1.694540 0.104700
v 5.564621 1.677370 0.135473
v 5.627072 1.594116 0.146046
v 5.626127 1.590816 0.104742
v 5.562948 1.661312 0.093136
v 5.531371 1.677036 0.058314
v 5.593467 1.610910 0.035068
v 5.551220 1.605879 0.017908
v 5.500585 1.729767 0.023413
v 5.240264 1.682870 0.072104
v 5.194399 1.586917 0.062981
v 5.197350 1.583351 0.104742
v 5.227394 1.694540 0.104700
v 5.586472 1.605959 0.168139
v 5.627072 1.594116 0.146046
v 5.564621 1.677370 0.135473
v 5.543223 1.691613 0.159018
v 5.562948 1.661312 0.093136
v 5.621516 1.591488 0.065663
v 5.593467 1.610910 0.035068
v 5.531371 1.677036 0.058314
v 5.253917 1.666886 0.043348
v 5.198277 1.591453 0.019386
v 5.194399 1.586917 0.062981
v 5.240264 1.682870 0.072104
v 5.550208 1.602404 0.191744
v 5.586472 1.605959 0.168139
v 5.543223 1.691613 0.159018
v 5.511869 1.675185 0.191562
v 5.303631 1.612525 -0.039516
v 5.224389 1.587431 -0.007247
v 5.253917 1.666886 0.043348
v 5.333025 1.676888 0.003257
v 5.476484 1.675866 0.217897
v 5.515322 1.613075 0.275848
v 5.527758 1.607992 0.228391
v 5.511869 1.675185 0.191562
v 5.464536 1.676304 0.255148
v 5.494386 1.598991 0.324467
v 5.515322 1.613075 0.275848
v 5.476484 1.675866 0.217897
v 5.353090 1.687160 -0.007572
v 5.348195 1.610402 -0.058852
v 5.303631 1.612525 -0.039516
v 5.333025 1.676888 0.003257
v 5.448223 1.592397 0.325335
v 5.494386 1.598991 0.324467
v 5.464536 1.676304 0.255148
v 5.437237 1.684458 0.270106
v 5.405592 1.702171 -0.046748
v 5.393622 1.607672 -0.095268
v 5.348195 1.610402 -0.058852
v 5.353090 1.687160 -0.007572
v 5.409127 1.591880 0.326256
v 5.448223 1.592397 0.325335
v 5.437237 1.684458 0.270106
v 5.405985 1.682475 0.271639
v 5.373406 1.614295 0.306513
v 5.409127 1.591880 0.326256
v 5.405985 1.682475 0.271639
v 5.380936 1.695551 0.251207
v 5.446052 1.687059 -0.054299
v 5.442168 1.561237 -0.109045
v 5.393622 1.607672 -0.095268
v 5.405592 1.702171 -0.046748
v 5.334110 0.130103 0.129478
v 5.358287 0.213307 0.118662
v 5.358972 0.215663 0.080146
v 5.334110 0.130103 0.091268
v 5.396375 0.130103 0.153533
v 5.419360 0.209204 0.143250
v 5.381617 0.210812 0.143041
v 5.358165 0.130103 0.153533
v 5.420430 0.130103 0.091268
v 5.444236 0.212031 0.080618
v 5.443552 0.209675 0.119134
v 5.420430 0.130103 0.129478
v 5.334110 0.130103 0.091268
v 5.358972 0.215663 0.080146
v 5.383163 0.216134 0.056030
v 5.358165 0.130103 0.067213
v 5.420430 0.059045 0.091268
v 5.446589 -0.030982 0.079565
v 5.422534 -0.030982 0.055510
v 5.396375 0.059045 0.067213
v 5.396375 0.059045 0.153533
v 5.422534 -0.030982 0.141830
v 5.446589 -0.030982 0.117775
v 5.420430 0.059045 0.129478
v 5.334110 0.059045 0.129478
v 5.360270 -0.030982 0.117775
v 5.384325 -0.030982 0.141830
v 5.358165 0.059045 0.153533
v 5.358165 0.130103 0.067213
v 5.383163 0.216134 0.056030
v 5.420906 0.214526 0.056239
v 5.396375 0.130103 0.067213
v 5.384325 -0.030982 0.055510
v 5.358165 0.059045 0.067213
v 5.396375 0.059045 0.067213
v 5.422534 -0.030982 0.055510
v 5.358165 0.059045 0.067213
v 5.358165 0.130103 0.067213
v 5.396375 0.130103 0.067213
v 5.396375 0.059045 0.067213
v 5.334110 0.130103 0.129478
v 5.334110 0.059045 0.129478
v 5.358165 0.059045 0.153533
v 5.358165 0.130103 0.153533
v 5.396375 0.130103 0.153533
v 5.396375 0.059045 0.153533
v 5.420430 0.059045 0.129478
v 5.420430 0.130103 0.129478
v 5.420430 0.130103 0.091268
v 5.420430 0.059045 0.091268
v 5.396375 0.059045 0.067213
v 5.396375 0.130103 0.067213
v 5.360270 -0.030982 0.079565
v 5.334110 0.059045 0.091268
v 5.358165 0.059045 0.067213
v 5.384325 -0.030982 0.055510
v 5.334110 0.059045 0.091268
v 5.334110 0.130103 0.091268
v 5.358165 0.130103 0.067213
v 5.358165 0.059045 0.067213
v 5.446589 -0.030982 0.079565
v 5.420430 0.059045 0.091268
v 5.420430 0.059045 0.129478
v 5.446589 -0.030982 0.117775
v 5.420430 0.059045 0.091268
v 5.420430 0.130103 0.091268
v 5.420430 0.130103 0.129478
v 5.420430 0.059045 0.129478
v 5.422534 -0.030982 0.141830
v 5.396375 0.059045 0.153533
v 5.358165 0.059045 0.153533
v 5.384325 -0.030982 0.141830
v 5.396375 0.059045 0.153533
v 5.396375 0.130103 0.153533
v 5.358165 0.130103 0.153533
v 5.358165 0.059045 0.153533
v 5.360270 -0.030982 0.117775
v 5.334110 0.059045 0.129478
v 5.334110 0.059045 0.091268
v 5.360270 -0.030982 0.079565
v 5.334110 0.059045 0.129478
v 5.334110 0.130103 0.129478
v 5.334110 0.130103 0.091268
v 5.334110 0.059045 0.091268
v 5.420906 0.214526 0.056239
v 5.444236 0.212031 0.080618
v 5.420430 0.130103 0.091268
v 5.396375 0.130103 0.067213
v 5.381617 0.210812 0.143041
v 5.358287 0.213307 0.118662
v 5.334110 0.130103 0.129478
v 5.358165 0.130103 0.153533
v 5.443552 0.209675 0.119134
v 5.419360 0.209204 0.143250
v 5.396375 0.130103 0.153533
v 5.420430 0.130103 0.129478
v 5.198115 0.224134 0.057137
v 5.212369 0.205159 0.017348
v 5.231733 0.188662 -0.018880
v 5.257793 0.200514 -0.050633
v 5.306536 0.225960 -0.050385
v 5.337409 0.238998 -0.066887
v 5.407265 0.229355 -0.081516
v 5.440587 0.223709 -0.077049
v 5.486152 0.203055 -0.096057
v 5.523046 0.201057 -0.050725
v 5.420906 0.214526 0.056239
v 5.383163 0.216134 0.056030
v 5.358972 0.215663 0.080146
v 5.358287 0.213307 0.118662
v 5.381617 0.210812 0.143041
v 5.309005 0.207439 0.247061
v 5.257793 0.217597 0.245707
v 5.242622 0.224757 0.169842
v 5.230602 0.214857 0.132936
v 5.196419 0.231754 0.097537
v 5.309005 0.207439 0.247061
v 5.381617 0.210812 0.143041
v 5.419360 0.209204 0.143250
v 5.443552 0.209675 0.119134
v 5.444236 0.212031 0.080618
v 5.420906 0.214526 0.056239
v 5.523046 0.201057 -0.050725
v 5.556181 0.208582 0.000225
v 5.622758 0.197585 0.077267
v 5.611481 0.212366 0.138417
v 5.559959 0.200725 0.184234
v 5.553593 0.198035 0.246212
v 5.517339 0.214199 0.275107
v 5.432871 0.202628 0.278873
vn -0.7770 0.5633 0.2810
vn -0.5059 0.8164 0.2784
vn -0.2969 0.4194 -0.8579
vn 0.0815 0.7176 -0.6917
vn -0.0511 0.3870 0.9207
vn 0.5217 0.8033 0.2874
vn 0.4884 0.5505 0.6771
vn 0.1208 -0.9745 0.1889
vn -0.0478 -0.9862 0.1582
vn 0.1029 -0.9942 -0.0326
vn 0.4396 -0.8632 0.2483
vn -0.1654 -0.9861 -0.0121
vn 0.3981 -0.9035 0.1586
vn -0.2550 -0.9543 0.1556
vn 0.1785 -0.9486 0.2613
vn -0.0349 -0.9762 -0.2141
vn 0.1685 -0.9840 0.0584
vn 0.0670 -0.9960 -0.0597
vn 0.2688 -0.9630 -0.0204
vn 0.2063 -0.9514 0.2286
vn -0.1051 -0.9630 -0.2480
vn 0.0864 -0.9911 -0.1017
vn 0.0636 -0.9964 0.0568
vn 0.2070 -0.9776 0.0380
vn 0.2619 -0.9424 0.2081
vn 0.8243 0.5271 0.2063
vn -0.8503 0.5260 0.0186
vn -0.6914 0.5719 -0.4414
vn 0.6672 0.7083 -0.2304
vn 0.6581 0.6552 0.3710
vn -0.6919 0.7204 -0.0484
vn 0.4590 0.6125 -0.6435
vn -0.6880 0.6983 0.1975
vn -0.1578 0.6738 0.7218
vn -0.3584 0.6188 -0.6991
vn -0.1513 0.5923 0.7914
vn 0.0697 0.6669 -0.7419
vn -0.2366 0.7179 -0.6546
vn 0.0992 -0.9770 0.1886
vn -0.9574 -0.1634 0.2380
vn 0.3117 -0.3918 -0.8656
vn 0.2705 -0.9535 0.1331
vn -0.0082 -0.9641 0.2655
vn -0.2177 -0.9341 -0.2829
vn 0.3924 -0.6975 -0.5996
vn 0.8149 -0.0898 0.5726
vn 0.0039 -0.9722 -0.2341
vn -0.1273 -0.9803 -0.1509
vn 0.0640 -0.9806 0.1855
vn -0.0843 -0.9938 0.0724
vn 0.1788 -0.9615 0.2088
vn 0.0162 -0.9371 -0.3487
vn -0.1985 -0.9766 0.0828
vn 0.0822 -0.9951 0.0546
vn 0.1536 -0.9863 -0.0593
vn 0.6097 0.7923 0.0241
vn -0.6202 0.7053 -0.3433
vn 0.5951 0.7934 -0.1277
vn -0.6003 0.7728 0.2058
vn 0.0345 0.6357 -0.7712
vn -0.4725 0.6636 0.5800
vn -0.1494 0.7726 0.6171
vn -0.2931 0.6882 -0.6637
vn 0.4141 0.7812 0.4673
vn -0.3059 0.7318 -0.6090
vn 0.7291 0.5933 0.3411
vn -0.6942 0.6512 -0.3065
vn 0.5721 0.7444 -0.3444
vn -0.1666 0.7397 -0.6520
vn 0.9087 0.4094 0.0811
vn -0.4299 0.6867 0.5862
vn 0.4359 0.5733 0.6938
vn -0.2885 0.6235 -0.7266
vn 0.5062 0.4550 0.7326
vn -0.8525 0.4489 -0.2680
vn 0.5120 0.4994 0.6989
vn -0.3861 0.4635 -0.7976
vn 0.8103 0.5788 -0.0915
vn 0.7347 0.6075 0.3020
vn -0.6809 0.6881 -0.2507
vn 0.4700 0.4828 -0.7389
vn -0.7286 0.6741 0.1212
vn 0.1043 0.3513 0.9304
vn 0.1379 0.9052 -0.4020
vn -0.0892 -0.9273 -0.3636
vn -0.4840 0.7454 0.4584
vn -0.6215 0.7678 0.1558
vn 0.1417 -0.9687 -0.2039
vn 0.0272 -0.9573 -0.2878
vn -0.0625 -0.9457 0.3191
vn 0.3168 -0.9484 -0.0148
vn 0.0367 -0.9957 0.0856
vn -0.4299 -0.8719 0.2345
vn 0.3606 -0.9306 0.0633
vn 0.1015 -0.9948 -0.0068
vn -0.1726 -0.9812 -0.0867
vn 0.2959 -0.9196 -0.2583
vn 0.3466 -0.9378 0.0195
vn -0.1193 0.5112 -0.8512
vn 0.6054 0.6502 0.4589
vn 0.7780 0.5953 0.2007
vn 0.6818 0.5669 0.4624
vn -0.6236 0.7094 -0.3286
vn 0.7207 0.6901 0.0660
vn 0.5364 0.5260 -0.6601
vn 0.6593 0.6848 0.3105
vn -0.7380 0.5918 0.3241
vn 0.7529 0.5384 -0.3785
vn -0.8386 0.4729 0.2703
vn -0.4741 0.4431 0.7608
vn 0.6312 0.5762 -0.5192
vn -0.6745 0.5607 0.4804
vn -0.2026 0.5020 -0.8408
vn 0.3992 0.5158 0.7580
vn -0.3996 0.6427 -0.6536
vn 0.7665 0.6140 -0.1883
vn 0.6287 0.7575 -0.1757
vn 0.5228 0.8437 0.1215
vn -0.7406 0.5424 -0.3966
vn 0.7348 0.6704 0.1031
vn -0.5287 0.7321 -0.4295
vn -0.4404 0.8695 -0.2238
vn 0.3643 0.6192 0.6956
vn 0.5097 0.4176 0.7522
vn 0.3457 0.8499 0.3978
vn -0.3603 -0.9152 -0.1806
vn 0.4331 0.8758 0.2129
vn -0.1113 -0.9935 -0.0226
vn 0.3961 -0.9056 -0.1516
vn -0.0226 -0.9923 -0.1214
vn 0.4300 -0.9027 0.0133
vn 0.3343 -0.8990 0.2828
vn -0.2730 -0.8907 -0.3635
vn -0.2086 -0.9748 -0.0790
vn 0.1615 -0.9321 0.3241
vn 0.3745 -0.7432 0.5544
vn -0.1646 -0.9806 0.1062
vn 0.1397 -0.9791 0.1476
vn -0.0538 -0.9392 -0.3392
vn 0.6751 -0.7374 -0.0221
vn 0.1716 -0.9770 0.1268
vn 0.2421 -0.9008 -0.3604
vn -0.9382 0.0873 -0.3350
vn -0.6798 0.2067 -0.7037
vn -0.4372 0.0555 -0.8977
vn -0.8194 0.4796 0.3139
vn 0.2253 0.6856 -0.6923
vn -0.4296 0.7495 0.5037
vn -0.8470 0.4763 0.2362
vn 0.1608 0.6747 -0.7204
vn -0.2911 0.7187 0.6315
vn 0.3394 0.5806 -0.7400
vn -0.2448 0.7011 -0.6697
vn 0.4885 0.5061 0.7107
vn 0.4675 0.6613 0.5867
vn -0.6605 0.5409 -0.5207
vn -0.7964 0.5219 0.3057
vn 0.6948 0.6343 -0.3389
vn 0.8227 0.5433 -0.1674
vn 0.9210 0.3662 -0.1330
vn 0.6512 0.6347 -0.4160
vn 0.9104 0.3344 -0.2436
vn -0.6950 0.4052 -0.5939
vn 0.8797 0.4393 0.1820
vn -0.5533 0.4744 -0.6847
vn 0.4374 0.3739 0.8178
vn -0.0119 0.2656 -0.9640
vn -0.4581 0.3726 -0.8071
vn -0.5490 0.6468 0.5294
vn 0.8239 0.3275 -0.4625
vn -0.4727 0.3493 0.8090
vn -0.7359 0.1154 0.6672
vn -0.3182 0.2530 -0.9136
vn 0.2929 0.3248 0.8993
vn -0.8173 0.0649 -0.5726
vn 0.8243 0.2021 0.5288
vn 0.1246 0.0839 -0.9887
vn 0.8334 0.1508 0.5317
vn 0.9587 0.2395 0.1535
vn -0.9064 0.3753 0.1938
vn -0.5630 0.1962 0.8028
vn 0.6167 0.2413 -0.7493
vn -0.4327 0.0833 0.8977
vn 0.5641 0.2235 -0.7949
vn 0.2441 -0.9434 0.2243
vn -0.2252 -0.9342 0.2768
vn 0.2042 -0.9763 0.0721
vn -0.1269 -0.9706 -0.2047
vn 0.0117 -0.8525 -0.5226
vn -0.1883 -0.9334 -0.3054
vn 0.1179 -0.9408 -0.3179
vn -0.3716 -0.8339 -0.4081
vn -0.2886 -0.6086 0.7391
vn -0.2746 -0.9068 0.3199
vn 0.3601 -0.8831 -0.3007
vn 0.0765 -0.9492 -0.3051
vn -0.1353 -0.9854 -0.1034
vn 0.3343 -0.9424 0.0116
vn -0.0544 -0.5249 -0.8494
vn 0.0842 -0.9582 0.2734
vn -0.8053 -0.3792 -0.4557
vn -0.1144 -0.9934 0.0044
vn -0.1251 -0.9807 0.1501
vn -0.1165 -0.9304 0.3477
vn -0.4059 0.0697 -0.9113
vn -0.3536 0.2719 -0.8950
vn 0.7867 0.4598 0.4118
vn 0.5463 -0.0127 0.8375
vn -0.4449 0.2104 0.8705
vn -0.8728 0.2509 0.4186
vn 0.0296 0.2298 -0.9728
vn 0.1904 0.4569 -0.8689
vn -0.6794 0.0853 -0.7288
vn 0.6841 0.1288 -0.7179
vn 0.9497 0.0402 -0.3105
vn -0.2577 0.1903 0.9473
vn -0.4306 0.1831 -0.8838
vn 0.5238 0.2105 0.8254
vn -0.6619 0.2061 -0.7207
vn 0.4253 0.1558 -0.8915
vn 0.9772 0.2094 0.0360
vn -0.6716 0.1884 0.7165
vn 0.1520 0.1322 0.9795
vn -0.8983 0.2284 0.3753
vn 0.1125 0.1261 -0.9856
vn -0.2634 0.1951 0.9448
vn 0.3469 0.4745 -0.8090
vn -0.8488 0.3552 0.3916
vn 0.7772 0.4307 -0.4587
vn -0.9240 0.3281 -0.1966
vn 0.9408 0.3375 0.0306
vn 0.5343 0.2933 0.7928
vn 0.9103 0.3619 0.2007
vn -0.3859 0.3348 -0.8596
vn 0.1959 0.3102 0.9303
vn 0.7338 0.0593 -0.6768
vn 0.0312 0.3410 0.9395
vn -0.2889 0.5277 0.7988
vn -0.0094 0.7003 0.7138
vn -0.6220 0.3576 -0.6966
vn 0.8421 0.4700 0.2646
vn -0.4604 0.3162 -0.8295
vn 0.7708 0.2699 -0.5771
vn 0.8877 0.2726 -0.3711
vn 0.8244 0.5177 -0.2289
vn -0.7197 0.5491 0.4249
vn 0.7214 0.3983 -0.5665
vn -0.1020 0.3995 -0.9110
vn 0.7181 0.3209 -0.6175
vn 0.7488 0.6584 -0.0770
vn -0.5323 0.5865 -0.6104
vn 0.8001 0.4225 0.4257
vn -0.2844 0.5573 0.7801
vn -0.3792 -0.8806 0.2841
vn 0.0356 -0.9846 -0.1713
vn -0.1464 -0.9674 0.2068
vn 0.1792 -0.9594 0.2176
vn -0.4093 -0.8989 -0.1565
vn -0.1161 -0.9667 0.2281
vn 0.0656 -0.9805 -0.1854
vn 0.0858 -0.9929 -0.0818
vn -0.4665 0.5928 0.6565
vn 0.3317 -0.9427 0.0352
vn 0.2374 -0.9580 -0.1611
vn 0.3754 -0.9192 -0.1189
vn -0.0618 -0.9070 0.4166
vn 0.1856 -0.2678 -0.9454
vn 0.0319 -0.9590 0.2815
vn 0.1097 -0.9865 0.1213
vn -0.2263 -0.9099 0.3477
vn 0.4195 -0.8670 -0.2691
vn -0.9483 -0.0416 -0.3148
vn -0.0925 -0.9671 0.2369
vn 0.2219 -0.9349 0.2771
vn 0.0316 -0.9655 0.2585
vn 0.2094 -0.9655 -0.1549
vn -0.1049 -0.9944 -0.0117
vn -0.1558 -0.9820 0.1066
vn -0.0419 -0.9752 0.2173
vn -0.0144 -0.9983 -0.0573
vn 0.0297 -0.9808 -0.1926
vn -0.1491 -0.9756 0.1609
vn 0.1404 -0.9896 0.0317
vn -0.1059 -0.9683 0.2263
vn 0.4436 -0.8765 -0.1868
vn -0.2461 -0.9582 -0.1461
vn 0.0834 -0.9962 0.0233
vn -0.0078 -0.9747 0.2236
vn 0.0316 -0.9823 0.1847
vn -0.2094 -0.9681 -0.1373
vn -0.7870 0.2010 -0.5833
vn 0.6921 0.2330 -0.6831
vn 0.6284 0.7753 -0.0638
vn 0.2566 0.6478 -0.7173
vn 0.1283 0.5715 0.8105
vn -0.2306 0.6018 -0.7646
vn 0.5910 0.4889 0.6417
vn 0.7792 0.5992 -0.1841
vn 0.7740 0.6299 0.0645
vn 0.0456 -0.8656 -0.4987
vn -0.3880 -0.9093 -0.1503
vn -0.9112 0.2292 -0.3424
vn 0.1128 -0.9931 0.0316
vn 0.9589 -0.2569 0.1202
vn 0.0615 -0.9252 0.3746
vn 0.6051 -0.7841 -0.1380
vn 0.3225 -0.8683 -0.3769
vn -0.0334 -0.9693 -0.2435
vn 0.2203 -0.9623 0.1594
vn -0.4064 0.0861 -0.9096
vn 0.2284 -0.8750 -0.4269
vn 0.4056 -0.8954 0.1834
vn 0.4432 -0.8929 0.0801
vn -0.2284 -0.9066 -0.3549
vn -0.2440 -0.9669 -0.0741
vn 0.0550 -0.9529 -0.2984
vn -0.1802 -0.9833 -0.0249
vn -0.4238 -0.8732 0.2405
vn 0.1253 -0.9152 0.3831
vn 0.2882 -0.9570 -0.0319
vn -0.2206 -0.9688 -0.1130
vn 0.0531 -0.9847 0.1657
vn -0.1452 -0.9815 0.1244
vn -0.3088 -0.9503 0.0402
vn 0.3102 -0.9443 -0.1100
vn -0.3223 -0.9394 -0.1169
vn 0.3488 -0.9370 0.0178
vn -0.1284 -0.9917 -0.0071
vn 0.0166 -0.9979 0.0626
vn 0.3885 -0.9210 -0.0285
vn -0.0268 -0.9598 0.2795
vn 0.3133 -0.9448 0.0964
vn -0.2068 -0.9547 0.2139
vn 0.2954 -0.9378 -0.1824
vn -0.1312 -0.8622 0.4893
vn 0.6334 0.5767 -0.5160
vn -0.0373 0.5424 -0.8393
vn 0.6404 0.5674 0.5176
vn -0.9070 0.0587 -0.4170
vn 0.0159 0.5398 -0.8416
vn -0.6828 0.6924 -0.2332
vn -0.3609 -0.9236 -0.1296
vn 0.2011 -0.9225 -0.3294
vn 0.0141 -0.9948 -0.1008
vn 0.4337 -0.9010 0.0062
vn 0.0342 -0.7685 -0.6389
vn -0.1267 -0.9614 -0.2443
vn -0.5631 -0.7733 -0.2914
vn -0.2965 -0.9542 0.0404
vn -0.0230 -0.9423 0.3340
vn -0.0829 -0.7293 0.6791
vn 0.3859 -0.8648 -0.3212
vn 0.3065 -0.9249 0.2252
vn -0.4869 -0.8398 -0.2401
vn -0.4389 -0.8939 0.0910
vn -0.0171 -0.9409 -0.3382
vn 0.0259 -0.9792 -0.2013
vn -0.2089 -0.9682 -0.1380
vn 0.0318 -0.9002 0.4342
vn 0.1345 -0.8956 0.4240
vn -0.1968 -0.9801 -0.0277
vn 0.1443 -0.9895 0.0010
vn 0.0994 -0.9940 0.0464
vn 0.1456 -0.9729 -0.1795
vn -0.0407 -0.9256 -0.3764
vn -0.1278 -0.9760 -0.1762
vn 0.1548 -0.9095 -0.3859
vn -0.1458 -0.9701 -0.1939
vn 0.1061 -0.9018 0.4189
vn -0.2918 -0.7709 -0.5661
vn 0.4993 -0.8663 -0.0146
vn -0.0708 0.0018 -0.9975
vn -0.1910 -0.2265 0.9551
vn 0.9311 0.3441 -0.1209
vn -0.9119 0.3884 0.1324
vn -0.8340 0.5167 0.1938
vn 0.5536 0.5841 -0.5936
vn -0.2658 0.6962 -0.6668
vn -0.7518 0.5059 -0.4229
vn 0.5954 0.5328 -0.6014
vn 0.8994 0.3401 -0.2746
vn 0.6217 0.5448 0.5627
vn -0.2860 0.4568 -0.8423
vn 0.0137 0.6232 -0.7820
vn 0.0042 0.6212 0.7836
vn 0.0967 0.2153 -0.9718
vn 0.3508 0.3644 0.8627
vn -0.8942 0.4452 0.0464
vn 0.8999 0.2396 0.3643
vn -0.6821 0.1841 0.7078
vn -0.8654 0.4045 0.2957
vn -0.4414 0.0807 0.8937
vn 0.6155 0.2418 -0.7501
vn -0.1158 0.3184 -0.9409
vn 0.0187 -0.9941 -0.1067
vn 0.2259 -0.9521 0.2059
vn 0.4155 -0.8760 -0.2448
vn 0.1669 -0.8917 -0.4206
vn 0.0021 -0.8621 0.5068
vn 0.4160 -0.9076 0.0569
vn -0.3957 -0.9171 -0.0478
vn 0.4235 -0.8883 0.1776
vn -0.2609 -0.9603 -0.0987
vn -0.1494 -0.9864 0.0690
vn 0.3292 -0.9347 -0.1338
vn -0.0664 -0.9609 0.2687
vn 0.0710 -0.9917 -0.1068
vn -0.2333 -0.5543 0.7990
vn -0.1305 -0.8511 -0.5086
vn 0.0408 -0.9516 -0.3046
vn 0.2215 -0.9716 0.0830
vn 0.1480 -0.9806 -0.1282
vn 0.6306 -0.7556 0.1774
vn -0.0841 -0.9707 -0.2251
vn 0.1932 -0.9503 0.2440
vn 0.5048 -0.7397 -0.4450
vn 0.0614 -0.9524 0.2985
vn 0.2980 -0.9394 0.1695
vn -0.4408 -0.8685 -0.2266
vn -0.6282 -0.7650 -0.1423
vn -0.3426 -0.8929 0.2922
vn -0.3559 -0.9237 -0.1419
vn 0.2971 -0.9287 0.2218
vn -0.1491 -0.9294 0.3375
vn 0.0765 -0.9917 -0.1030
vn 0.3703 -0.9077 -0.1973
vn -0.0686 -0.9777 0.1983
vn 0.0673 -0.8724 0.4842
vn 0.3353 -0.9095 -0.2456
vn 0.9466 0.2329 0.2231
vn -0.3830 0.0221 -0.9235
vn 0.9542 0.2790 -0.1078
vn -0.2735 0.5400 0.7960
vn 0.0209 0.1712 0.9850
vn -0.3923 0.0965 -0.9148
vn -0.0252 -0.1945 -0.9806
vn -0.4323 -0.1608 0.8873
vn -0.9718 -0.2145 -0.0981
vn 0.8825 -0.2574 0.3936
vn 0.7162 0.6742 -0.1803
vn 0.7399 0.6430 -0.1975
vn 0.0618 0.3985 -0.9151
vn -0.8683 0.3647 0.3362
vn 0.9402 0.3371 0.0478
vn -0.3477 0.2794 0.8950
vn 0.6536 0.4180 -0.6309
vn 0.8769 0.4196 0.2346
vn -0.5837 0.5718 0.5765
vn 0.6519 0.5774 -0.4915
vn 0.6519 0.5774 -0.4916
vn 0.5359 0.6856 0.4928
vn 0.5359 0.6855 0.4928
vn 0.6437 0.7214 -0.2554
vn 0.6437 0.7215 -0.2552
vn 0.6437 0.7214 -0.2553
vn 0.6344 0.7710 0.0563
vn 0.5400 0.7461 -0.3895
vn 0.5401 0.7461 -0.3895
vn 0.0649 0.5516 0.8316
vn 0.0650 0.5517 0.8315
vn -0.0358 0.6198 -0.7840
vn -0.0358 0.6198 -0.7839
vn -0.5184 0.5621 0.6445
vn -0.4742 0.6496 0.5942
vn -0.4742 0.6497 0.5942
vn -0.0719 0.6632 -0.7450
vn 0.1366 0.5621 0.8158
vn 0.1366 0.5621 0.8157
vn 0.1365 0.5620 0.8158
vn -0.4593 0.4678 -0.7551
vn -0.4593 0.4678 -0.7552
vn -0.3989 0.5819 -0.7087
vn -0.3990 0.5819 -0.7087
vn 0.0255 0.5956 0.8028
vn 0.0255 0.5957 0.8028
vn 0.0256 0.5956 0.8029
vn -0.6871 0.7225 -0.0763
vn -0.6871 0.7226 -0.0762
vn 0.2838 0.8247 0.4892
vn 0.2837 0.8247 0.4892
vn -0.4941 0.8159 -0.3003
vn -0.4941 0.8159 -0.3002
vn 0.6278 0.7749 0.0739
vn -0.4254 0.7619 -0.4884
vn 0.6796 0.7227 -0.1260
vn 0.6796 0.7227 -0.1261
vn -0.6422 0.7620 -0.0829
vn 0.3189 0.5282 -0.7870
vn 0.3189 0.5282 -0.7869
vn -0.7475 0.6582 0.0895
vn 0.6908 0.1701 -0.7027
vn 0.6908 0.1700 -0.7027
vn 0.6909 0.1700 -0.7027
vn 0.5412 0.0844 0.8366
vn 0.5412 0.0843 0.8366
vn -0.9479 0.1044 0.3008
vn -0.9479 0.1045 0.3008
vn 0.9745 0.1802 -0.1335
vn 0.9904 0.1328 0.0383
vn 0.9904 0.1328 0.0382
vn -0.9564 -0.0367 -0.2898
vn 0.3955 0.0735 -0.9155
vn 0.3955 0.0734 -0.9155
vn -0.7241 -0.0932 0.6834
vn -0.7242 -0.0931 0.6833
vn -0.7242 -0.0930 0.6832
vn -0.7242 -0.0930 0.6833
vn -0.3484 0.2285 -0.9090
vn -0.3484 0.2285 -0.9091
vn -0.0794 -0.0866 0.9931
vn 0.0920 0.3252 -0.9412
vn -0.3459 -0.1013 0.9328
vn 0.5733 0.1494 -0.8056
vn 0.5733 0.1495 -0.8056
vn -0.8710 -0.0592 0.4878
vn -0.7932 -0.0682 -0.6051
vn 0.5758 0.0362 0.8168
vn 0.5758 0.0363 0.8168
vn -0.5810 -0.0549 -0.8120
vn 0.1607 0.1218 0.9794
vn 0.1608 0.1219 0.9794
vn 0.1608 0.1218 0.9794
vn 0.0423 -0.0192 -0.9989
vn 0.0423 -0.0193 -0.9989
vn -0.4038 0.0718 0.9120
vn -0.4039 0.0718 0.9120
vn -0.7158 0.0344 -0.6974
vn -0.7158 0.0345 -0.6974
vn 0.4837 0.0200 0.8750
vn 0.4836 0.0200 0.8750
vn -0.9098 -0.1079 -0.4008
vn -0.9098 -0.1079 -0.4007
vn 0.9922 0.0613 -0.1085
vn 0.6908 0.0353 0.7222
vn -0.9670 -0.1025 -0.2331
vn 0.9649 0.0514 -0.2577
vn 0.9938 0.0919 0.0627
vn -0.9750 0.0682 -0.2114
vn -0.9750 0.0682 -0.2113
vn 0.3843 0.0036 -0.9232
vn 0.3843 0.0035 -0.9232
vn 0.8686 0.0493 0.4930
vn -0.6730 0.1022 0.7326
vn -0.6730 0.1021 0.7326
vn 0.1121 -0.9427 -0.3142
vn 0.1122 -0.9427 -0.3141
vn -0.0288 -0.9992 -0.0289
vn -0.0289 -0.9992 -0.0289
vn 0.0091 -0.9997 -0.0211
vn 0.0090 -0.9997 -0.0211
vn 0.1937 -0.9738 -0.1193
vn 0.1936 -0.9738 -0.1193
vn 0.0839 -0.9960 0.0292
vn 0.0560 -0.9775 -0.2036
vn 0.0560 -0.9774 -0.2036
vn -0.4091 -0.9085 -0.0849
vn -0.4091 -0.9085 -0.0848
vn -0.0276 -0.9610 -0.2750
vn 0.1996 -0.9676 0.1543
vn 0.1996 -0.9676 0.1544
vn -0.0355 -0.9905 0.1330
vn 0.3465 -0.8980 0.2711
vn 0.3464 -0.8981 0.2711
vn 0.3464 -0.8980 0.2711
vn -0.0544 -0.9962 0.0686
vn -0.0545 -0.9962 0.0686
vn 0.0157 -0.9845 0.1749
vn 0.0156 -0.9845 0.1749
vn -0.0927 -0.9354 -0.3411
vn -0.0927 -0.9355 -0.3411
vn -0.3684 -0.9234 0.1081
vn -0.2351 -0.9451 0.2268
vn -0.2351 -0.9451 0.2269
vn 0.0929 -0.9930 0.0728
vn 0.0929 -0.9930 0.0729
vn -0.1803 -0.9835 0.0105
vn -0.1803 -0.9836 0.0105
vn -0.1804 -0.9835 0.0105
vn -0.1497 -0.9693 -0.1949
vn 0.0776 -0.9504 -0.3013
vn 0.0776 -0.9503 -0.3014
vn -0.0604 -0.9934 0.0979
vn -0.0604 -0.9934 0.0978
vn 0.1337 -0.9695 0.2054
vn 0.1337 -0.9695 0.2055
vn 0.0888 -0.9951 0.0444
vn 0.0889 -0.9951 0.0445
vn 0.1025 -0.9947 0.0071
vn 0.1023 -0.9947 0.0071
vn 0.1024 -0.9947 0.0071
vn 0.2208 -0.9749 0.0292
vn -0.1766 -0.9589 0.2222
vn -0.0337 -0.9639 -0.2641
vn 0.1210 -0.9691 -0.2148
vn -0.1908 -0.9581 0.2135
vn -0.1908 -0.9581 0.2136
vn 0.1123 -0.9832 0.1439
vn 0.0740 -0.9426 -0.3256
vn 0.0740 -0.9426 -0.3257
vn -0.2882 -0.9571 -0.0287
vn -0.0949 -0.9955 -0.0014
vn -0.0948 -0.9955 -0.0014
vn -0.2764 -0.9442 -0.1792
vn -0.2764 -0.9442 -0.1793
vn -0.2765 -0.9442 -0.1792
vn -0.3317 -0.9318 -0.1476
vn 0.0999 -0.9923 -0.0738
vn 0.3453 -0.9385 -0.0046
vn 0.1048 -0.9913 -0.0793
vn 0.1048 -0.9913 -0.0792
vn 0.2202 -0.9754 -0.0120
vn 0.2202 -0.9754 -0.0119
vn -0.2050 -0.9644 0.1673
vn -0.1342 -0.9795 0.1503
vn -0.1342 -0.9795 0.1502
vn 0.0802 -0.9816 0.1733
vn 0.0803 -0.9816 0.1732
vn 0.2413 -0.9700 0.0297
vn -0.0874 -0.9621 -0.2584
vn -0.0874 -0.9621 -0.2585
vn -0.0875 -0.9621 -0.2584
vn -0.0786 -0.9830 0.1657
vn -0.0785 -0.9830 0.1657
vn 0.0761 -0.9930 0.0899
vn -0.0640 -0.9974 0.0318
vn -0.0639 -0.9974 0.0318
vn -0.0640 -0.9974 0.0319
vn 0.2089 -0.9761 -0.0599
vn 0.2090 -0.9761 -0.0599
vn -0.1572 -0.9850 0.0707
vn -0.1571 -0.9850 0.0707
vn -0.0178 -0.9772 0.2117
vn -0.0178 -0.9772 0.2118
vn 0.2475 -0.9687 -0.0164
vn 0.2475 -0.9688 -0.0164
vn 0.1202 -0.9830 -0.1389
vn 0.1203 -0.9830 -0.1390
vn -0.2605 -0.9635 -0.0622
vn -0.2605 -0.9635 -0.0623
vn -0.2606 -0.9635 -0.0622
vn -0.2139 -0.9726 0.0911
vn -0.2140 -0.9726 0.0910
vn 0.0542 -0.9790 0.1966
vn 0.0543 -0.9790 0.1966
vn -0.3887 -0.9197 0.0560
vn -0.3887 -0.9197 0.0559
vn -0.1497 -0.9508 -0.2711
vn -0.1496 -0.9508 -0.2715
vn -0.1496 -0.9508 -0.2711
vn -0.0882 -0.9945 -0.0573
vn -0.0882 -0.9945 -0.0572
vn -0.0882 -0.9945 -0.0574
vn 0.1947 -0.9799 0.0434
vn 0.0439 -0.9961 -0.0766
vn 0.0439 -0.9961 -0.0765
vn -0.0082 -0.9986 -0.0517
vn -0.0081 -0.9986 -0.0517
vn 0.1447 -0.9742 -0.1734
vn -0.1651 -0.9603 0.2247
vn -0.1650 -0.9604 0.2247
vn 0.0020 -0.9974 0.0717
vn 0.0021 -0.9974 0.0717
vn 0.1086 -0.9940 0.0136
vn 0.1085 -0.9940 0.0135
vn -0.6777 0.5518 0.4860
vn -0.6777 0.5518 0.4861
vn -0.6778 0.5518 0.4860
vn 0.5099 0.7114 0.4836
vn 0.5100 0.7114 0.4836
vn 0.1938 0.7812 -0.5935
vn 0.1937 0.7812 -0.5935
vn -0.6000 0.7932 -0.1039
vn -0.6000 0.7932 -0.1038
vn -0.6000 0.7933 -0.1038
vn 0.5758 0.8032 0.1528
vn 0.5169 0.8553 -0.0356
vn 0.5169 0.8553 -0.0355
vn -0.4640 0.8662 -0.1855
vn 0.5742 0.7906 0.2127
vn 0.5742 0.7906 0.2126
vn 0.5090 0.8485 -0.1447
vn -0.3238 0.9305 -0.1710
vn -0.3238 0.9305 -0.1711
vn -0.3238 0.9305 -0.1712
vn 0.2705 0.7508 0.6026
vn 0.2706 0.7508 0.6026
vn -0.3287 0.9010 -0.2831
vn -0.2906 0.5474 0.7848
vn -0.2905 0.5474 0.7848
vn -0.0832 0.7364 -0.6714
vn -0.0831 0.7364 -0.6714
vn 0.0468 0.6305 0.7748
vn 0.0469 0.6305 0.7748
vn 0.0468 0.6305 0.7747
vn 0.0468 0.6306 0.7747
vn -0.4607 0.6749 -0.5765
vn 0.4437 0.6863 0.5764
vn 0.4436 0.6862 0.5764
vn 0.4437 0.6862 0.5764
vn -0.3571 0.8028 -0.4774
vn -0.3571 0.8028 -0.4775
vn -0.6399 0.6453 0.4172
vn -0.6399 0.6454 0.4171
vn 0.3793 0.6955 -0.6103
vn 0.3794 0.6955 -0.6102
vn -0.3236 0.7974 0.5093
vn -0.3236 0.7975 0.5093
vn -0.3236 0.7975 0.5092
vn -0.0659 0.5785 -0.8130
vn -0.0660 0.5785 -0.8130
vn -0.2821 0.4745 -0.8339
vn -0.2820 0.4744 -0.8339
vn -0.4290 0.8323 0.3510
vn 0.0442 0.7647 0.6429
vn 0.2948 0.8054 -0.5142
vn 0.2949 0.8054 -0.5142
vn -0.8021 0.5861 -0.1143
vn -0.8021 0.5861 -0.1142
vn 0.6209 0.7839 -0.0085
vn 0.6209 0.7838 -0.0085
vn 0.7703 0.6324 -0.0819
vn 0.7703 0.6324 -0.0820
vn -0.8816 0.3680 0.2954
vn -0.8816 0.3681 0.2955
vn -0.8816 0.3681 0.2954
vn 0.4864 0.6171 0.6185
vn 0.4865 0.6171 0.6185
vn 0.4575 0.7775 -0.4315
vn 0.4576 0.7775 -0.4315
vn -0.4816 0.7313 -0.4830
vn -0.4815 0.7313 -0.4830
vn 0.5355 0.5301 0.6574
vn 0.5683 0.5785 0.5851
vn -0.6334 0.5974 -0.4918
vn -0.6335 0.5974 -0.4917
vn 0.6766 0.7113 -0.1902
vn 0.6766 0.7114 -0.1902
vn -0.7050 0.7002 -0.1123
vn -0.7050 0.7002 -0.1124
vn 0.5351 0.6549 -0.5336
vn 0.5350 0.6549 -0.5337
vn 0.6702 0.7379 0.0793
vn 0.6702 0.7379 0.0794
vn 0.6702 0.7380 0.0793
vn -0.6340 0.7275 0.2624
vn -0.6340 0.7275 0.2625
vn 0.6517 0.6122 -0.4478
vn 0.5648 0.6785 -0.4698
vn 0.5648 0.6785 -0.4697
vn 0.2024 0.7296 -0.6532
vn 0.2024 0.7297 -0.6532
vn -0.5072 0.7060 0.4944
vn -0.5071 0.7060 0.4944
vn -0.0661 0.6897 0.7211
vn -0.0670 0.6418 -0.7639
vn 0.2112 0.7241 0.6566
vn 0.4348 0.6884 0.5805
vn 0.4349 0.6884 0.5805
vn 0.4348 0.6884 0.5806
vn -0.1145 -0.9909 0.0708
vn -0.1146 -0.9909 0.0708
vn -0.1146 -0.9909 0.0709
vn 0.2300 -0.9529 -0.1978
vn 0.2299 -0.9529 -0.1978
vn 0.2835 -0.9400 -0.1900
vn -0.1965 -0.9593 0.2029
vn -0.1966 -0.9592 0.2030
vn -0.1044 -0.9620 -0.2524
vn -0.1045 -0.9620 -0.2524
vn -0.1044 -0.9620 -0.2525
vn 0.2143 -0.9667 0.1399
vn 0.2143 -0.9667 0.1400
vn 0.1379 -0.9815 0.1325
vn -0.0772 -0.9908 -0.1107
vn -0.0773 -0.9908 -0.1107
vn 0.7451 -0.5996 0.2921
vn -0.0194 -0.9973 0.0711
vn 0.0218 -0.9997 0.0052
vn 0.0218 -0.9997 0.0051
vn 0.0219 -0.9997 0.0052
vn 0.1699 -0.9843 0.0468
vn 0.1700 -0.9843 0.0467
vn -0.0561 -0.9702 -0.2359
vn -0.2878 -0.9519 0.1051
vn -0.2876 -0.9520 0.1050
vn -0.2874 -0.9521 0.1049
vn 0.2444 -0.9344 0.2592
vn 0.2444 -0.9344 0.2591
vn -0.0595 -0.9958 0.0694
vn -0.0596 -0.9958 0.0694
vn 0.3220 -0.9342 -0.1535
vn 0.3220 -0.9342 -0.1536
vn 0.0164 -0.9983 -0.0559
vn 0.0163 -0.9983 -0.0559
vn -0.2381 -0.9703 -0.0425
vn 0.1249 -0.9805 0.1518
vn 0.1250 -0.9806 0.1513
vn 0.0532 -0.9931 0.1048
vn 0.1787 -0.9820 -0.0612
vn 0.1787 -0.9820 -0.0613
vn -0.1304 -0.9843 0.1191
vn -0.1304 -0.9843 0.1189
vn -0.1304 -0.9843 0.1190
vn -0.0474 -0.9695 -0.2405
vn -0.0474 -0.9695 -0.2406
vn 0.1617 -0.9701 0.1807
vn 0.1617 -0.9702 0.1807
vn 0.1288 -0.9623 -0.2395
vn 0.1287 -0.9623 -0.2395
vn -0.3181 -0.9466 -0.0529
vn -0.3180 -0.9466 -0.0529
vn 0.1217 -0.9919 -0.0377
vn 0.1217 -0.9918 -0.0377
vn 0.1217 -0.9918 -0.0378
vn 0.0055 -0.9888 -0.1489
vn 0.0055 -0.9888 -0.1490
vn -0.0989 -0.9640 0.2469
vn 0.0261 -0.9971 -0.0716
vn 0.0262 -0.9971 -0.0716
vn 0.1320 -0.9672 0.2170
vn 0.1320 -0.9672 0.2171
vn 0.2289 -0.9323 0.2799
vn 0.2288 -0.9323 0.2799
vn 0.3700 -0.9265 -0.0680
vn 0.3700 -0.9266 -0.0680
vn -0.0889 -0.9433 -0.3197
vn 0.0126 -0.9784 0.2064
vn 0.0126 -0.9784 0.2063
vn -0.2285 -0.9730 0.0337
vn -0.2286 -0.9730 0.0336
vn -0.2359 -0.9502 -0.2038
vn -0.2359 -0.9502 -0.2037
vn -0.0707 -0.9835 -0.1668
vn -0.0676 -0.9833 -0.1691
vn -0.0707 -0.9834 -0.1668
vn -0.2313 -0.9563 -0.1791
vn -0.2313 -0.9562 -0.1791
vn -0.0718 -0.9863 -0.1486
vn -0.0718 -0.9863 -0.1485
vn -0.0045 -0.9996 0.0264
vn -0.0045 -0.9996 0.0265
vn 0.0105 -0.9979 -0.0637
vn 0.0106 -0.9979 -0.0637
vn 0.0107 -0.9979 -0.0638
vn -0.0355 -0.9899 0.1376
vn -0.0355 -0.9899 0.1375
vn -0.3614 0.0819 0.9288
vn -0.4537 -0.0311 -0.8906
vn 0.2714 0.1137 0.9557
vn 0.2714 0.1138 0.9557
vn 0.2713 0.1137 0.9557
vn 0.1993 -0.0401 -0.9791
vn 0.1992 -0.0401 -0.9791
vn -0.0857 -0.0439 0.9954
vn 0.5050 -0.0686 -0.8604
vn 0.5050 -0.0685 -0.8604
vn -0.4499 0.1280 0.8839
vn -0.4499 0.1279 0.8839
vn -0.3482 0.0236 -0.9371
vn 0.1632 0.1470 0.9756
vn 0.1632 0.1471 0.9756
vn 0.1631 0.1470 0.9756
vn -0.4014 0.0847 -0.9120
vn -0.4015 0.0847 -0.9119
vn -0.4015 0.0847 -0.9120
vn 0.4788 0.0678 0.8753
vn 0.4788 0.0679 0.8753
vn -0.6673 0.1122 -0.7363
vn -0.6673 0.1123 -0.7363
vn 0.9315 0.0726 0.3563
vn 0.9315 0.0725 0.3563
vn 0.8436 -0.1364 0.5193
vn 0.8437 -0.1365 0.5192
vn 0.8437 -0.1365 0.5193
vn -0.8377 0.0669 -0.5421
vn -0.8377 0.0670 -0.5420
vn 0.7409 0.0212 -0.6713
vn 0.7409 0.0213 -0.6713
vn 0.3467 -0.1873 0.9191
vn -0.8107 0.0775 0.5804
vn -0.8106 0.0776 0.5804
vn 0.9451 -0.0421 -0.3240
vn 0.9285 -0.1145 0.3532
vn 0.9285 -0.1146 0.3532
vn -0.9313 0.1249 -0.3423
vn 0.9986 -0.0522 0.0005
vn 0.9986 -0.0521 0.0005
vn 0.9799 -0.1316 0.1501
vn 0.9799 -0.1317 0.1501
vn -0.8233 0.0637 -0.5640
vn -0.8233 0.0636 -0.5640
vn -0.7553 -0.0856 0.6498
vn -0.7553 -0.0855 0.6497
vn -0.7554 -0.0855 0.6497
vn -0.9636 0.0876 0.2527
vn -0.9636 0.0875 0.2528
vn 0.7188 0.1115 -0.6862
vn 0.7188 0.1116 -0.6862
vn -0.6181 -0.0941 0.7805
vn -0.6181 -0.0942 0.7804
vn -0.6182 -0.0943 0.7804
vn -0.9070 -0.0023 0.4210
vn -0.9071 -0.0023 0.4210
vn 0.4901 -0.0054 -0.8716
vn 0.4902 -0.0054 -0.8716
vn 0.5120 0.8270 0.2321
vn 0.5120 0.8271 0.2321
vn 0.2529 0.7348 -0.6294
vn 0.2528 0.7348 -0.6294
vn -0.6284 0.7765 0.0464
vn 0.4551 0.8044 -0.3819
vn 0.4551 0.8043 -0.3819
vn 0.0054 0.7245 0.6893
vn 0.0055 0.7245 0.6893
vn 0.7292 0.6627 -0.1708
vn 0.7292 0.6627 -0.1707
vn -0.3283 0.8869 0.3252
vn -0.3283 0.8868 0.3252
vn -0.3283 0.8869 0.3251
vn -0.5064 0.7846 0.3576
vn -0.5064 0.7847 0.3576
vn 0.3624 0.6753 -0.6424
vn -0.6171 0.7156 0.3273
vn -0.6171 0.7156 0.3272
vn 0.1726 0.6661 -0.7256
vn 0.3479 0.7679 0.5379
vn -0.2086 0.7121 -0.6703
vn -0.2086 0.7122 -0.6703
vn -0.2087 0.7121 -0.6703
vn 0.3233 0.7731 0.5458
vn 0.3233 0.7732 0.5456
vn 0.3234 0.7732 0.5455
vn -0.5705 0.7696 -0.2868
vn -0.5705 0.7696 -0.2869
vn -0.4191 0.7844 -0.4572
vn 0.3319 0.6268 0.7049
vn 0.3319 0.6268 0.7050
vn 0.3320 0.6268 0.7049
vn -0.4597 0.6511 -0.6039
vn 0.4270 0.7723 0.4702
vn 0.4270 0.7723 0.4703
vn 0.4271 0.7723 0.4702
vn -0.7884 0.5754 0.2176
vn -0.7884 0.5754 0.2175
vn -0.7883 0.5755 0.2176
vn 0.4719 0.6673 0.5762
vn -0.4047 0.8523 -0.3314
vn -0.4046 0.8523 -0.3314
vn 0.2997 0.8288 0.4725
vn 0.2998 0.8288 0.4725
vn -0.4862 0.8206 -0.3004
vn -0.4862 0.8206 -0.3005
vn 0.4824 0.8337 0.2687
vn 0.4824 0.8337 0.2686
vn -0.3987 0.8267 -0.3969
vn -0.3987 0.8268 -0.3969
vn 0.2777 0.8317 0.4809
vn 0.2777 0.8317 0.4808
vn -0.2272 0.8246 -0.5181
vn -0.2273 0.8246 -0.5181
vn 0.1856 0.7581 0.6251
vn -0.1640 0.8559 -0.4904
vn 0.0328 0.5200 0.8535
vn 0.0328 0.5201 0.8535
vn -0.0687 0.8199 -0.5684
vn -0.0686 0.8199 -0.5684
vn -0.1509 0.3304 0.9317
vn -0.1510 0.3304 0.9317
vn -0.1941 0.6336 0.7489
vn -0.1941 0.6337 0.7489
vn -0.1233 0.8184 0.5613
vn 0.3328 0.8319 -0.4441
vn 0.3329 0.8319 -0.4441
vn -0.6193 0.7375 0.2693
vn -0.6193 0.7376 0.2693
vn -0.2943 0.8664 0.4034
vn 0.4955 0.7967 -0.3459
vn 0.4958 0.7966 -0.3460
vn 0.4955 0.7967 -0.3460
vn -0.7057 0.6782 0.2050
vn -0.3187 0.8232 0.4699
vn -0.3188 0.8232 0.4699
vn 0.4574 0.8049 -0.3781
vn 0.4574 0.8049 -0.3782
vn -0.8480 0.4690 -0.2470
vn -0.8479 0.4690 -0.2471
vn 0.5815 0.8122 -0.0474
vn 0.4318 0.7421 -0.5127
vn -0.9292 0.1205 -0.3495
vn -0.9292 0.1205 -0.3494
vn 0.5953 0.7443 0.3027
vn 0.7881 0.6070 -0.1023
vn 0.7881 0.6069 -0.1023
vn -0.6356 0.4284 0.6422
vn -0.6357 0.4284 0.6422
vn -0.6214 0.6932 0.3651
vn 0.2953 0.6955 -0.6550
vn -0.7254 0.5287 0.4408
vn -0.7254 0.5286 0.4408
vn -0.7254 0.5286 0.4409
vn 0.0565 0.6947 -0.7170
vn -0.0700 0.7150 0.6956
vn -0.0701 0.7150 0.6956
vn -0.5612 0.4542 -0.6919
vn -0.5613 0.4542 -0.6919
vn -0.5613 0.4542 -0.6918
vn 0.7329 0.5892 0.3402
vn 0.7328 0.5892 0.3403
vn 0.7328 0.5892 0.3402
vn -0.7210 0.6714 -0.1711
vn -0.7210 0.6714 -0.1712
vn -0.7211 0.6714 -0.1711
vn 0.5909 0.4758 -0.6514
vn 0.5909 0.4758 -0.6515
vn 0.5910 0.4758 -0.6514
vn 0.1015 -0.9588 0.2653
vn -0.6152 -0.7816 -0.1031
vn -0.3830 -0.9229 -0.0388
vn -0.3830 -0.9229 -0.0387
vn -0.1543 -0.9879 -0.0156
vn 0.1498 -0.9805 0.1273
vn 0.1498 -0.9805 0.1274
vn 0.4161 -0.9085 0.0395
vn 0.4161 -0.9085 0.0394
vn 0.3149 -0.8629 -0.3954
vn 0.3147 -0.8629 -0.3954
vn 0.3148 -0.8629 -0.3954
vn -0.3444 -0.9317 0.1157
vn -0.3444 -0.9316 0.1159
vn -0.3445 -0.9317 0.1154
vn 0.0316 -0.9632 0.2669
vn 0.0317 -0.9632 0.2668
vn 0.0127 -0.9452 -0.3261
vn 0.0127 -0.9452 -0.3262
vn 0.1925 -0.9227 0.3339
vn 0.1924 -0.9227 0.3339
vn 0.1925 -0.9227 0.3340
vn 0.2820 -0.9592 -0.0206
vn -0.1743 -0.9773 0.1208
vn -0.1743 -0.9773 0.1207
vn -0.3206 -0.9466 0.0351
vn -0.3206 -0.9466 0.0352
vn -0.2751 -0.9611 -0.0255
vn -0.0046 -1.0000 0.0060
vn -0.0137 -0.9750 0.2218
vn 0.0459 -0.9773 0.2070
vn 0.1921 -0.9586 0.2104
vn 0.1922 -0.9585 0.2104
vn -0.4365 -0.8996 0.0162
vn 0.1055 -0.9509 -0.2911
vn 0.1056 -0.9509 -0.2911
vn -0.0407 -0.9901 -0.1346
vn -0.3283 -0.9139 0.2387
vn -0.1370 -0.9867 -0.0876
vn -0.1371 -0.9867 -0.0877
vn -0.2891 -0.9396 -0.1832
vn -0.1799 -0.9733 -0.1425
vn 0.1551 -0.9758 -0.1540
vn 0.1552 -0.9758 -0.1540
vn 0.1553 -0.9758 -0.1540
vn -0.1110 -0.9625 -0.2475
vn -0.1108 -0.9625 -0.2475
vn 0.2581 -0.9576 0.1281
vn 0.2581 -0.9576 0.1282
vn 0.1559 -0.9507 0.2681
vn 0.1560 -0.9507 0.2681
vn -0.1468 -0.9668 -0.2091
vn -0.1467 -0.9668 -0.2091
vn 0.0372 -0.9948 0.0949
vn -0.9207 0.1948 -0.3383
vn -0.9206 0.1946 -0.3385
vn 0.7544 0.1244 0.6445
vn 0.7544 0.1243 0.6445
vn 0.9629 0.1906 0.1911
vn 0.9629 0.1905 0.1911
vn -0.4520 0.0298 -0.8915
vn 0.9191 -0.0011 -0.3941
vn 0.9191 -0.0010 -0.3941
vn 0.8337 0.1967 -0.5159
vn 0.8338 0.1967 -0.5159
vn 0.8337 0.1968 -0.5159
vn -0.8714 -0.1425 -0.4694
vn -0.8715 -0.1424 -0.4693
vn 0.3589 -0.0400 -0.9325
vn 0.9415 0.3014 0.1505
vn 0.9416 0.3014 0.1505
vn 0.9416 0.3013 0.1506
vn -0.9952 -0.0903 0.0372
vn -0.9952 -0.0902 0.0372
vn 0.7782 -0.1164 -0.6172
vn 0.7782 -0.1163 -0.6171
vn -0.6575 0.0677 0.7504
vn -0.6575 0.0678 0.7504
vn -0.7568 -0.0783 0.6489
vn -0.7568 -0.0783 0.6490
vn -0.7568 -0.0784 0.6489
vn 0.9982 0.0336 -0.0497
vn -0.9880 0.1522 0.0270
vn -0.9880 0.1523 0.0269
vn -0.2360 -0.2130 0.9481
vn -0.2360 -0.2129 0.9481
vn 0.6856 0.0162 -0.7278
vn 0.6856 0.0161 -0.7278
vn 0.6857 0.0161 -0.7277
vn -0.8007 0.1302 0.5848
vn -0.8007 0.1301 0.5848
vn -0.1132 -0.0357 -0.9929
vn -0.3830 0.0638 0.9216
vn -0.3832 0.0636 0.9215
vn -0.3830 0.0638 0.9215
vn -0.5317 0.0273 -0.8465
vn -0.5317 0.0274 -0.8465
vn -0.5316 0.0273 -0.8465
vn 0.3300 -0.0593 0.9421
vn 0.3299 -0.0594 0.9421
vn -0.2390 -0.0261 -0.9707
vn -0.2390 -0.0260 -0.9707
vn 0.8310 -0.1062 0.5461
vn 0.8310 -0.1063 0.5461
vn 0.3985 0.1716 -0.9010
vn 0.3986 0.1716 -0.9009
vn 0.3985 0.1715 -0.9010
vn 0.3709 -0.1711 0.9128
vn 0.3709 -0.1710 0.9128
vn 0.0068 0.1596 -0.9872
vn 0.0067 0.1595 -0.9872
vn 0.0067 0.1596 -0.9872
vn -0.4451 -0.0419 0.8945
vn -0.4450 -0.0420 0.8945
vn -0.9540 0.1115 -0.2783
vn -0.9540 0.1116 -0.2783
vn -0.9540 0.1116 -0.2782
vn 0.3703 0.1606 0.9149
vn -0.9890 0.1482 -0.0043
vn -0.9890 0.1481 -0.0043
vn 0.6646 0.2211 0.7138
vn 0.6646 0.2210 0.7138
vn 0.0782 0.6622 0.7453
vn -0.6057 0.5509 -0.5741
vn -0.6057 0.5509 -0.5742
vn 0.2704 0.6883 0.6732
vn 0.2704 0.6882 0.6732
vn -0.5207 0.6859 -0.5083
vn 0.6650 0.7185 -0.2037
vn 0.6650 0.7186 -0.2036
vn 0.6224 0.6231 -0.4737
vn 0.6223 0.6231 -0.4737
vn -0.7324 0.6677 0.1333
vn -0.7324 0.6677 0.1334
vn -0.4227 0.5644 0.7091
vn -0.8721 0.4532 0.1845
vn -0.8721 0.4532 0.1844
vn 0.1696 0.6302 -0.7577
vn -0.2338 0.6371 0.7344
vn -0.2357 0.5398 -0.8081
vn -0.2358 0.5398 -0.8081
vn -0.2834 0.6594 -0.6964
vn -0.2833 0.6593 -0.6964
vn 0.2354 0.8621 0.4487
vn -0.3929 0.5843 -0.7101
vn -0.1639 0.8079 0.5661
vn -0.0554 0.7608 0.6466
vn -0.0555 0.7608 0.6466
vn -0.1649 0.6272 -0.7612
vn -0.0127 0.7736 -0.6336
vn -0.0126 0.7736 -0.6336
vn -0.6708 0.6938 0.2622
vn -0.6708 0.6938 0.2621
vn -0.7703 0.5951 0.2292
vn -0.7703 0.5951 0.2293
vn 0.6468 0.6902 -0.3245
vn 0.6468 0.6902 -0.3244
vn 0.6600 0.6974 -0.2795
vn 0.6600 0.6973 -0.2796
vn -0.4421 0.7976 0.4104
vn -0.7260 0.6827 0.0824
vn -0.7260 0.6828 0.0824
vn -0.7596 0.5827 0.2889
vn -0.7596 0.5828 0.2888
vn -0.7596 0.5828 0.2889
vn -0.3684 0.6356 0.6785
vn -0.3683 0.6356 0.6785
vn -0.3749 0.8307 0.4116
vn -0.3750 0.8307 0.4116
vn -0.3440 0.6387 0.6883
vn -0.6712 0.4048 0.6211
vn -0.6711 0.4047 0.6211
vn -0.6712 0.4048 0.6210
vn -0.6564 0.6633 0.3594
vn 0.6201 0.5766 -0.5320
vn 0.6201 0.5765 -0.5321
vn 0.5155 0.7166 -0.4699
vn 0.5155 0.7165 -0.4699
vn 0.5156 0.7165 -0.4699
vn -0.4961 0.8648 -0.0778
vn -0.4961 0.8648 -0.0777
vn -0.6836 0.7267 -0.0676
vn -0.6837 0.7267 -0.0675
vn 0.8966 0.4022 0.1854
vn 0.8966 0.4022 0.1853
vn 0.4977 0.6455 -0.5793
vn 0.4978 0.6455 -0.5793
vn 0.5290 0.6810 -0.5064
vn 0.5291 0.6810 -0.5064
vn 0.5291 0.6810 -0.5063
vn -0.4660 0.8657 -0.1829
vn -0.8118 0.5839 0.0058
vn -0.8118 0.5840 0.0058
vn -0.8118 0.5839 0.0059
vn 0.6469 0.5158 0.5617
vn 0.6468 0.5158 0.5618
vn 0.5351 0.8327 -0.1425
vn 0.7468 0.5592 -0.3601
vn 0.7468 0.5591 -0.3601
vn 0.7468 0.5591 -0.3602
vn 0.7467 0.5591 -0.3602
vn -0.5969 0.5097 -0.6196
vn -0.5968 0.5098 -0.6196
vn -0.7896 0.5299 -0.3094
vn -0.7897 0.5299 -0.3093
vn 0.5557 0.8178 0.1493
vn 0.5557 0.8178 0.1494
vn 0.8803 0.4346 -0.1902
vn 0.8803 0.4346 -0.1903
vn 0.5345 0.7903 0.2996
vn 0.5345 0.7903 0.2997
vn -0.4926 0.6299 -0.6005
vn -0.4926 0.6299 -0.6004
vn 0.1914 0.7334 0.6523
vn 0.1913 0.7334 0.6524
vn 0.3011 0.6040 0.7379
vn 0.3010 0.6040 0.7380
vn -0.7107 0.6836 -0.1662
vn -0.3468 0.8044 -0.4823
vn -0.3469 0.8044 -0.4823
vn -0.0920 0.6448 0.7588
vn -0.0921 0.6448 0.7588
vn -0.0920 0.6447 0.7588
vn 0.2222 0.4129 0.8832
vn 0.2222 0.4129 0.8833
vn 0.0854 0.6951 -0.7138
vn 0.0854 0.6951 -0.7139
vn 0.2239 0.6271 -0.7461
vn 0.2240 0.6271 -0.7461
vn 0.1043 0.5224 0.8463
vn 0.1044 0.5224 0.8463
vn 0.5035 -0.8539 0.1314
vn 0.5035 -0.8540 0.1314
vn 0.0326 -0.9913 0.1272
vn -0.2234 -0.9506 -0.2157
vn -0.2233 -0.9506 -0.2157
vn 0.1295 -0.8860 -0.4452
vn 0.1296 -0.8860 -0.4452
vn -0.0563 -0.9655 0.2541
vn -0.0562 -0.9655 0.2541
vn 0.3580 -0.9094 0.2116
vn 0.3579 -0.9095 0.2116
vn -0.3799 -0.9242 -0.0397
vn 0.3890 -0.8870 -0.2487
vn 0.3891 -0.8870 -0.2487
vn -0.1719 -0.9609 0.2172
vn -0.0945 -0.9915 0.0899
vn -0.0944 -0.9915 0.0899
vn -0.3922 -0.9086 0.1436
vn 0.1896 -0.8714 0.4525
vn 0.1895 -0.8714 0.4525
vn 0.1894 -0.8714 0.4525
vn 0.0988 -0.9617 0.2557
vn 0.0988 -0.9617 0.2556
vn 0.0989 -0.9617 0.2557
vn 0.0337 -0.9295 0.3674
vn 0.1125 -0.8806 0.4603
vn 0.1115 -0.8805 0.4608
vn 0.1125 -0.8806 0.4604
vn 0.2641 -0.9591 0.1021
vn 0.2641 -0.9591 0.1020
vn -0.1797 -0.9694 -0.1669
vn -0.1797 -0.9695 -0.1669
vn -0.0190 -0.9828 -0.1838
vn -0.0189 -0.9828 -0.1838
vn -0.0190 -0.9828 -0.1837
vn -0.0737 -0.9130 -0.4014
vn -0.0736 -0.9130 -0.4014
vn -0.2643 -0.8661 -0.4242
vn -0.2642 -0.8662 -0.4242
vn -0.1256 -0.9589 -0.2543
vn -0.1256 -0.9589 -0.2544
vn -0.1998 -0.9749 -0.0981
vn -0.1999 -0.9749 -0.0981
vn -0.1680 -0.9853 -0.0304
vn -0.1680 -0.9853 -0.0305
vn 0.0224 -0.9995 -0.0230
vn -0.1702 -0.9340 0.3142
vn -0.1702 -0.9340 0.3141
vn 0.2470 -0.9679 -0.0463
vn -0.1902 -0.9531 0.2352
vn -0.1902 -0.9532 0.2352
vn -0.1902 -0.9531 0.2353
vn 0.1587 -0.9854 0.0619
vn 0.1587 -0.9854 0.0620
vn 0.1869 -0.9788 -0.0842
vn 0.0840 -0.9316 0.3537
vn 0.0841 -0.9316 0.3537
vn 0.0840 -0.9315 0.3538
vn -0.3150 -0.9415 -0.1198
vn -0.2549 -0.9626 -0.0917
vn 0.5747 0.0429 0.8172
vn 0.2802 -0.0345 0.9593
vn 0.1941 -0.0808 -0.9777
vn 0.1941 -0.0808 -0.9776
vn -0.6479 -0.0258 -0.7613
vn -0.6479 -0.0259 -0.7613
vn -0.2687 0.0576 0.9615
vn 0.4328 0.0295 0.9010
vn 0.4326 0.0297 0.9011
vn 0.9713 -0.0183 -0.2373
vn -0.7392 -0.0888 -0.6676
vn -0.7392 -0.0889 -0.6676
vn 0.6341 0.1712 -0.7540
vn 0.6342 0.1711 -0.7540
vn 0.8642 -0.1727 0.4725
vn -0.4648 -0.1478 -0.8730
vn -0.4647 -0.1477 -0.8731
vn -0.4647 -0.1477 -0.8730
vn -0.4647 -0.1478 -0.8730
vn 0.7088 0.2848 -0.6454
vn 0.7087 0.2849 -0.6454
vn 0.2561 -0.1128 0.9601
vn 0.2561 -0.1127 0.9601
vn 0.2561 -0.1128 0.9600
vn -0.9923 -0.0772 -0.0964
vn 0.9776 0.2103 0.0029
vn 0.9776 0.2104 0.0029
vn 0.9776 0.2103 0.0028
vn -0.6699 -0.1839 0.7194
vn -0.6698 -0.1838 0.7194
vn -0.6699 -0.1839 0.7193
vn 0.9247 0.2269 -0.3057
vn 0.9247 0.2270 -0.3057
vn -0.8046 -0.0492 0.5918
vn -0.8045 -0.0493 0.5918
vn 0.9750 0.1259 -0.1830
vn -0.9506 0.0683 0.3030
vn -0.9505 0.0683 0.3030
vn -0.7861 0.2003 0.5848
vn -0.7861 0.2004 0.5847
vn 0.5444 0.0017 -0.8388
vn -0.6117 -0.0397 0.7901
vn -0.6119 -0.0400 0.7899
vn -0.6119 -0.0401 0.7899
vn 0.4185 -0.0062 0.9082
vn 0.4184 -0.0061 0.9082
vn 0.5390 0.7112 -0.4514
vn 0.5390 0.7111 -0.4514
vn 0.5389 0.7111 -0.4515
vn -0.5626 0.6479 0.5135
vn -0.1572 0.7365 0.6579
vn -0.1571 0.7365 0.6580
vn -0.1571 0.7365 0.6579
vn -0.5495 0.5778 0.6035
vn 0.2486 0.5873 0.7703
vn -0.5895 0.6752 -0.4434
vn -0.5894 0.6752 -0.4435
vn -0.5894 0.6752 -0.4434
vn -0.5508 0.6351 -0.5415
vn -0.5508 0.6351 -0.5416
vn 0.5064 0.5991 0.6202
vn -0.0582 0.4107 -0.9099
vn -0.0581 0.4106 -0.9099
vn -0.0581 0.4107 -0.9099
vn 0.8008 0.5894 0.1066
vn 0.7683 0.6165 -0.1721
vn 0.7683 0.6165 -0.1722
vn 0.6102 0.6622 0.4349
vn 0.6103 0.6622 0.4349
vn -0.7614 0.6482 0.0057
vn -0.7614 0.6482 0.0058
vn -0.6948 0.6590 0.2879
vn -0.6948 0.6590 0.2878
vn 0.6124 0.6601 0.4350
vn 0.6866 0.5942 0.4189
vn -0.3749 0.4415 -0.8152
vn -0.3748 0.4415 -0.8152
vn -0.5115 0.4370 -0.7399
vn -0.5115 0.4370 -0.7398
vn 0.6311 0.6270 0.4566
vn 0.6312 0.6270 0.4566
vn 0.5457 0.4351 -0.7162
vn 0.6748 0.3468 -0.6515
vn 0.6747 0.3468 -0.6515
vn -0.5644 0.5707 -0.5965
vn 0.6249 0.7175 0.3077
vn 0.4605 0.7583 0.4614
vn 0.4606 0.7583 0.4614
vn 0.5731 0.6302 0.5238
vn 0.5731 0.6303 0.5238
vn -0.8305 0.4639 -0.3082
vn -0.8305 0.4640 -0.3082
vn -0.7415 0.4918 -0.4563
vn -0.7415 0.4918 -0.4564
vn -0.2867 0.4496 0.8460
vn 0.1161 0.4968 0.8601
vn -0.3834 0.7429 -0.5487
vn -0.3835 0.7430 -0.5486
vn -0.3834 0.7430 -0.5486
vn -0.4953 0.4368 -0.7510
vn -0.4952 0.4368 -0.7510
vn 0.0661 0.4079 0.9106
vn 0.0662 0.4079 0.9106
vn 0.0305 0.7306 -0.6821
vn 0.0305 0.7306 -0.6822
vn -0.2704 0.3204 -0.9079
vn 0.0244 0.3611 0.9322
vn 0.0245 0.3611 0.9322
vn 0.0244 0.3610 0.9322
vn -0.0552 0.3025 0.9515
vn -0.0553 0.3025 0.9515
vn -0.0554 0.3025 0.9515
vn 0.0948 0.7378 0.6683
vn 0.0949 0.7378 0.6683
vn -0.3295 0.2431 0.9123
vn 0.1253 0.6052 -0.7862
vn 0.2476 0.3023 -0.9205
vn 0.2475 0.3023 -0.9205
vn 0.5545 0.6246 0.5499
vn 0.2150 0.2862 0.9337
vn 0.2151 0.2862 0.9337
vn -0.4733 0.5149 -0.7148
vn -0.4733 0.5149 -0.7147
vn 0.2051 0.6718 -0.7117
vn 0.2051 0.6718 -0.7118
vn 0.2050 0.6718 -0.7118
vn 0.0831 0.6593 -0.7473
vn 0.0830 0.6593 -0.7473
vn -0.5847 0.4962 0.6418
vn -0.5848 0.4962 0.6417
vn -0.7484 0.3779 0.5450
vn -0.7483 0.3779 0.5451
vn -0.7484 0.3779 0.5451
vn -0.8139 0.5766 0.0716
vn -0.8638 0.3154 0.3929
vn 0.9196 0.3928 0.0073
vn 0.7946 0.4927 -0.3548
vn 0.7946 0.4926 -0.3548
vn -0.6692 0.6477 0.3643
vn -0.6691 0.6477 0.3643
vn -0.8548 0.4580 0.2442
vn -0.8548 0.4579 0.2442
vn -0.8548 0.4580 0.2443
vn -0.7440 0.6310 0.2198
vn -0.7440 0.6310 0.2199
vn -0.8687 0.2580 0.4228
vn -0.8687 0.2580 0.4229
vn 0.7127 0.4799 -0.5116
vn 0.7127 0.4799 -0.5117
vn -0.4526 0.5710 0.6850
vn -0.4526 0.5710 0.6849
vn -0.4851 0.0119 -0.8744
vn 0.9032 0.1715 0.3936
vn 0.9032 0.1715 0.3935
vn -0.8817 0.3194 -0.3474
vn 0.7747 0.2986 -0.5574
vn 0.7747 0.2986 -0.5575
vn 0.4278 -0.8987 -0.0965
vn 0.4279 -0.8987 -0.0965
vn 0.3735 -0.9275 -0.0158
vn 0.3735 -0.9275 -0.0157
vn 0.3736 -0.9275 -0.0157
vn 0.2103 -0.9310 -0.2984
vn 0.2104 -0.9310 -0.2984
vn -0.0403 -0.9543 -0.2961
vn -0.4473 -0.8827 -0.1441
vn -0.4473 -0.8827 -0.1442
vn -0.3274 -0.7939 0.5124
vn 0.3408 -0.7653 0.5461
vn 0.2035 -0.9069 0.3689
vn 0.2034 -0.9070 0.3688
vn 0.4869 -0.8505 -0.1989
vn 0.4869 -0.8505 -0.1990
vn -0.3419 -0.8646 -0.3683
vn 0.1422 -0.9177 0.3709
vn 0.1421 -0.9177 0.3709
vn -0.0840 -0.9906 0.1079
vn -0.0841 -0.9906 0.1079
vn -0.0112 -0.9983 0.0576
vn -0.0112 -0.9983 0.0577
vn 0.5976 -0.7253 0.3417
vn -0.0725 -0.9605 -0.2687
vn 0.4042 -0.8260 0.3928
vn 0.4041 -0.8261 0.3928
vn 0.4042 -0.8261 0.3928
vn 0.1291 -0.9221 -0.3647
vn 0.1292 -0.9221 -0.3647
vn -0.3245 -0.7430 -0.5853
vn -0.3245 -0.7430 -0.5854
vn -0.3244 -0.7430 -0.5853
vn -0.0325 -0.9409 -0.3372
vn -0.3069 -0.9308 -0.1985
vn -0.3070 -0.9308 -0.1985
vn -0.1200 -0.7511 -0.6492
vn 0.1616 -0.9239 -0.3469
vn 0.1617 -0.9239 -0.3469
vn -0.1973 -0.9602 -0.1976
vn -0.1972 -0.9602 -0.1976
vn -0.3226 -0.9288 0.1822
vn 0.1660 -0.9834 -0.0729
vn -0.7464 0.2259 -0.6260
vn -0.7464 0.2260 -0.6260
vn -0.9620 0.2294 -0.1482
vn 0.7868 0.2785 -0.5508
vn 0.7869 0.2784 -0.5508
vn 0.7867 0.2786 -0.5509
vn 0.4511 0.0230 0.8922
vn 0.4511 0.0229 0.8922
vn -0.9179 0.3961 0.0217
vn 0.4415 0.3764 -0.8145
vn 0.4414 0.3764 -0.8145
vn 0.9876 0.1570 0.0040
vn 0.9876 0.1571 0.0041
vn 0.9876 0.1570 0.0041
vn -0.9402 0.3082 -0.1450
vn -0.9402 0.3083 -0.1450
vn 0.6141 0.5585 -0.5576
vn -0.8930 0.2394 0.3812
vn 0.8935 0.3598 -0.2686
vn 0.8935 0.3597 -0.2687
vn 0.6877 0.2465 -0.6829
vn -0.5298 0.3246 0.7836
vn -0.5298 0.3246 0.7835
vn -0.7821 0.2372 0.5763
vn -0.3635 0.1833 0.9134
vn -0.3635 0.1832 0.9134
vn -0.3634 0.1831 0.9134
vn -0.6149 0.0774 -0.7848
vn 0.0804 0.0465 0.9957
vn 0.0807 0.0468 0.9956
vn 0.8766 0.0825 0.4740
vn 0.8766 0.0826 0.4740
vn -0.4292 0.3642 0.8265
vn -0.4292 0.3641 0.8265
vn -0.4293 0.3641 0.8265
vn -0.4292 0.3642 0.8266
vn -0.4242 0.3166 0.8484
vn -0.4242 0.3166 0.8485
vn -0.4242 0.3165 0.8484
vn -0.8268 0.3344 0.4524
vn -0.8268 0.3343 0.4523
vn 0.5960 0.4013 -0.6955
vn 0.5961 0.4013 -0.6954
vn 0.5961 0.4013 -0.6955
vn -0.7693 0.3492 -0.5350
vn 0.5620 0.3006 0.7706
vn 0.5621 0.3006 0.7705
vn 0.5621 0.3006 0.7706
vn -0.4899 0.3412 -0.8022
vn -0.4899 0.3413 -0.8022
vn 0.2626 0.4865 -0.8333
vn 0.2627 0.4865 -0.8333
vn 0.0020 0.6456 0.7637
vn 0.0020 0.6455 0.7637
vn 0.3796 0.6553 0.6531
vn 0.3795 0.6553 0.6531
vn 0.5333 0.4313 0.7277
vn 0.5334 0.4313 0.7276
vn 0.5334 0.4313 0.7277
vn 0.5285 0.4205 0.7375
vn -0.7563 0.5038 -0.4173
vn -0.7557 0.5046 -0.4175
vn -0.7563 0.5038 -0.4174
vn -0.7563 0.5039 -0.4173
vn 0.8005 0.5283 0.2832
vn 0.8004 0.5283 0.2832
vn 0.8005 0.5283 0.2831
vn -0.7143 0.5938 -0.3704
vn -0.7143 0.5938 -0.3703
vn -0.7603 0.6216 0.1886
vn -0.3776 0.5101 0.7728
vn -0.3775 0.5101 0.7728
vn 0.4443 0.5011 -0.7427
vn 0.4442 0.5011 -0.7427
vn -0.5553 0.5030 0.6622
vn -0.5554 0.5030 0.6622
vn 0.5008 0.5339 -0.6813
vn 0.5009 0.5340 -0.6811
vn 0.8790 0.3395 -0.3347
vn 0.8790 0.3396 -0.3347
vn 0.8790 0.3395 -0.3348
vn -0.7841 0.4724 0.4026
vn -0.7841 0.4723 0.4026
vn -0.3335 0.3943 0.8563
vn -0.9330 0.3598 -0.0051
vn -0.9330 0.3598 -0.0050
vn -0.9330 0.3599 -0.0050
vn 0.7752 0.6096 -0.1654
vn 0.7753 0.6096 -0.1653
vn 0.7753 0.6096 -0.1654
vn 0.6951 0.4917 -0.5245
vn 0.6950 0.4917 -0.5245
vn -0.9244 0.3458 -0.1610
vn 0.6427 0.4725 0.6031
vn 0.6427 0.4725 0.6030
vn 0.6428 0.4725 0.6030
vn 0.6778 0.6931 -0.2454
vn -0.8020 0.5287 -0.2780
vn -0.8020 0.5286 -0.2781
vn 0.5450 0.3260 0.7724
vn 0.5451 0.3260 0.7724
vn -0.4374 0.6088 -0.6618
vn -0.4374 0.6089 -0.6618
vn -0.4373 0.6089 -0.6618
vn 0.6978 0.5900 0.4062
vn 0.6979 0.5900 0.4061
vn 0.6978 0.5900 0.4061
vn 0.6667 0.6531 0.3591
vn -0.4048 0.5732 -0.7124
vn -0.4048 0.5732 -0.7125
vn 0.1791 0.6105 0.7715
vn 0.1792 0.6105 0.7715
vn -0.5799 0.4521 -0.6778
vn 0.0115 0.5160 0.8565
vn 0.0116 0.5160 0.8565
vn -0.2314 0.5284 0.8169
vn -0.2314 0.5284 0.8168
vn 0.0728 0.4190 -0.9051
vn 0.0729 0.4190 -0.9051
vn -0.9603 0.2790 -0.0000
vn -0.0000 0.1289 0.9917
vn 0.9603 -0.2790 -0.0000
vn -0.7026 0.1128 -0.7026
vn 0.6778 0.2850 -0.6778
vn 0.7026 0.1128 0.7026
vn -0.6778 -0.2850 0.6778
vn -0.0000 -0.1289 -0.9917
vn -0.0000 0.1289 -0.9917
vn -0.0000 -0.0000 -1.0000
vn -0.7071 -0.0000 0.7071
vn 0.7071 -0.0000 0.7071
vn 0.7071 -0.0000 -0.7071
vn -0.7026 -0.1128 -0.7026
vn -0.7071 -0.0000 -0.7071
vn 0.9603 0.2790 -0.0000
vn 1.0000 -0.0000 -0.0000
vn -0.0000 -0.1289 0.9917
vn -0.0000 -0.0000 1.0000
vn -0.9603 -0.2790 -0.0000
vn -1.0000 -0.0000 -0.0000
vn 0.6778 -0.2850 -0.6778
vn -0.6778 0.2850 0.6778
vn 0.7026 -0.1128 0.7026
vn -0.0477 -0.9985 -0.0271
vn -0.0478 -0.9985 -0.0271
vn -0.0478 -0.9985 -0.0270
vn -0.0311 -0.9995 -0.0034
vn -0.0311 -0.9995 -0.0035
vt 0.070219 0.614786
vt 0.087918 0.604578
vt 0.070039 0.595266
vt 0.089421 0.647971
vt 0.060904 0.633250
vt 0.062253 0.652316
vt 0.253660 0.157780
vt 0.246914 0.177088
vt 0.269742 0.177321
vt 0.245108 0.143264
vt 0.266523 0.134778
vt 0.280247 0.513872
vt 0.259599 0.519317
vt 0.284390 0.535918
vt 0.089412 0.328375
vt 0.108110 0.317716
vt 0.084890 0.304827
vt 0.100638 0.345305
vt 0.078701 0.343004
vt 0.195057 0.766218
vt 0.205809 0.771664
vt 0.225327 0.726653
vt 0.128456 0.851612
vt 0.106704 0.862944
vt 0.117111 0.894630
vt 0.175882 0.879326
vt 0.168520 0.913703
vt 0.192962 0.886661
vt 0.235743 0.778676
vt 0.217985 0.794247
vt 0.255379 0.785236
vt 0.125004 0.810168
vt 0.128646 0.800812
vt 0.102936 0.803034
vt 0.252068 0.820158
vt 0.228550 0.822800
vt 0.251762 0.835273
vt 0.260980 0.854026
vt 0.242652 0.863802
vt 0.218929 0.859827
vt 0.234100 0.876207
vt 0.216134 0.906871
vt 0.229097 0.930970
vt 0.248394 0.918464
vt 0.062462 0.791530
vt 0.081577 0.787296
vt 0.070125 0.766741
vt 0.079941 0.854054
vt 0.110036 0.843518
vt 0.058850 0.836120
vt 0.247593 0.759006
vt 0.268743 0.755344
vt 0.250829 0.735051
vt 0.148141 0.912256
vt 0.139733 0.938415
vt 0.200624 0.915096
vt 0.083896 0.899542
vt 0.207763 0.939443
vt 0.187300 0.944963
vt 0.215739 0.957979
vt 0.099797 0.916152
vt 0.161406 0.328291
vt 0.110462 0.296911
vt 0.132006 0.549030
vt 0.169857 0.590106
vt 0.142145 0.534810
vt 0.118650 0.561460
vt 0.075254 0.383114
vt 0.159387 0.381329
vt 0.102988 0.379345
vt 0.101055 0.361172
vt 0.155018 0.350830
vt 0.145229 0.612875
vt 0.093347 0.587221
vt 0.506832 0.111446
vt 0.506832 0.060977
vt 0.490662 0.110209
vt 0.140449 0.638346
vt 0.213208 0.557572
vt 0.214432 0.567830
vt 0.263436 0.554191
vt 0.800546 0.108885
vt 0.800546 0.051602
vt 0.781326 0.099284
vt 0.258553 0.590114
vt 0.210542 0.586104
vt 0.260449 0.609922
vt 0.203181 0.150320
vt 0.244283 0.123992
vt 0.190108 0.578112
vt 0.174946 0.524252
vt 0.158905 0.528487
vt 0.455543 0.963616
vt 0.481015 0.961005
vt 0.479091 0.942726
vt 0.939805 0.387129
vt 0.951490 0.419152
vt 0.954352 0.419131
vt 0.310598 0.347703
vt 0.309052 0.364392
vt 0.315659 0.342536
vt 0.576167 0.822792
vt 0.591396 0.791298
vt 0.572251 0.798910
vt 0.342185 0.793832
vt 0.356660 0.823647
vt 0.368324 0.785189
vt 0.569850 0.912848
vt 0.581672 0.892668
vt 0.553443 0.901397
vt 0.437354 0.944558
vt 0.436991 0.937595
vt 0.507179 0.237446
vt 0.504107 0.255943
vt 0.507179 0.258152
vt 0.478166 0.723609
vt 0.453055 0.729395
vt 0.451114 0.742833
vt 0.462850 0.779989
vt 0.438156 0.792338
vt 0.404231 0.742224
vt 0.394208 0.766005
vt 0.426318 0.757554
vt 0.420264 0.808763
vt 0.542831 0.870742
vt 0.513555 0.856190
vt 0.506265 0.866503
vt 0.385967 0.808357
vt 0.392223 0.792927
vt 0.496225 0.790003
vt 0.506282 0.758433
vt 0.469752 0.780859
vt 0.540575 0.788529
vt 0.542728 0.747549
vt 0.520144 0.765859
vt 0.473020 0.918534
vt 0.484448 0.883061
vt 0.453845 0.879518
vt 0.653044 0.606542
vt 0.612990 0.603507
vt 0.625005 0.630469
vt 0.606254 0.313416
vt 0.631273 0.347171
vt 0.640879 0.327337
vt 0.643993 0.572585
vt 0.611079 0.572586
vt 0.610597 0.290836
vt 0.646592 0.308442
vt 0.648088 0.290288
vt 0.292764 0.345902
vt 0.244432 0.348125
vt 0.277716 0.362680
vt 0.692673 0.873499
vt 0.665245 0.889095
vt 0.699596 0.893200
vt 0.663512 0.860923
vt 0.692188 0.852754
vt 0.519294 0.368423
vt 0.522055 0.407182
vt 0.542035 0.408828
vt 0.651873 0.506290
vt 0.626170 0.479980
vt 0.616056 0.490372
vt 0.553737 0.363154
vt 0.558356 0.406639
vt 0.575561 0.401171
vt 0.647970 0.532353
vt 0.621749 0.508730
vt 0.613301 0.526672
vt 0.592924 0.338268
vt 0.622975 0.364467
vt 0.599418 0.615773
vt 0.582821 0.599359
vt 0.560797 0.109129
vt 0.564295 0.085451
vt 0.536232 0.099059
vt 0.487401 0.124760
vt 0.467384 0.171423
vt 0.486552 0.178048
vt 0.618969 0.881294
vt 0.697134 0.525635
vt 0.663733 0.498442
vt 0.521760 0.325526
vt 0.690954 0.531005
vt 0.567123 0.351467
vt 0.536652 0.322931
vt 0.688047 0.545129
vt 0.641138 0.545112
vt 0.553713 0.313281
vt 0.577970 0.342489
vt 0.692880 0.581626
vt 0.690788 0.563977
vt 0.641521 0.556814
vt 0.566603 0.290089
vt 0.669372 0.199751
vt 0.687730 0.238121
vt 0.683024 0.191131
vt 0.668161 0.912484
vt 0.619032 0.906342
vt 0.660422 0.930822
vt 0.767286 0.701447
vt 0.765372 0.708178
vt 0.767286 0.711107
vt 0.365475 0.497491
vt 0.360278 0.514919
vt 0.374198 0.529790
vt 0.648180 0.704898
vt 0.646386 0.725423
vt 0.650487 0.706756
vt 0.506553 0.214090
vt 0.504057 0.231820
vt 0.506553 0.233607
vt 0.411220 0.641325
vt 0.418970 0.663184
vt 0.420605 0.647556
vt 0.485872 0.573503
vt 0.513651 0.562138
vt 0.482423 0.551444
vt 0.384936 0.597487
vt 0.377818 0.616937
vt 0.390780 0.610677
vt 0.501281 0.527859
vt 0.475344 0.544445
vt 0.420971 0.631964
vt 0.443431 0.612028
vt 0.424944 0.602287
vt 0.392284 0.628681
vt 0.438721 0.499273
vt 0.432038 0.527777
vt 0.449459 0.524675
vt 0.484408 0.496557
vt 0.457805 0.498495
vt 0.480122 0.507473
vt 0.424053 0.488142
vt 0.400312 0.509723
vt 0.458618 0.527273
vt 0.413990 0.534565
vt 0.491725 0.213264
vt 0.502169 0.255392
vt 0.502169 0.210670
vt 0.702894 0.386850
vt 0.736663 0.417369
vt 0.742191 0.409886
vt 0.758421 0.395836
vt 0.709024 0.375031
vt 0.706625 0.189309
vt 0.750958 0.201287
vt 0.748277 0.179579
vt 0.708343 0.368917
vt 0.749338 0.376408
vt 0.324140 0.230593
vt 0.324140 0.185123
vt 0.314637 0.186651
vt 0.748738 0.365543
vt 0.701660 0.180049
vt 0.745893 0.169445
vt 0.742864 0.163078
vt 0.708285 0.349651
vt 0.753743 0.337271
vt 0.760267 0.323127
vt 0.777464 0.067176
vt 0.768149 0.099675
vt 0.777464 0.108714
vt 0.249441 0.069543
vt 0.264993 0.109025
vt 0.260425 0.061719
vt 0.706469 0.335120
vt 0.739155 0.314035
vt 0.338113 0.212291
vt 0.375486 0.230346
vt 0.374561 0.219651
vt 0.029007 0.190573
vt 0.028716 0.199364
vt 0.069564 0.195635
vt 0.405636 0.198978
vt 0.376315 0.201487
vt 0.403540 0.212047
vt 0.932073 0.107407
vt 0.946789 0.105673
vt 0.943589 0.078919
vt 0.770776 0.316354
vt 0.786553 0.309892
vt 0.789605 0.285383
vt 0.783311 0.384293
vt 0.769061 0.392585
vt 0.799674 0.407141
vt 0.783144 0.351590
vt 0.787170 0.363626
vt 0.805013 0.345279
vt 0.777609 0.190208
vt 0.779933 0.210643
vt 0.769867 0.427497
vt 0.776365 0.222138
vt 0.802003 0.231091
vt 0.747337 0.223931
vt 0.745735 0.234390
vt 0.776505 0.237685
vt 0.407901 0.172925
vt 0.415518 0.184000
vt 0.418758 0.168266
vt 0.503198 0.169036
vt 0.503198 0.130784
vt 0.491806 0.139507
vt 0.274928 0.089214
vt 0.269421 0.102109
vt 0.298581 0.099614
vt 0.385472 0.417131
vt 0.391980 0.443481
vt 0.406976 0.443132
vt 0.763997 0.463266
vt 0.762539 0.469452
vt 0.763997 0.477120
vt 0.355396 0.344872
vt 0.350119 0.356272
vt 0.354697 0.355724
vt 0.498069 0.398002
vt 0.491527 0.354694
vt 0.479638 0.369952
vt 0.472120 0.413794
vt 0.491372 0.411234
vt 0.459974 0.400443
vt 0.454282 0.410747
vt 0.438096 0.411023
vt 0.401159 0.287287
vt 0.396837 0.282259
vt 0.387489 0.296561
vt 0.417870 0.418340
vt 0.436800 0.414235
vt 0.436806 0.404138
vt 0.439366 0.378278
vt 0.426201 0.382069
vt 0.444158 0.371840
vt 0.368467 0.325359
vt 0.351613 0.315834
vt 0.491687 0.343409
vt 0.483605 0.328806
vt 0.474688 0.347197
vt 0.357182 0.369773
vt 0.367604 0.376813
vt 0.390134 0.361180
vt 0.394625 0.369577
vt 0.412463 0.409429
vt 0.401700 0.407392
vt 0.158419 0.096592
vt 0.165803 0.082277
vt 0.154201 0.079609
vt 0.314315 0.166471
vt 0.315360 0.179995
vt 0.322205 0.169434
vt 0.905325 0.862425
vt 0.923883 0.868585
vt 0.925031 0.851483
vt 0.681100 0.090830
vt 0.682973 0.057621
vt 0.667468 0.087595
vt 0.908796 0.944115
vt 0.927970 0.922550
vt 0.918982 0.918842
vt 0.847938 0.546808
vt 0.825113 0.562990
vt 0.831347 0.568652
vt 0.689390 0.092088
vt 0.907672 0.916006
vt 0.860035 0.556548
vt 0.840397 0.573310
vt 0.849630 0.578141
vt 0.887543 0.920504
vt 0.896999 0.946284
vt 0.911624 0.742725
vt 0.945162 0.746122
vt 0.917867 0.730780
vt 0.853347 0.132730
vt 0.833886 0.157499
vt 0.845154 0.168700
vt 0.867161 0.167134
vt 0.869478 0.139881
vt 0.857933 0.172569
vt 0.948416 0.774947
vt 0.916050 0.772141
vt 0.917569 0.790890
vt 0.668787 0.051446
vt 0.657498 0.078993
vt 0.971765 0.247098
vt 0.971044 0.221137
vt 0.954879 0.217513
vt 0.892227 0.230764
vt 0.887465 0.194466
vt 0.879874 0.231254
vt 0.958619 0.177532
vt 0.939506 0.168304
vt 0.971765 0.184530
vt 0.968660 0.159101
vt 0.887445 0.791443
vt 0.882605 0.769527
vt 0.848492 0.168600
vt 0.838810 0.202180
vt 0.863536 0.784553
vt 0.859516 0.769303
vt 0.863228 0.587836
vt 0.850835 0.615136
vt 0.859322 0.621235
vt 0.890638 0.886684
vt 0.878686 0.886832
vt 0.861159 0.493278
vt 0.876641 0.513872
vt 0.878744 0.487803
vt 0.818424 0.714822
vt 0.806142 0.749491
vt 0.821176 0.749519
vt 0.947995 0.222656
vt 0.937841 0.194223
vt 0.049351 0.074180
vt 0.047616 0.044947
vt 0.034186 0.073771
vt 0.868201 0.557050
vt 0.875596 0.538276
vt 0.888861 0.945573
vt 0.891136 0.969098
vt 0.877570 0.561674
vt 0.839372 0.703059
vt 0.846001 0.728070
vt 0.846001 0.701325
vt 0.860881 0.137598
vt 0.860156 0.114896
vt 0.975428 0.362069
vt 0.965063 0.380625
vt 0.973039 0.382146
vt 0.870542 0.114159
vt 0.881576 0.137241
vt 0.886352 0.135831
vt 0.880757 0.116713
vt 0.681006 0.038367
vt 0.861003 0.526920
vt 0.844135 0.536316
vt 0.911731 0.970864
vt 0.920883 0.947008
vt 0.868705 0.531208
vt 0.898347 0.968199
vt 0.565813 0.251828
vt 0.580045 0.248866
vt 0.578266 0.235083
vt 0.554913 0.242910
vt 0.552677 0.232736
vt 0.628183 0.147225
vt 0.627542 0.131752
vt 0.620512 0.139968
vt 0.646387 0.150023
vt 0.643687 0.168657
vt 0.632849 0.168586
vt 0.634911 0.179444
vt 0.635212 0.191424
vt 0.623451 0.228005
vt 0.631392 0.238228
vt 0.619771 0.212799
vt 0.940148 0.692452
vt 0.932606 0.704343
vt 0.931265 0.713424
vt 0.646387 0.217222
vt 0.623146 0.203024
vt 0.611015 0.230429
vt 0.613423 0.219725
vt 0.590082 0.227225
vt 0.601726 0.201034
vt 0.591100 0.203915
vt 0.625620 0.181849
vt 0.606174 0.179805
vt 0.604047 0.190744
vt 0.760445 0.692135
vt 0.752417 0.703013
vt 0.760445 0.710531
vt 0.625176 0.164745
vt 0.597853 0.165786
vt 0.747655 0.463473
vt 0.747921 0.476891
vt 0.760127 0.463473
vt 0.578512 0.164792
vt 0.564606 0.155795
vt 0.570490 0.170300
vt 0.563322 0.132668
vt 0.589211 0.137072
vt 0.588233 0.164016
vt 0.433053 0.106209
vt 0.443378 0.115774
vt 0.437663 0.092271
vt 0.434700 0.084024
vt 0.443378 0.078908
vt 0.766599 0.513106
vt 0.778779 0.512398
vt 0.786502 0.498757
vt 0.927427 0.707146
vt 0.932171 0.714674
vt 0.830093 0.790323
vt 0.841938 0.794979
vt 0.844027 0.783698
vt 0.107262 0.045616
vt 0.117730 0.054075
vt 0.118308 0.043920
vt 0.909113 0.499045
vt 0.921860 0.508422
vt 0.922962 0.495654
vt 0.895306 0.513102
vt 0.899831 0.496970
vt 0.944037 0.326797
vt 0.936871 0.324488
vt 0.947356 0.338227
vt 0.904502 0.609871
vt 0.905101 0.674746
vt 0.909398 0.609564
vt 0.192675 0.258876
vt 0.192675 0.201378
vt 0.192350 0.203789
vt 0.791857 0.903910
vt 0.798431 0.963854
vt 0.795806 0.899620
vt 0.185249 0.283644
vt 0.176745 0.344336
vt 0.185249 0.347119
vt 0.784273 0.901890
vt 0.878989 0.400142
vt 0.904401 0.443268
vt 0.886560 0.398634
vt 0.913691 0.610317
vt 0.919216 0.612783
vt 0.778631 0.617403
vt 0.806448 0.672758
vt 0.788051 0.612232
vt 0.190938 0.347242
vt 0.190938 0.284257
vt 0.187164 0.346819
vt 0.804603 0.899937
vt 0.797301 0.962660
vt 0.805588 0.901277
vt 0.968497 0.865189
vt 0.960459 0.926240
vt 0.967572 0.926265
vt 0.911323 0.568491
vt 0.924283 0.566964
vt 0.960760 0.964718
vt 0.968497 0.975634
vt 0.955359 0.633045
vt 0.963957 0.678992
vt 0.958222 0.617396
vt 0.958020 0.924903
vt 0.945620 0.970064
vt 0.951456 0.971014
vt 0.769403 0.570550
vt 0.774038 0.564562
vt 0.780396 0.565600
vt 0.758828 0.583938
vt 0.244927 0.026660
vt 0.226797 0.100480
vt 0.241809 0.068129
vt 0.785489 0.848360
vt 0.781364 0.849475
vt 0.193064 0.343592
vt 0.193064 0.268323
vt 0.192381 0.270889
vt 0.801050 0.852559
vt 0.801723 0.827448
vt 0.793270 0.827774
vt 0.784409 0.823141
vt 0.775601 0.824275
vt 0.884224 0.338960
vt 0.896634 0.399266
vt 0.904184 0.340265
vt 0.786513 0.536167
vt 0.791874 0.562953
vt 0.797553 0.532997
vt 0.244927 0.110775
vt 0.739236 0.550137
vt 0.744727 0.538678
vt 0.737312 0.570910
vt 0.757653 0.537451
vt 0.831757 0.823235
vt 0.822078 0.862299
vt 0.844027 0.829462
vt 0.948172 0.607131
vt 0.912293 0.538098
vt 0.308872 0.074436
vt 0.318750 0.111544
vt 0.318750 0.071464
vt 0.725963 0.518262
vt 0.736135 0.512883
vt 0.851538 0.332992
vt 0.849401 0.305216
vt 0.838892 0.307976
vt 0.776630 0.535538
vt 0.790908 0.800656
vt 0.185719 0.736945
vt 0.182678 0.764119
vt 0.138929 0.880206
vt 0.156455 0.886178
vt 0.225270 0.767894
vt 0.211291 0.714543
vt 0.512526 0.734359
vt 0.506035 0.707374
vt 0.478787 0.723370
vt 0.567285 0.748253
vt 0.549394 0.729698
vt 0.527921 0.715341
vt 0.358475 0.850105
vt 0.343341 0.874342
vt 0.362210 0.866502
vt 0.314126 0.321261
vt 0.351551 0.772215
vt 0.426466 0.707374
vt 0.388218 0.725847
vt 0.499740 0.938234
vt 0.503015 0.956545
vt 0.515033 0.930232
vt 0.415680 0.932826
vt 0.954352 0.445033
vt 0.385745 0.907663
vt 0.381213 0.931227
vt 0.492576 0.913620
vt 0.443264 0.914159
vt 0.521514 0.897358
vt 0.380860 0.762882
vt 0.548471 0.856071
vt 0.551607 0.839700
vt 0.518154 0.843645
vt 0.382727 0.824748
vt 0.382576 0.841543
vt 0.414456 0.836350
vt 0.564185 0.779008
vt 0.930579 0.315048
vt 0.931817 0.293007
vt 0.911772 0.297075
vt 0.302545 0.411856
vt 0.299301 0.430727
vt 0.316586 0.430967
vt 0.290429 0.322593
vt 0.276613 0.321602
vt 0.177279 0.444434
vt 0.191967 0.448889
vt 0.191967 0.401393
vt 0.697134 0.589674
vt 0.376555 0.538361
vt 0.389464 0.495516
vt 0.377255 0.480244
vt 0.703638 0.764002
vt 0.705617 0.743959
vt 0.700387 0.745599
vt 0.467681 0.648955
vt 0.468463 0.664321
vt 0.480203 0.639438
vt 0.810360 0.368230
vt 0.808472 0.364108
vt 0.807563 0.385244
vt 0.512927 0.516403
vt 0.528209 0.505147
vt 0.500378 0.508198
vt 0.365042 0.626644
vt 0.393005 0.626336
vt 0.346820 0.616890
vt 0.344940 0.578574
vt 0.339719 0.597953
vt 0.357486 0.592458
vt 0.525594 0.594856
vt 0.541319 0.601917
vt 0.525916 0.578610
vt 0.762163 0.707624
vt 0.763910 0.710766
vt 0.763910 0.693429
vt 0.511649 0.590201
vt 0.514483 0.576669
vt 0.401429 0.565520
vt 0.369530 0.558270
vt 0.376237 0.573072
vt 0.527593 0.526923
vt 0.491178 0.515397
vt 0.437063 0.637506
vt 0.453272 0.640171
vt 0.440920 0.485159
vt 0.451976 0.659698
vt 0.444618 0.483608
vt 0.497224 0.633011
vt 0.486825 0.628286
vt 0.393135 0.522123
vt 0.510021 0.622606
vt 0.527339 0.628125
vt 0.506168 0.603848
vt 0.402822 0.548596
vt 0.375066 0.542122
vt 0.087370 0.180194
vt 0.717059 0.765661
vt 0.731846 0.767092
vt 0.731846 0.747636
vt 0.071076 0.171681
vt 0.192361 0.188219
vt 0.192813 0.196216
vt 0.192813 0.172952
vt 0.360407 0.400491
vt 0.345272 0.410371
vt 0.367193 0.402620
vt 0.492728 0.324275
vt 0.340197 0.307364
vt 0.342344 0.324920
vt 0.434988 0.298497
vt 0.423953 0.285161
vt 0.423581 0.322831
vt 0.438130 0.288279
vt 0.404792 0.325135
vt 0.377956 0.300332
vt 0.359173 0.303949
vt 0.374469 0.316352
vt 0.468419 0.379921
vt 0.391605 0.331139
vt 0.445728 0.343050
vt 0.474665 0.358307
vt 0.450805 0.359319
vt 0.485485 0.316867
vt 0.351042 0.389088
vt 0.389396 0.349950
vt 0.440982 0.333505
vt 0.477700 0.303473
vt 0.463815 0.300395
vt 0.373290 0.407870
vt 0.391421 0.403062
vt 0.449019 0.293424
vt 0.410631 0.380844
vt 0.877860 0.855445
vt 0.877569 0.868141
vt 0.856992 0.647352
vt 0.839702 0.636980
vt 0.838396 0.639866
vt 0.953272 0.155720
vt 0.177203 0.374961
vt 0.178392 0.394073
vt 0.190283 0.393991
vt 0.948416 0.737902
vt 0.942460 0.765966
vt 0.320447 0.147645
vt 0.320447 0.120321
vt 0.314344 0.121459
vt 0.865378 0.196260
vt 0.975428 0.411311
vt 0.968727 0.411553
vt 0.969553 0.447881
vt 0.819980 0.586403
vt 0.886391 0.972006
vt 0.887148 0.544005
vt 0.670020 0.036360
vt 0.689390 0.041452
vt 0.593568 0.239562
vt 0.604769 0.238333
vt 0.561530 0.121061
vt 0.551185 0.126500
vt 0.601682 0.132408
vt 0.589064 0.130959
vt 0.546066 0.239680
vt 0.529391 0.178203
vt 0.518693 0.167339
vt 0.518622 0.178577
vt 0.633081 0.200902
vt 0.640213 0.206021
vt 0.524293 0.155342
vt 0.618234 0.239928
vt 0.546977 0.141770
vt 0.539608 0.133292
vt 0.532735 0.143579
vt 0.940148 0.720087
vt 0.549541 0.168787
vt 0.561090 0.183130
vt 0.543999 0.189780
vt 0.617184 0.156961
vt 0.610701 0.148943
vt 0.555247 0.212874
vt 0.570468 0.199007
vt 0.608959 0.140598
vt 0.570479 0.220557
vt 0.577919 0.136178
vt 0.793079 0.509220
vt 0.718086 0.504162
vt 0.814819 0.791706
vt 0.767975 0.794265
vt 0.779073 0.793480
vt 0.778610 0.780370
vt 0.436858 0.117608
vt 0.323132 0.144682
vt 0.323132 0.082967
vt 0.322027 0.084231
vt 0.122401 0.116843
vt 0.123524 0.117764
vt 0.123524 0.057058
vt 0.691938 0.255073
vt 0.691938 0.191822
vt 0.690538 0.192367
vt 0.692060 0.182209
vt 0.692024 0.134268
vt 0.690528 0.133419
vt 0.690685 0.132063
vt 0.692060 0.132669
vt 0.818716 0.851423
vt 0.176671 0.190474
vt 0.187434 0.168417
vt 0.167759 0.165041
vt 0.166159 0.185432
vt 0.074393 0.361721
vt 0.148453 0.145317
vt 0.151193 0.177385
vt 0.133882 0.148707
vt 0.137439 0.180558
vt 0.280568 0.621196
vt 0.279058 0.593761
vt 0.247595 0.194910
vt 0.270476 0.199583
vt 0.275502 0.573399
vt 0.285044 0.552405
vt 0.187896 0.501688
vt 0.169674 0.503588
vt 0.190149 0.529996
vt 0.148354 0.509511
vt 0.126605 0.507583
vt 0.279805 0.488928
vt 0.257301 0.504732
vt 0.115660 0.526327
vt 0.095047 0.267830
vt 0.089701 0.279035
vt 0.118769 0.286028
vt 0.099312 0.541187
vt 0.077281 0.553710
vt 0.101070 0.571986
vt 0.072918 0.406057
vt 0.080274 0.426272
vt 0.106667 0.412850
vt 0.067890 0.571555
vt 0.600092 0.089212
vt 0.622047 0.108697
vt 0.622047 0.077177
vt 0.598905 0.070562
vt 0.715730 0.055740
vt 0.701152 0.050263
vt 0.695627 0.076317
vt 0.711759 0.075314
vt 0.882360 0.459719
vt 0.882938 0.479879
vt 0.899018 0.483336
vt 0.904717 0.459719
vt 0.691923 0.740087
vt 0.678082 0.741182
vt 0.679702 0.766803
vt 0.695347 0.764583
vt 0.152720 0.107748
vt 0.142189 0.119266
vt 0.172083 0.136451
vt 0.179420 0.122420
vt 0.033396 0.389077
vt 0.050013 0.388333
vt 0.049492 0.363112
vt 0.027598 0.362318
vt 0.673342 0.707790
vt 0.695347 0.707181
vt 0.291857 0.204716
vt 0.290231 0.226978
vt 0.307517 0.225338
vt 0.307421 0.203711
vt 0.300240 0.631554
vt 0.296244 0.653756
vt 0.317593 0.651784
vt 0.318328 0.631389
vt 0.304168 0.176092
vt 0.288474 0.178575
vt 0.297828 0.600002
vt 0.317918 0.600075
vt 0.288307 0.150259
vt 0.307517 0.149985
vt 0.312765 0.572969
vt 0.300874 0.573450
vt 0.300864 0.122652
vt 0.284854 0.122197
vt 0.878266 0.693619
vt 0.880505 0.719124
vt 0.893012 0.720290
vt 0.899061 0.693619
vt 0.903034 0.693323
vt 0.904537 0.720216
vt 0.920818 0.717224
vt 0.923350 0.693323
vt 0.751070 0.108062
vt 0.744501 0.091640
vt 0.720415 0.092980
vt 0.729848 0.109454
vt 0.523125 0.090032
vt 0.511365 0.088816
vt 0.510882 0.107570
vt 0.531094 0.108660
vt 0.313392 0.506635
vt 0.298231 0.506997
vt 0.299447 0.531568
vt 0.318328 0.530564
vt 0.513217 0.057600
vt 0.531094 0.057187
vt 0.298627 0.474172
vt 0.317418 0.473927
vt 0.978670 0.816127
vt 0.957862 0.816586
vt 0.959993 0.835645
vt 0.977822 0.836628
vt 0.295918 0.456309
vt 0.312831 0.456097
vt 0.973738 0.789625
vt 0.957601 0.790850
vt 0.037974 0.415518
vt 0.053282 0.414833
vt 0.058797 0.284947
vt 0.066129 0.265803
vt 0.050330 0.266273
vt 0.045571 0.285108
vt 0.960068 0.763169
vt 0.974027 0.763284
vt 0.058410 0.437943
vt 0.040635 0.439554
vt 0.046421 0.316471
vt 0.061407 0.316614
vt 0.957366 0.737986
vt 0.978670 0.737077
vt 0.696564 0.107437
vt 0.715730 0.107909
vt 0.044326 0.341578
vt 0.059387 0.340982
vt 0.850518 0.484233
vt 0.834873 0.481698
vt 0.829550 0.511781
vt 0.850518 0.514650
vt 0.210134 0.785714
vt 0.119994 0.835517
vt 0.086412 0.816138
vt 0.113514 0.819279
vt 0.235579 0.809226
vt 0.261893 0.801631
vt 0.128258 0.766300
vt 0.107058 0.768174
vt 0.142540 0.784681
vt 0.151344 0.778968
vt 0.140869 0.758127
vt 0.158403 0.766114
vt 0.150823 0.739823
vt 0.205693 0.881413
vt 0.168161 0.736630
vt 0.170481 0.763881
vt 0.239025 0.950407
vt 0.085971 0.932549
vt 0.107904 0.948803
vt 0.118761 0.929181
vt 0.191134 0.689933
vt 0.164058 0.685828
vt 0.165965 0.709270
vt 0.188897 0.709651
vt 0.260684 0.936976
vt 0.139198 0.691648
vt 0.143373 0.713417
vt 0.264397 0.904317
vt 0.251998 0.891260
vt 0.125562 0.722165
vt 0.130276 0.737390
vt 0.280874 0.883471
vt 0.263135 0.875096
vt 0.100681 0.733269
vt 0.113882 0.748004
vt 0.307879 0.869057
vt 0.286959 0.862415
vt 0.072359 0.738517
vt 0.086270 0.750416
vt 0.290793 0.842277
vt 0.274998 0.837906
vt 0.294796 0.815373
vt 0.275321 0.818261
vt 0.307879 0.786222
vt 0.288062 0.794163
vt 0.038007 0.812807
vt 0.059251 0.813049
vt 0.300623 0.763698
vt 0.279646 0.772712
vt 0.037952 0.835472
vt 0.131439 0.962175
vt 0.060849 0.858175
vt 0.160739 0.943906
vt 0.072113 0.882263
vt 0.242923 0.702139
vt 0.067267 0.914973
vt 0.217508 0.695145
vt 0.816014 0.489264
vt 0.815205 0.472800
vt 0.863916 0.292747
vt 0.881376 0.296347
vt 0.881376 0.271257
vt 0.858051 0.266662
vt 0.057449 0.537759
vt 0.044543 0.559481
vt 0.072748 0.516064
vt 0.093280 0.497274
vt 0.274825 0.472209
vt 0.114540 0.484853
vt 0.141445 0.491434
vt 0.165936 0.483725
vt 0.733560 0.071537
vt 0.751070 0.074133
vt 0.190149 0.464590
vt 0.907284 0.292596
vt 0.907284 0.264975
vt 0.888519 0.273918
vt 0.885433 0.296372
vt 0.030915 0.635449
vt 0.037641 0.654422
vt 0.894306 0.099591
vt 0.894307 0.074530
vt 0.874900 0.074530
vt 0.881904 0.095522
vt 0.052087 0.608035
vt 0.659406 0.767579
vt 0.656266 0.749137
vt 0.187434 0.141975
vt 0.155130 0.342391
vt 0.147934 0.606963
vt 0.159407 0.390552
vt 0.115164 0.423050
vt 0.164760 0.398568
vt 0.147769 0.240188
vt 0.161523 0.243847
vt 0.142383 0.236312
vt 0.205909 0.188776
vt 0.204109 0.177074
vt 0.209495 0.599156
vt 0.277539 0.637114
vt 0.213290 0.542196
vt 0.211648 0.530822
vt 0.164760 0.320608
vt 0.370073 0.885834
vt 0.353066 0.895412
vt 0.581365 0.769728
vt 0.363563 0.749123
vt 0.537576 0.916110
vt 0.540051 0.919919
vt 0.518265 0.928009
vt 0.444638 0.878293
vt 0.436261 0.869680
vt 0.399950 0.898951
vt 0.427972 0.907606
vt 0.492786 0.880471
vt 0.507808 0.906763
vt 0.590657 0.871103
vt 0.575580 0.845511
vt 0.519238 0.827739
vt 0.551491 0.823009
vt 0.359385 0.844720
vt 0.518809 0.817355
vt 0.547858 0.806642
vt 0.386154 0.857828
vt 0.416278 0.847983
vt 0.507330 0.801061
vt 0.392910 0.873010
vt 0.423022 0.854099
vt 0.738882 0.922323
vt 0.741873 0.899203
vt 0.723800 0.898959
vt 0.720242 0.922454
vt 0.299765 0.369612
vt 0.319742 0.370260
vt 0.730819 0.871294
vt 0.712410 0.871280
vt 0.727423 0.849120
vt 0.711935 0.847061
vt 0.319742 0.290107
vt 0.299154 0.290409
vt 0.741873 0.821123
vt 0.722504 0.821865
vt 0.317365 0.269624
vt 0.300071 0.270203
vt 0.734770 0.801728
vt 0.719038 0.801601
vt 0.319517 0.248044
vt 0.297922 0.249594
vt 0.733811 0.784292
vt 0.716733 0.786115
vt 0.912021 0.272221
vt 0.933538 0.274143
vt 0.584922 0.484597
vt 0.568508 0.485320
vt 0.576758 0.514498
vt 0.592051 0.513259
vt 0.580955 0.539494
vt 0.589959 0.534320
vt 0.913223 0.335602
vt 0.933538 0.335687
vt 0.874472 0.696393
vt 0.852579 0.694036
vt 0.854686 0.715732
vt 0.874472 0.720284
vt 0.923838 0.483526
vt 0.923838 0.459043
vt 0.908647 0.463576
vt 0.912121 0.483137
vt 0.870995 0.069021
vt 0.851030 0.069021
vt 0.854780 0.095864
vt 0.870108 0.099276
vt 0.580678 0.618685
vt 0.590760 0.638930
vt 0.606379 0.637097
vt 0.577216 0.552182
vt 0.562568 0.554991
vt 0.564902 0.577072
vt 0.578990 0.574739
vt 0.930054 0.424180
vt 0.939271 0.448622
vt 0.588795 0.674165
vt 0.603596 0.667229
vt 0.563709 0.603156
vt 0.950499 0.391235
vt 0.931767 0.396116
vt 0.735002 0.967894
vt 0.737196 0.946163
vt 0.717580 0.946860
vt 0.713889 0.968741
vt 0.945944 0.369766
vt 0.926730 0.375102
vt 0.317430 0.392248
vt 0.299863 0.392071
vt 0.940755 0.348897
vt 0.919326 0.352924
vt 0.609212 0.552858
vt 0.687730 0.156672
vt 0.668441 0.169196
vt 0.458360 0.167400
vt 0.452809 0.200752
vt 0.468452 0.204296
vt 0.687839 0.950287
vt 0.687363 0.926451
vt 0.482518 0.219511
vt 0.396878 0.079765
vt 0.382629 0.084090
vt 0.385195 0.115991
vt 0.398596 0.113153
vt 0.646060 0.273610
vt 0.609369 0.275893
vt 0.245997 0.370153
vt 0.279959 0.380349
vt 0.368968 0.080440
vt 0.367840 0.111887
vt 0.245507 0.327405
vt 0.637079 0.472595
vt 0.586028 0.379663
vt 0.601588 0.368138
vt 0.812341 0.086053
vt 0.828307 0.098196
vt 0.828307 0.060093
vt 0.819435 0.051153
vt 0.606186 0.536819
vt 0.648507 0.386632
vt 0.637264 0.356027
vt 0.631849 0.403557
vt 0.611673 0.419709
vt 0.589653 0.432077
vt 0.591167 0.469375
vt 0.567243 0.438876
vt 0.697500 0.819573
vt 0.694583 0.834272
vt 0.544584 0.443268
vt 0.521589 0.421742
vt 0.689732 0.908748
vt 0.564295 0.072338
vt 0.535879 0.080781
vt 0.681624 0.295723
vt 0.680692 0.271814
vt 0.398596 0.033437
vt 0.378632 0.039572
vt 0.466599 0.249764
vt 0.487401 0.252461
vt 0.679243 0.316465
vt 0.451711 0.244338
vt 0.652530 0.333448
vt 0.684385 0.137275
vt 0.669874 0.132480
vt 0.923275 0.449962
vt 0.913722 0.430493
vt 0.667755 0.898751
vt 0.619444 0.891461
vt 0.562333 0.271814
vt 0.208294 0.348101
vt 0.205427 0.356693
vt 0.208257 0.325912
vt 0.624719 0.863669
vt 0.657728 0.205281
vt 0.672228 0.252326
vt 0.541248 0.622735
vt 0.499112 0.630782
vt 0.399179 0.476067
vt 0.473972 0.474281
vt 0.461166 0.469809
vt 0.451412 0.673497
vt 0.434652 0.659157
vt 0.433342 0.675973
vt 0.540374 0.520462
vt 0.528476 0.559951
vt 0.541319 0.537879
vt 0.411523 0.580583
vt 0.413700 0.590617
vt 0.469605 0.605245
vt 0.481946 0.589780
vt 0.816869 0.345982
vt 0.798176 0.427931
vt 0.815932 0.431029
vt 0.816869 0.408611
vt 0.446734 0.070060
vt 0.446734 0.049207
vt 0.433878 0.049526
vt 0.433374 0.073379
vt 0.813618 0.333780
vt 0.804202 0.332485
vt 0.845558 0.060411
vt 0.832617 0.062104
vt 0.834017 0.080442
vt 0.847458 0.079196
vt 0.584608 0.107792
vt 0.594853 0.108813
vt 0.594221 0.084393
vt 0.582321 0.083785
vt 0.831441 0.098878
vt 0.847458 0.097910
vt 0.594853 0.068898
vt 0.584073 0.069600
vt 0.631589 0.722009
vt 0.634649 0.702171
vt 0.634682 0.765344
vt 0.650487 0.765529
vt 0.648995 0.748541
vt 0.635525 0.749188
vt 0.795570 0.312015
vt 0.807695 0.284972
vt 0.493385 0.177523
vt 0.491827 0.205458
vt 0.506560 0.203659
vt 0.506560 0.175168
vt 0.106956 0.243057
vt 0.125658 0.245657
vt 0.121966 0.227546
vt 0.107891 0.228279
vt 0.430436 0.250924
vt 0.439139 0.236615
vt 0.421459 0.232095
vt 0.416054 0.247827
vt 0.122214 0.210505
vt 0.109057 0.211006
vt 0.442459 0.216656
vt 0.422919 0.212343
vt 0.117697 0.192544
vt 0.103124 0.193108
vt 0.442034 0.200047
vt 0.424047 0.194162
vt 0.114491 0.175155
vt 0.105055 0.175232
vt 0.304417 0.084482
vt 0.278537 0.074240
vt 0.123427 0.148788
vt 0.108920 0.149592
vt 0.431410 0.187769
vt 0.429475 0.171048
vt 0.125658 0.128788
vt 0.106499 0.129893
vt 0.442459 0.145145
vt 0.427605 0.143129
vt 0.721958 0.703340
vt 0.703026 0.700315
vt 0.705586 0.715363
vt 0.717538 0.721386
vt 0.441970 0.130369
vt 0.429899 0.129410
vt 0.803998 0.444717
vt 0.793215 0.441204
vt 0.340534 0.204643
vt 0.377233 0.180402
vt 0.340058 0.192303
vt 0.706354 0.209791
vt 0.701687 0.218053
vt 0.376954 0.166984
vt 0.337194 0.181375
vt 0.749078 0.214859
vt 0.750458 0.354286
vt 0.709956 0.359547
vt 0.752942 0.345080
vt 0.334358 0.225383
vt 0.371760 0.238957
vt 0.755930 0.096338
vt 0.764562 0.056950
vt 0.845596 0.766688
vt 0.849054 0.733717
vt 0.839334 0.733717
vt 0.839842 0.768282
vt 0.954015 0.141138
vt 0.947398 0.142648
vt 0.924216 0.068096
vt 0.905684 0.072701
vt 0.913487 0.092107
vt 0.274590 0.112799
vt 0.304417 0.111386
vt 0.941234 0.054766
vt 0.397043 0.226315
vt 0.958274 0.077920
vt 0.958274 0.051309
vt 0.954476 0.107915
vt 0.757252 0.767386
vt 0.773533 0.767677
vt 0.773533 0.744302
vt 0.754560 0.741382
vt 0.769450 0.716597
vt 0.758356 0.719336
vt 0.784962 0.270927
vt 0.761282 0.290003
vt 0.751852 0.148518
vt 0.779927 0.120943
vt 0.756917 0.127374
vt 0.740069 0.138386
vt 0.731810 0.162230
vt 0.722172 0.153003
vt 0.738065 0.748664
vt 0.744572 0.744122
vt 0.393621 0.251531
vt 0.399328 0.238503
vt 0.770613 0.145203
vt 0.795272 0.130039
vt 0.264993 0.030110
vt 0.248187 0.045243
vt 0.620656 0.703005
vt 0.612125 0.712671
vt 0.733982 0.125986
vt 0.717143 0.142893
vt 0.791066 0.324781
vt 0.777962 0.327086
vt 0.803924 0.145322
vt 0.777569 0.157850
vt 0.569177 0.088282
vt 0.570787 0.077818
vt 0.780986 0.338598
vt 0.803151 0.166528
vt 0.776466 0.174618
vt 0.787219 0.189835
vt 0.406307 0.143706
vt 0.406835 0.158505
vt 0.378172 0.161756
vt 0.803924 0.249206
vt 0.087654 0.146918
vt 0.438060 0.283801
vt 0.454126 0.287525
vt 0.470625 0.295882
vt 0.348382 0.377530
vt 0.336415 0.397700
vt 0.490948 0.294971
vt 0.498069 0.307919
vt 0.346218 0.294270
vt 0.370353 0.294043
vt 0.411601 0.285406
vt 0.412620 0.270815
vt 0.426318 0.272175
vt 0.413941 0.322468
vt 0.396858 0.328433
vt 0.397183 0.375117
vt 0.189286 0.275799
vt 0.189286 0.258866
vt 0.176833 0.260563
vt 0.177337 0.269086
vt 0.822241 0.637370
vt 0.827604 0.629705
vt 0.858678 0.851483
vt 0.856809 0.867291
vt 0.153819 0.070785
vt 0.170075 0.070785
vt 0.867988 0.670561
vt 0.875148 0.658467
vt 0.876120 0.678194
vt 0.887148 0.661193
vt 0.825176 0.226726
vt 0.826450 0.245508
vt 0.850775 0.232426
vt 0.848932 0.214965
vt 0.322205 0.152827
vt 0.316543 0.154098
vt 0.362043 0.049130
vt 0.362043 0.031932
vt 0.343637 0.047666
vt 0.345155 0.052944
vt 0.873022 0.231668
vt 0.867391 0.216448
vt 0.728673 0.467945
vt 0.744899 0.476766
vt 0.744899 0.459732
vt 0.730700 0.462986
vt 0.328065 0.046885
vt 0.328479 0.069061
vt 0.150628 0.097123
vt 0.150628 0.074953
vt 0.134577 0.082178
vt 0.131883 0.097469
vt 0.725336 0.476303
vt 0.725336 0.459185
vt 0.710629 0.460511
vt 0.709200 0.476924
vt 0.880425 0.248327
vt 0.895824 0.247484
vt 0.023333 0.102894
vt 0.031404 0.116586
vt 0.044430 0.108311
vt 0.039751 0.099181
vt 0.923088 0.155513
vt 0.924268 0.170625
vt 0.059838 0.108573
vt 0.053885 0.096098
vt 0.907338 0.159933
vt 0.906347 0.172357
vt 0.191684 0.354185
vt 0.176826 0.354185
vt 0.067771 0.106836
vt 0.067761 0.093886
vt 0.937665 0.855736
vt 0.937711 0.869804
vt 0.805989 0.764165
vt 0.819852 0.768509
vt 0.835468 0.766492
vt 0.835468 0.748329
vt 0.963694 0.250412
vt 0.818988 0.560217
vt 0.856622 0.584680
vt 0.916032 0.753273
vt 0.946914 0.753812
vt 0.916046 0.765236
vt 0.946204 0.761570
vt 0.885167 0.167064
vt 0.895824 0.161630
vt 0.862941 0.820990
vt 0.871702 0.834429
vt 0.895760 0.815630
vt 0.889406 0.806633
vt 0.923038 0.799758
vt 0.863739 0.801824
vt 0.351571 0.084653
vt 0.334223 0.077179
vt 0.339598 0.110751
vt 0.331572 0.113737
vt 0.817099 0.224111
vt 0.829122 0.196706
vt 0.881375 0.754653
vt 0.856555 0.753862
vt 0.876443 0.629310
vt 0.874016 0.598370
vt 0.884067 0.745411
vt 0.856783 0.738418
vt 0.870224 0.728635
vt 0.888612 0.736091
vt 0.869066 0.885313
vt 0.874753 0.918530
vt 0.838371 0.610920
vt 0.823852 0.606121
vt 0.817487 0.623945
vt 0.904060 0.885763
vt 0.646599 0.108807
vt 0.646599 0.068369
vt 0.633088 0.072350
vt 0.626265 0.099965
vt 0.878744 0.461558
vt 0.855901 0.469307
vt 0.918542 0.890563
vt 0.929194 0.894848
vt 0.055886 0.072213
vt 0.067771 0.071723
vt 0.057501 0.042186
vt 0.062612 0.040149
vt 0.482384 0.092876
vt 0.485915 0.072866
vt 0.451602 0.072866
vt 0.457873 0.094820
vt 0.843537 0.262691
vt 0.826502 0.274367
vt 0.838433 0.294897
vt 0.844076 0.296234
vt 0.922971 0.198141
vt 0.943487 0.223715
vt 0.186241 0.094828
vt 0.186241 0.067730
vt 0.175874 0.075579
vt 0.173463 0.096994
vt 0.664766 0.114730
vt 0.677464 0.117163
vt 0.478264 0.111225
vt 0.459441 0.105938
vt 0.853793 0.294948
vt 0.853793 0.264076
vt 0.958841 0.379388
vt 0.966690 0.354877
vt 0.658275 0.051181
vt 0.665991 0.033355
vt 0.892379 0.135891
vt 0.888258 0.110834
vt 0.574912 0.125169
vt 0.614705 0.128607
vt 0.550574 0.220320
vt 0.545012 0.228792
vt 0.539965 0.204430
vt 0.541290 0.214175
vt 0.536325 0.190614
vt 0.527218 0.188153
vt 0.562566 0.178401
vt 0.546246 0.203963
vt 0.566920 0.195995
vt 0.575634 0.204656
vt 0.116880 0.115568
vt 0.119339 0.106032
vt 0.106126 0.105522
vt 0.107394 0.114168
vt 0.118036 0.092891
vt 0.107389 0.092412
vt 0.714711 0.518171
vt 0.721715 0.529783
vt 0.926783 0.697280
vt 0.117387 0.078417
vt 0.108370 0.080036
vt 0.749685 0.709816
vt 0.749685 0.696024
vt 0.737839 0.702051
vt 0.736261 0.710851
vt 0.742341 0.495668
vt 0.747578 0.508620
vt 0.119339 0.066030
vt 0.106095 0.066889
vt 0.963957 0.577758
vt 0.961796 0.568278
vt 0.954149 0.570979
vt 0.954393 0.579533
vt 0.939888 0.566263
vt 0.939761 0.579735
vt 0.934186 0.501870
vt 0.931893 0.515508
vt 0.802524 0.789958
vt 0.817337 0.826166
vt 0.791727 0.784780
vt 0.947356 0.316874
vt 0.941593 0.313325
vt 0.754466 0.779483
vt 0.754840 0.796936
vt 0.806448 0.501917
vt 0.800280 0.486654
vt 0.813987 0.847682
vt 0.934186 0.577106
vt 0.932341 0.553205
vt 0.873694 0.365039
vt 0.860138 0.363760
vt 0.796242 0.616420
vt 0.877081 0.336838
vt 0.897097 0.400832
vt 0.900768 0.542673
vt 0.804477 0.536066
vt 0.793928 0.563509
vt 0.767058 0.540416
vt 0.844144 0.339854
vt 0.835879 0.346911
vt 0.855560 0.367444
vt 0.831000 0.353814
vt 0.856429 0.380698
vt 0.926396 0.541099
vt 0.077575 0.071472
vt 0.080815 0.054813
vt 0.075246 0.081099
vt 0.719770 0.534937
vt 0.078798 0.091144
vt 0.757807 0.513131
vt 0.829324 0.315854
vt 0.874511 0.313229
vt 0.887735 0.314788
vt 0.769079 0.823141
vt 0.904401 0.312778
vt 0.939573 0.530513
vt 0.943505 0.555400
vt 0.954959 0.556077
vt 0.950915 0.530485
vt 0.216310 0.063437
vt 0.222274 0.039320
vt 0.211471 0.039349
vt 0.205386 0.063956
vt 0.797286 0.718406
vt 0.801348 0.698918
vt 0.789909 0.699942
vt 0.785965 0.718870
vt 0.962777 0.556189
vt 0.958711 0.530456
vt 0.422797 0.069065
vt 0.429521 0.041717
vt 0.421078 0.041282
vt 0.414353 0.068630
vt 0.777941 0.735530
vt 0.782116 0.763140
vt 0.790026 0.765826
vt 0.785851 0.738217
vt 0.196248 0.083753
vt 0.202445 0.109145
vt 0.211350 0.110202
vt 0.205152 0.084810
vt 0.403371 0.090114
vt 0.410240 0.115276
vt 0.421277 0.114506
vt 0.414536 0.089814
vt 0.409912 0.041581
vt 0.403188 0.068929
vt 0.196481 0.062900
vt 0.778055 0.716183
vt 0.422980 0.090249
vt 0.954981 0.482242
vt 0.950862 0.509214
vt 0.958658 0.509184
vt 0.962777 0.482213
vt 0.801348 0.765363
vt 0.797173 0.737754
vt 0.222274 0.109683
vt 0.216077 0.084291
vt 0.943639 0.482269
vt 0.939520 0.509241
vt 0.429521 0.114211
vt 0.202754 0.037532
vt 0.781976 0.697367
vt 0.162611 0.824367
vt 0.168013 0.814463
vt 0.177800 0.811637
vt 0.187942 0.817050
vt 0.190926 0.826692
vt 0.165595 0.834010
vt 0.175737 0.839423
vt 0.185524 0.836596
s 0
usemtl 8_tree
f 1/1/1 2/2/1 3/3/1
f 4/4/2 5/5/2 6/6/2
f 7/7/3 8/8/3 9/9/3
f 10/10/4 11/7/4 12/11/4
f 13/12/5 14/13/5 15/14/5
f 16/15/6 17/16/6 18/17/6
f 19/18/7 20/15/7 21/19/7
f 22/20/8 23/21/8 24/22/8
f 25/23/9 26/24/9 27/25/9
f 28/26/10 29/27/10 30/28/10
f 31/29/11 32/30/11 33/31/11
f 34/32/12 35/33/12 36/34/12
f 37/35/13 38/36/13 39/37/13
f 40/37/14 41/36/14 42/38/14
f 43/39/15 44/40/15 45/41/15
f 46/42/16 47/43/16 48/44/16
f 49/45/17 50/46/17 51/47/17
f 52/48/18 53/49/18 54/50/18
f 55/51/19 56/52/19 57/53/19
f 58/27/20 59/54/20 60/55/20
f 61/24/21 62/49/21 63/48/21
f 64/28/22 65/27/22 66/56/22
f 67/25/23 68/24/23 69/57/23
f 70/58/24 71/59/24 72/60/24
f 73/25/25 74/57/25 75/61/25
f 76/16/26 77/62/26 78/63/26
f 79/64/27 80/65/27 81/66/27
f 82/67/28 83/65/28 84/64/28
f 85/68/29 86/69/29 87/70/29
f 88/71/30 89/72/30 90/18/30
f 91/2/31 92/73/31 93/74/31
f 94/75/32 95/76/32 96/77/32
f 97/78/33 98/1/33 99/5/33
f 100/79/34 101/80/34 102/81/34
f 103/82/35 104/83/35 105/84/35
f 106/85/36 107/86/36 108/87/36
f 109/88/37 110/10/37 111/89/37
f 112/90/38 113/91/38 114/92/38
f 115/93/39 116/94/39 117/95/39
f 118/96/40 119/97/40 120/98/40
f 121/99/41 122/100/41 123/101/41
f 124/102/42 125/103/42 126/104/42
f 127/105/43 128/106/43 129/107/43
f 130/108/44 131/109/44 132/110/44
f 133/111/45 134/93/45 135/112/45
f 136/113/46 137/114/46 138/115/46
f 139/116/47 140/117/47 141/118/47
f 142/119/48 143/118/48 144/120/48
f 145/121/49 146/122/49 147/123/49
f 148/120/50 149/122/50 150/124/50
f 151/125/51 152/126/51 153/127/51
f 154/107/52 155/128/52 156/129/52
f 157/130/53 158/131/53 159/132/53
f 160/133/54 161/134/54 162/135/54
f 163/136/55 164/137/55 165/138/55
f 166/139/56 167/140/56 168/141/56
f 169/142/57 170/143/57 171/144/57
f 172/140/58 173/145/58 174/146/58
f 175/147/59 176/148/59 177/149/59
f 178/150/60 179/151/60 180/152/60
f 181/153/61 182/154/61 183/155/61
f 184/156/62 185/153/62 186/157/62
f 187/158/63 188/159/63 189/160/63
f 190/161/64 191/162/64 192/163/64
f 193/164/65 194/165/65 195/166/65
f 196/167/66 197/168/66 198/169/66
f 199/143/67 200/170/67 201/171/67
f 202/172/68 203/140/68 204/173/68
f 205/174/69 206/175/69 207/176/69
f 208/177/70 209/178/70 210/179/70
f 211/180/71 212/154/71 213/153/71
f 214/181/72 215/182/72 216/161/72
f 217/183/73 218/158/73 219/164/73
f 220/167/74 221/184/74 222/161/74
f 223/185/75 224/186/75 225/164/75
f 226/187/76 227/167/76 228/188/76
f 229/189/77 230/190/77 231/170/77
f 232/191/78 233/145/78 234/139/78
f 235/145/79 236/192/79 237/193/79
f 238/194/80 239/143/80 240/142/80
f 241/195/81 242/196/81 243/197/81
s 1
f 244/147/82 245/194/82 246/142/82
s 0
f 247/198/83 248/199/83 249/200/83
f 250/201/84 251/202/84 252/203/84
f 253/204/85 254/205/85 255/206/85
f 256/207/86 257/208/86 258/209/86
f 259/210/87 260/211/87 261/212/87
f 262/213/88 263/214/88 264/215/88
s 1
f 265/216/89 266/217/89 267/218/89
s 0
f 268/219/90 269/220/90 270/221/90
s 1
f 271/218/91 272/222/91 273/223/91
s 0
f 274/224/92 275/225/92 276/226/92
f 277/227/93 278/213/93 279/224/93
f 280/228/94 281/229/94 282/230/94
f 283/231/95 284/232/95 285/233/95
s 1
f 286/234/96 287/235/96 288/228/96
s 0
f 289/236/97 290/232/97 291/230/97
f 292/235/98 293/237/98 294/229/98
f 295/238/99 296/239/99 297/240/99
f 298/241/100 299/242/100 300/243/100
f 301/244/101 302/241/101 303/243/101
f 304/245/102 305/241/102 306/244/102
f 307/246/103 308/247/103 309/248/103
f 310/249/104 311/245/104 312/250/104
f 313/251/105 314/252/105 315/253/105
f 316/254/106 317/249/106 318/250/106
f 319/255/107 320/256/107 321/257/107
f 322/258/108 323/259/108 324/260/108
f 325/261/109 326/262/109 327/263/109
f 328/264/110 329/265/110 330/266/110
f 331/267/111 332/260/111 333/268/111
f 334/269/112 335/270/112 336/271/112
f 337/272/113 338/273/113 339/274/113
f 340/275/114 341/276/114 342/277/114
f 343/278/115 344/279/115 345/280/115
f 346/281/116 347/282/116 348/283/116
f 349/284/117 350/285/117 351/286/117
f 352/287/118 353/288/118 354/289/118
f 355/290/119 356/247/119 357/291/119
f 358/244/120 359/243/120 360/292/120
f 361/291/121 362/293/121 363/294/121
f 364/295/122 365/296/122 366/297/122
f 367/298/123 368/299/123 369/300/123
s 1
f 370/301/124 371/302/124 372/303/124
s 0
f 373/304/125 374/305/125 375/306/125
f 376/307/126 377/308/126 378/309/126
f 379/310/127 380/311/127 381/312/127
f 382/313/128 383/314/128 384/315/128
f 385/316/129 386/317/129 387/318/129
f 388/319/130 389/320/130 390/321/130
f 391/322/131 392/321/131 393/323/131
f 394/324/132 395/325/132 396/326/132
f 397/327/133 398/328/133 399/323/133
f 400/309/134 401/328/134 402/327/134
f 403/329/135 404/330/135 405/331/135
f 406/323/136 407/321/136 408/329/136
f 409/321/137 410/332/137 411/330/137
f 412/333/138 413/334/138 414/313/138
f 415/335/139 416/336/139 417/337/139
f 418/315/140 419/338/140 420/339/140
f 421/340/141 422/339/141 423/341/141
f 424/309/142 425/342/142 426/343/142
f 427/344/143 428/345/143 429/346/143
f 430/347/144 431/348/144 432/349/144
f 433/350/145 434/351/145 435/352/145
f 436/353/146 437/354/146 438/355/146
f 439/356/147 440/357/147 441/358/147
f 442/359/148 443/360/148 444/361/148
f 445/354/149 446/353/149 447/362/149
f 448/356/150 449/358/150 450/363/150
f 451/364/151 452/365/151 453/366/151
f 454/367/152 455/368/152 456/363/152
f 457/369/153 458/370/153 459/371/153
f 460/372/154 461/373/154 462/374/154
f 463/375/155 464/376/155 465/377/155
f 466/378/156 467/379/156 468/380/156
f 469/381/157 470/382/157 471/355/157
f 472/383/158 473/384/158 474/385/158
f 475/386/159 476/387/159 477/388/159
f 478/385/160 479/389/160 480/390/160
f 481/389/161 482/391/161 483/392/161
f 484/389/162 485/384/162 486/391/162
f 487/393/163 488/379/163 489/394/163
f 490/377/164 491/395/164 492/396/164
f 493/397/165 494/394/165 495/398/165
f 496/399/166 497/400/166 498/401/166
f 499/367/167 500/402/167 501/403/167
f 502/404/168 503/405/168 504/406/168
f 505/407/169 506/408/169 507/409/169
f 508/410/170 509/385/170 510/411/170
f 511/412/171 512/413/171 513/414/171
f 514/415/172 515/416/172 516/364/172
f 517/417/173 518/418/173 519/368/173
f 520/419/174 521/416/174 522/415/174
s 1
f 523/420/175 524/421/175 525/422/175
s 0
f 526/423/176 527/424/176 528/372/176
f 529/425/177 530/426/177 531/427/177
f 532/428/178 533/376/178 534/429/178
f 535/430/179 536/431/179 537/429/179
f 538/354/180 539/432/180 540/381/180
f 541/433/181 542/434/181 543/359/181
f 544/356/182 545/435/182 546/436/182
f 547/364/183 548/437/183 549/359/183
f 550/438/184 551/356/184 552/368/184
f 553/439/185 554/440/185 555/441/185
f 556/442/186 557/439/186 558/443/186
f 559/444/187 560/445/187 561/446/187
f 562/447/188 563/445/188 564/444/188
f 565/448/189 566/447/189 567/449/189
f 568/448/190 569/449/190 570/450/190
f 571/451/191 572/448/191 573/450/191
f 574/452/192 575/453/192 576/454/192
f 577/455/193 578/456/193 579/457/193
f 580/454/194 581/458/194 582/459/194
f 583/460/195 584/461/195 585/462/195
f 586/461/196 587/463/196 588/464/196
f 589/452/197 590/454/197 591/461/197
f 592/465/198 593/466/198 594/467/198
f 595/468/199 596/469/199 597/470/199
f 598/471/200 599/472/200 600/466/200
f 601/473/201 602/474/201 603/475/201
f 604/476/202 605/477/202 606/478/202
f 607/479/203 608/477/203 609/476/203
f 610/480/204 611/476/204 612/481/204
f 613/482/205 614/483/205 615/484/205
f 616/485/206 617/484/206 618/486/206
f 619/487/207 620/488/207 621/489/207
f 622/490/208 623/491/208 624/456/208
f 625/492/209 626/493/209 627/494/209
f 628/495/210 629/496/210 630/497/210
f 631/498/211 632/499/211 633/500/211
f 634/501/212 635/498/212 636/502/212
f 637/503/213 638/504/213 639/505/213
f 640/506/214 641/507/214 642/508/214
f 643/509/215 644/510/215 645/511/215
f 646/512/216 647/513/216 648/514/216
f 649/515/217 650/516/217 651/517/217
f 652/518/218 653/513/218 654/512/218
f 655/519/219 656/520/219 657/521/219
f 658/522/220 659/507/220 660/523/220
f 661/524/221 662/525/221 663/526/221
f 664/527/222 665/528/222 666/529/222
f 667/530/223 668/531/223 669/532/223
f 670/533/224 671/534/224 672/535/224
f 673/508/225 674/507/225 675/522/225
f 676/514/226 677/531/226 678/530/226
f 679/536/227 680/508/227 681/537/227
f 682/535/228 683/538/228 684/539/228
f 685/540/229 686/541/229 687/542/229
f 688/543/230 689/544/230 690/545/230
f 691/546/231 692/526/231 693/547/231
f 694/547/232 695/526/232 696/548/232
f 697/524/233 698/546/233 699/549/233
f 700/550/234 701/551/234 702/552/234
f 703/512/235 704/553/235 705/554/235
f 706/555/236 707/556/236 708/557/236
f 709/514/237 710/558/237 711/553/237
f 712/558/238 713/559/238 714/560/238
f 715/553/239 716/561/239 717/562/239
f 718/563/240 719/564/240 720/565/240
f 721/566/241 722/567/241 723/568/241
f 724/552/242 725/551/242 726/569/242
f 727/570/243 728/549/243 729/571/243
f 730/572/244 731/549/244 732/570/244
f 733/546/245 734/573/245 735/571/245
f 736/574/246 737/575/246 738/576/246
f 739/540/247 740/542/247 741/577/247
f 742/498/248 743/578/248 744/499/248
f 745/579/249 746/580/249 747/581/249
f 748/582/250 749/571/250 750/583/250
f 751/584/251 752/585/251 753/586/251
f 754/487/252 755/587/252 756/488/252
f 757/560/253 758/559/253 759/588/253
f 760/589/254 761/590/254 762/20/254
f 763/25/255 764/591/255 765/23/255
f 766/54/256 767/592/256 768/591/256
f 769/34/257 770/33/257 771/46/257
f 772/593/258 773/29/258 774/51/258
f 775/22/259 776/593/259 777/51/259
f 778/594/260 779/20/260 780/22/260
f 781/58/261 782/56/261 783/59/261
f 784/80/262 785/86/262 786/85/262
f 787/595/263 788/596/263 789/597/263
f 790/598/264 791/599/264 792/134/264
f 793/595/265 794/600/265 795/596/265
f 796/601/266 797/602/266 798/603/266
f 799/604/267 800/99/267 801/101/267
f 802/107/268 803/605/268 804/105/268
f 805/606/269 806/607/269 807/121/269
f 808/608/270 809/609/270 810/610/270
f 811/611/271 812/111/271 813/112/271
f 814/98/272 815/97/272 816/612/272
f 817/613/273 818/614/273 819/611/273
f 820/136/274 821/615/274 822/137/274
f 823/117/275 824/606/275 825/118/275
f 826/616/276 827/136/276 828/138/276
f 829/120/277 830/118/277 831/123/277
f 832/123/278 833/122/278 834/120/278
f 835/127/279 836/617/279 837/125/279
f 838/121/280 839/618/280 840/122/280
f 841/110/281 842/109/281 843/125/281
f 844/124/282 845/122/282 846/129/282
f 847/129/283 848/128/283 849/124/283
f 850/619/284 851/620/284 852/621/284
f 853/622/285 854/623/285 855/624/285
f 856/130/286 857/135/286 858/131/286
f 859/133/287 860/625/287 861/134/287
f 862/131/288 863/116/288 864/132/288
f 865/131/289 866/595/289 867/116/289
f 868/93/290 869/95/290 870/136/290
f 871/626/291 872/627/291 873/628/291
f 874/629/292 875/630/292 876/631/292
f 877/140/293 878/139/293 879/145/293
f 880/632/294 881/633/294 882/150/294
f 883/634/295 884/635/295 885/636/295
f 886/186/296 887/183/296 888/164/296
f 889/167/297 890/187/297 891/184/297
f 892/139/298 893/637/298 894/191/298
f 895/191/299 896/192/299 897/145/299
f 898/206/300 899/205/300 900/638/300
f 901/639/301 902/640/301 903/204/301
f 904/641/302 905/642/302 906/643/302
f 907/644/303 908/645/303 909/646/303
f 910/647/304 911/648/304 912/649/304
f 913/650/305 914/651/305 915/652/305
f 916/220/306 917/653/306 918/654/306
f 919/220/307 920/655/307 921/653/307
f 922/656/308 923/657/308 924/658/308
f 925/659/309 926/660/309 927/661/309
f 928/662/310 929/663/310 930/664/310
f 931/665/311 932/666/311 933/216/311
f 934/667/312 935/668/312 936/669/312
s 1
f 937/668/313 938/656/313 939/669/313
s 0
f 940/216/314 941/666/314 942/217/314
f 943/658/315 944/220/315 945/219/315
f 946/217/316 947/222/316 948/218/316
f 949/222/317 950/670/317 951/650/317
f 952/213/318 953/215/318 954/224/318
f 955/221/319 956/220/319 957/227/319
f 958/222/320 959/671/320 960/223/320
f 961/224/321 962/672/321 963/225/321
f 964/226/322 965/227/322 966/224/322
f 967/672/323 968/673/323 969/225/323
f 970/228/324 971/674/324 972/234/324
f 973/233/325 974/232/325 975/236/325
f 976/673/326 977/675/326 978/644/326
f 979/228/327 980/235/327 981/229/327
f 982/232/328 983/231/328 984/676/328
f 985/234/329 986/639/329 987/235/329
f 988/230/330 989/232/330 990/228/330
f 991/646/331 992/677/331 993/678/331
f 994/235/332 995/679/332 996/237/332
f 997/679/333 998/204/333 999/206/333
f 1000/680/334 1001/681/334 1002/682/334
f 1003/683/335 1004/206/335 1005/684/335
f 1006/267/336 1007/258/336 1008/260/336
f 1009/685/337 1010/272/337 1011/274/337
f 1012/285/338 1013/245/338 1014/244/338
f 1015/686/339 1016/687/339 1017/688/339
f 1018/689/340 1019/272/340 1020/685/340
f 1021/690/341 1022/691/341 1023/692/341
f 1024/693/342 1025/694/342 1026/695/342
f 1027/335/343 1028/696/343 1029/336/343
f 1030/334/344 1031/697/344 1032/698/344
f 1033/322/345 1034/319/345 1035/321/345
f 1036/328/346 1037/322/346 1038/323/346
f 1039/699/347 1040/700/347 1041/701/347
s 1
f 1042/699/348 1043/702/348 1044/700/348
s 0
f 1045/342/349 1046/309/349 1047/327/349
f 1048/327/350 1049/329/350 1050/331/350
f 1051/327/351 1052/323/351 1053/329/351
f 1054/324/352 1055/326/352 1056/703/352
f 1057/329/353 1058/321/353 1059/330/353
f 1060/704/354 1061/705/354 1062/706/354
f 1063/332/355 1064/321/355 1065/707/355
f 1066/708/356 1067/706/356 1068/333/356
f 1069/707/357 1070/316/357 1071/318/357
f 1072/709/358 1073/337/358 1074/336/358
f 1075/318/359 1076/710/359 1077/711/359
f 1078/318/360 1079/317/360 1080/710/360
f 1081/709/361 1082/336/361 1083/712/361
f 1084/339/362 1085/693/362 1086/341/362
f 1087/339/363 1088/713/363 1089/693/363
f 1090/714/364 1091/313/364 1092/315/364
f 1093/715/365 1094/716/365 1095/717/365
f 1096/718/366 1097/307/366 1098/719/366
f 1099/338/367 1100/713/367 1101/339/367
f 1102/715/368 1103/717/368 1104/720/368
f 1105/721/369 1106/719/369 1107/343/369
f 1108/720/370 1109/702/370 1110/699/370
s 1
f 1111/721/371 1112/343/371 1113/342/371
s 0
f 1114/722/372 1115/723/372 1116/350/372
f 1117/724/373 1118/725/373 1119/726/373
f 1120/390/374 1121/389/374 1122/727/374
f 1123/728/375 1124/729/375 1125/730/375
f 1126/355/376 1127/354/376 1128/381/376
f 1129/363/377 1130/368/377 1131/356/377
f 1132/371/378 1133/370/378 1134/731/378
f 1135/378/379 1136/732/379 1137/379/379
f 1138/733/380 1139/734/380 1140/735/380
f 1141/385/381 1142/384/381 1143/389/381
f 1144/736/382 1145/375/382 1146/377/382
f 1147/737/383 1148/738/383 1149/739/383
f 1150/403/384 1151/402/384 1152/723/384
f 1153/740/385 1154/365/385 1155/361/385
f 1156/417/386 1157/741/386 1158/418/386
f 1159/742/387 1160/416/387 1161/419/387
f 1162/381/388 1163/432/388 1164/743/388
f 1165/431/389 1166/428/389 1167/429/389
f 1168/359/390 1169/437/390 1170/433/390
f 1171/744/391 1172/432/391 1173/354/391
f 1174/416/392 1175/437/392 1176/364/392
f 1177/438/393 1178/435/393 1179/356/393
f 1180/368/394 1181/418/394 1182/438/394
f 1183/745/395 1184/746/395 1185/460/395
f 1186/441/396 1187/440/396 1188/745/396
f 1189/479/397 1190/747/397 1191/748/397
f 1192/480/398 1193/749/398 1194/750/398
f 1195/443/399 1196/751/399 1197/442/399
f 1198/752/400 1199/753/400 1200/754/400
f 1201/755/401 1202/756/401 1203/451/401
f 1204/757/402 1205/753/402 1206/752/402
f 1207/746/403 1208/758/403 1209/460/403
f 1210/454/404 1211/453/404 1212/458/404
f 1213/759/405 1214/760/405 1215/761/405
f 1216/477/406 1217/759/406 1218/761/406
f 1219/462/407 1220/461/407 1221/464/407
f 1222/762/408 1223/455/408 1224/457/408
f 1225/460/409 1226/452/409 1227/461/409
f 1228/757/410 1229/752/410 1230/763/410
f 1231/467/411 1232/459/411 1233/465/411
f 1234/461/412 1235/454/412 1236/463/412
f 1237/465/413 1238/451/413 1239/450/413
f 1240/764/414 1241/752/414 1242/765/414
f 1243/465/415 1244/471/415 1245/466/415
f 1246/449/416 1247/447/416 1248/471/416
f 1249/471/417 1250/766/417 1251/472/417
f 1252/766/418 1253/767/418 1254/472/418
f 1255/768/419 1256/443/419 1257/769/419
f 1258/767/420 1259/446/420 1260/770/420
f 1261/767/421 1262/770/421 1263/480/421
f 1264/771/422 1265/443/422 1266/439/422
f 1267/771/423 1268/439/423 1269/441/423
f 1270/480/424 1271/772/424 1272/476/424
f 1273/464/425 1274/441/425 1275/462/425
f 1276/441/426 1277/745/426 1278/462/426
f 1279/477/427 1280/479/427 1281/759/427
f 1282/772/428 1283/479/428 1284/476/428
f 1285/745/429 1286/460/429 1287/462/429
f 1288/489/430 1289/488/430 1290/773/430
f 1291/485/431 1292/482/431 1293/484/431
f 1294/582/432 1295/583/432 1296/774/432
f 1297/492/433 1298/775/433 1299/493/433
f 1300/776/434 1301/777/434 1302/778/434
f 1303/482/435 1304/779/435 1305/483/435
f 1306/780/436 1307/781/436 1308/782/436
f 1309/783/437 1310/784/437 1311/785/437
f 1312/786/438 1313/787/438 1314/788/438
f 1315/789/439 1316/790/439 1317/791/439
f 1318/792/440 1319/791/440 1320/793/440
f 1321/791/441 1322/790/441 1323/793/441
f 1324/537/442 1325/508/442 1326/522/442
f 1327/538/443 1328/535/443 1329/534/443
f 1330/546/444 1331/524/444 1332/526/444
f 1333/512/445 1334/514/445 1335/553/445
f 1336/506/446 1337/508/446 1338/536/446
f 1339/549/447 1340/546/447 1341/571/447
f 1342/794/448 1343/575/448 1344/574/448
s 1
f 1345/795/449 1346/796/449 1347/797/449
f 1345/795/449 1347/797/449 1348/798/450
f 1349/19/451 1350/799/451 1351/71/452
f 1349/19/451 1351/71/452 1352/18/452
f 1353/797/453 1354/800/454 1355/801/455
f 1353/797/453 1355/801/455 1356/798/454
f 1357/799/456 1358/68/456 1359/70/456
f 1357/799/456 1359/70/456 1360/71/456
f 1361/801/457 1362/800/457 1363/802/457
f 1361/801/457 1363/802/457 1364/803/458
f 1365/87/459 1366/804/460 1367/805/459
f 1365/87/459 1367/805/459 1368/85/459
f 1369/806/461 1370/807/462 1371/9/461
f 1369/806/461 1371/9/461 1372/8/461
f 1373/85/463 1374/805/463 1375/808/463
f 1373/85/463 1375/808/463 1376/80/463
f 1377/808/464 1378/809/465 1379/81/465
f 1377/808/464 1379/81/465 1380/80/464
f 1381/810/466 1382/811/466 1383/91/466
f 1381/810/466 1383/91/466 1384/812/466
f 1385/81/467 1386/809/468 1387/14/468
f 1385/81/467 1387/14/468 1388/13/469
f 1389/91/470 1390/811/470 1391/813/470
f 1389/91/470 1391/813/470 1392/92/471
f 1393/813/472 1394/814/472 1395/66/473
f 1393/813/472 1395/66/473 1396/92/472
f 1397/12/474 1398/815/475 1399/816/476
f 1397/12/474 1399/816/476 1400/13/476
f 1401/66/477 1402/814/477 1403/817/477
f 1401/66/477 1403/817/477 1404/64/478
f 1405/818/479 1406/819/480 1407/63/479
f 1405/818/479 1407/63/479 1408/820/479
f 1409/64/481 1410/817/482 1411/821/482
f 1409/64/481 1411/821/482 1412/67/481
f 1413/63/483 1414/819/483 1415/17/483
f 1413/63/483 1415/17/483 1416/16/483
f 1417/821/484 1418/822/484 1419/823/484
f 1417/821/484 1419/823/484 1420/67/484
f 1421/824/485 1422/825/485 1423/826/485
f 1421/824/485 1423/826/485 1424/68/486
f 1425/823/487 1426/822/487 1427/827/487
f 1425/823/487 1427/827/487 1428/74/487
f 1429/828/488 1430/829/488 1431/830/488
f 1429/828/488 1431/830/488 1432/831/489
f 1433/74/490 1434/827/490 1435/3/490
f 1433/74/490 1435/3/490 1436/2/490
f 1437/832/491 1438/833/491 1439/834/492
f 1437/832/491 1439/834/492 1440/835/493
f 1441/836/494 1442/837/495 1443/838/495
f 1441/836/494 1443/838/495 1444/839/494
f 1445/840/496 1446/841/496 1447/842/496
f 1445/840/496 1447/842/496 1448/843/497
f 1449/844/498 1450/845/498 1451/846/498
f 1449/844/498 1451/846/498 1452/847/498
f 1453/848/499 1454/849/499 1455/850/500
f 1453/848/499 1455/850/500 1456/851/500
f 1457/852/501 1458/841/501 1459/840/501
f 1457/852/501 1459/840/501 1460/853/501
f 1461/854/502 1462/855/503 1463/856/502
f 1461/854/502 1463/856/502 1464/857/502
f 1465/858/504 1466/859/505 1467/860/506
f 1465/858/504 1467/860/506 1468/861/507
f 1469/862/508 1470/863/508 1471/854/509
f 1469/862/508 1471/854/509 1472/857/508
f 1473/864/510 1474/858/510 1475/861/510
f 1473/864/510 1475/861/510 1476/865/510
f 1477/866/511 1478/863/511 1479/862/511
f 1477/866/511 1479/862/511 1480/867/511
f 1481/868/512 1482/869/512 1483/864/512
f 1481/868/512 1483/864/512 1484/865/512
f 1485/870/513 1486/871/513 1487/866/514
f 1485/870/513 1487/866/514 1488/867/514
f 1489/872/515 1490/873/515 1491/874/515
f 1489/872/515 1491/874/515 1492/875/515
f 1493/876/516 1494/877/516 1495/878/516
f 1493/876/516 1495/878/516 1496/879/516
f 1497/880/517 1498/881/518 1499/882/518
f 1497/880/517 1499/882/518 1500/883/517
f 1501/884/519 1502/885/519 1503/886/519
f 1501/884/519 1503/886/519 1504/887/519
f 1505/888/520 1506/889/521 1507/890/522
f 1505/888/520 1507/890/522 1508/891/520
f 1509/892/523 1510/885/523 1511/884/524
f 1509/892/523 1511/884/524 1512/893/523
f 1513/894/525 1514/889/526 1515/888/525
f 1513/894/525 1515/888/525 1516/895/525
f 1517/896/527 1518/897/527 1519/898/527
f 1517/896/527 1519/898/527 1520/899/528
f 1521/900/529 1522/894/529 1523/895/529
f 1521/900/529 1523/895/529 1524/901/530
f 1525/902/531 1526/903/531 1527/897/532
f 1525/902/531 1527/897/532 1528/896/531
f 1529/904/533 1530/905/533 1531/849/533
f 1529/904/533 1531/849/533 1532/848/533
f 1533/906/534 1534/907/534 1535/908/534
f 1533/906/534 1535/908/534 1536/909/534
f 1537/910/535 1538/903/535 1539/902/535
f 1537/910/535 1539/902/535 1540/911/535
f 1541/912/536 1542/905/536 1543/904/536
f 1541/912/536 1543/904/536 1544/913/536
f 1545/914/537 1546/915/537 1547/906/537
f 1545/914/537 1547/906/537 1548/909/537
f 1549/916/538 1550/910/539 1551/911/538
f 1549/916/538 1551/911/538 1552/917/538
f 1553/835/540 1554/834/541 1555/918/540
f 1553/835/540 1555/918/540 1556/919/540
f 1557/920/542 1558/921/542 1559/915/542
f 1557/920/542 1559/915/542 1560/914/542
f 1561/922/543 1562/923/544 1563/924/544
f 1561/922/543 1563/924/544 1564/925/544
f 1565/593/545 1566/22/546 1567/21/545
f 1565/593/545 1567/21/545 1568/926/545
f 1569/49/547 1570/24/548 1571/23/547
f 1569/49/547 1571/23/547 1572/927/547
f 1573/592/549 1574/54/550 1575/27/550
f 1573/592/549 1575/27/550 1576/26/549
f 1577/29/551 1578/593/552 1579/926/551
f 1577/29/551 1579/926/551 1580/30/551
f 1581/928/553 1582/49/553 1583/927/553
f 1581/928/553 1583/927/553 1584/929/553
f 1585/930/554 1586/931/555 1587/31/555
f 1585/930/554 1587/31/555 1588/30/554
f 1589/34/556 1590/928/556 1591/929/556
f 1589/34/556 1591/929/556 1592/32/557
f 1593/35/558 1594/931/558 1595/930/558
f 1593/35/558 1595/930/558 1596/36/558
f 1597/932/559 1598/933/559 1599/33/560
f 1597/932/559 1599/33/560 1600/934/560
f 1601/39/561 1602/38/561 1603/36/561
f 1601/39/561 1603/36/561 1604/40/561
f 1605/935/562 1606/936/563 1607/932/564
f 1605/935/562 1607/932/564 1608/934/562
f 1609/937/565 1610/938/566 1611/936/566
f 1609/937/565 1611/936/566 1612/935/565
f 1613/939/567 1614/42/568 1615/41/567
f 1613/939/567 1615/41/567 1616/40/567
f 1617/940/569 1618/938/570 1619/937/569
f 1617/940/569 1619/937/569 1620/941/569
f 1621/590/571 1622/589/571 1623/940/571
f 1621/590/571 1623/940/571 1624/941/571
f 1625/56/572 1626/42/572 1627/939/573
f 1625/56/572 1627/939/573 1628/28/572
f 1629/60/574 1630/942/574 1631/43/575
f 1629/60/574 1631/43/575 1632/58/574
f 1633/56/576 1634/58/577 1635/43/576
f 1633/56/576 1635/43/576 1636/42/578
f 1637/943/579 1638/944/579 1639/945/579
f 1637/943/579 1639/945/579 1640/61/579
f 1641/25/580 1642/61/581 1643/945/580
f 1641/25/580 1643/945/580 1644/591/580
f 1645/946/582 1646/947/582 1647/948/582
f 1645/946/582 1647/948/582 1648/949/583
f 1649/949/584 1650/948/584 1651/940/584
f 1649/949/584 1651/940/584 1652/589/585
f 1653/43/586 1654/942/586 1655/950/587
f 1653/43/586 1655/950/587 1656/44/587
f 1657/948/588 1658/947/589 1659/951/590
f 1657/948/588 1659/951/590 1660/952/590
f 1661/940/591 1662/948/591 1663/952/591
f 1661/940/591 1663/952/591 1664/938/591
f 1665/44/592 1666/950/592 1667/953/592
f 1665/44/592 1667/953/592 1668/954/592
f 1669/42/593 1670/44/593 1671/954/593
f 1669/42/593 1671/954/593 1672/41/593
f 1673/952/594 1674/951/594 1675/955/594
f 1673/952/594 1675/955/594 1676/956/594
f 1677/938/595 1678/952/596 1679/956/596
f 1677/938/595 1679/956/596 1680/936/595
f 1681/953/597 1682/957/597 1683/958/597
f 1681/953/597 1683/958/597 1684/954/597
f 1685/954/598 1686/958/599 1687/39/598
f 1685/954/598 1687/39/598 1688/41/599
f 1689/956/600 1690/955/600 1691/959/600
f 1689/956/600 1691/959/600 1692/960/600
f 1693/936/601 1694/956/601 1695/960/601
f 1693/936/601 1695/960/601 1696/932/602
f 1697/957/603 1698/961/604 1699/962/604
f 1697/957/603 1699/962/604 1700/958/605
f 1701/958/606 1702/962/606 1703/38/606
f 1701/958/606 1703/38/606 1704/39/606
f 1705/959/607 1706/963/607 1707/964/607
f 1705/959/607 1707/964/607 1708/960/607
f 1709/960/608 1710/964/608 1711/933/608
f 1709/960/608 1711/933/608 1712/932/608
f 1713/962/609 1714/961/609 1715/965/610
f 1713/962/609 1715/965/610 1716/966/609
f 1717/38/611 1718/962/612 1719/966/611
f 1717/38/611 1719/966/611 1720/37/611
f 1721/964/613 1722/963/613 1723/47/613
f 1721/964/613 1723/47/613 1724/46/613
f 1725/933/614 1726/964/614 1727/46/614
f 1725/933/614 1727/46/614 1728/33/615
f 1729/965/616 1730/967/617 1731/968/617
f 1729/965/616 1731/968/617 1732/966/616
f 1733/966/618 1734/968/618 1735/35/618
f 1733/966/618 1735/35/618 1736/37/618
f 1737/967/619 1738/969/620 1739/970/619
f 1737/967/619 1739/970/619 1740/968/621
f 1741/968/622 1742/970/622 1743/931/622
f 1741/968/622 1743/931/622 1744/35/623
f 1745/45/624 1746/971/624 1747/972/624
f 1745/45/624 1747/972/624 1748/46/624
f 1749/46/625 1750/972/626 1751/928/625
f 1749/46/625 1751/928/625 1752/34/627
f 1753/969/628 1754/973/629 1755/974/629
f 1753/969/628 1755/974/629 1756/970/629
f 1757/970/630 1758/974/631 1759/31/630
f 1757/970/630 1759/31/630 1760/931/630
f 1761/972/632 1762/971/632 1763/975/632
f 1761/972/632 1763/975/632 1764/50/633
f 1765/972/634 1766/50/635 1767/49/635
f 1765/972/634 1767/49/635 1768/928/634
f 1769/974/636 1770/973/637 1771/52/637
f 1769/974/636 1771/52/637 1772/51/637
f 1773/31/638 1774/974/639 1775/51/638
f 1773/31/638 1775/51/638 1776/29/640
f 1777/944/641 1778/976/642 1779/55/641
f 1777/944/641 1779/55/641 1780/945/641
f 1781/945/643 1782/55/644 1783/54/643
f 1781/945/643 1783/54/643 1784/591/643
f 1785/50/645 1786/975/645 1787/977/646
f 1785/50/645 1787/977/646 1788/48/646
f 1789/55/647 1790/976/647 1791/978/648
f 1789/55/647 1791/978/648 1792/27/649
f 1793/48/650 1794/977/651 1795/979/650
f 1793/48/650 1795/979/650 1796/24/652
f 1797/53/653 1798/980/653 1799/22/653
f 1797/53/653 1799/22/653 1800/51/653
f 1801/978/654 1802/59/655 1803/56/654
f 1801/978/654 1803/56/654 1804/27/654
f 1805/979/656 1806/981/656 1807/57/656
f 1805/979/656 1807/57/656 1808/24/657
f 1809/22/658 1810/980/658 1811/982/658
f 1809/22/658 1811/982/658 1812/594/658
f 1813/57/659 1814/981/660 1815/943/659
f 1813/57/659 1815/943/659 1816/61/659
f 1817/594/661 1818/982/662 1819/946/661
f 1817/594/661 1819/946/661 1820/949/661
f 1821/594/663 1822/949/663 1823/589/663
f 1821/594/663 1823/589/663 1824/20/664
f 1825/983/665 1826/924/666 1827/923/667
f 1825/983/665 1827/923/667 1828/984/667
f 1829/915/668 1830/921/669 1831/19/669
f 1829/915/668 1831/19/669 1832/15/668
f 1833/985/670 1834/986/670 1835/987/670
f 1833/985/670 1835/987/670 1836/988/671
f 1837/822/672 1838/989/672 1839/990/673
f 1837/822/672 1839/990/673 1840/827/674
f 1841/17/675 1842/906/675 1843/915/675
f 1841/17/675 1843/915/675 1844/15/675
f 1845/905/676 1846/912/676 1847/825/676
f 1845/905/676 1847/825/676 1848/824/677
f 1849/991/678 1850/989/678 1851/822/678
f 1849/991/678 1851/822/678 1852/821/678
f 1853/819/679 1854/907/679 1855/906/679
f 1853/819/679 1855/906/679 1856/17/680
f 1857/849/681 1858/905/681 1859/824/681
f 1857/849/681 1859/824/681 1860/68/681
f 1861/817/682 1862/992/683 1863/991/684
f 1861/817/682 1863/991/684 1864/821/682
f 1865/894/685 1866/900/686 1867/993/685
f 1865/894/685 1867/993/685 1868/815/685
f 1869/814/687 1870/994/687 1871/992/687
f 1869/814/687 1871/992/687 1872/817/687
f 1873/889/688 1874/894/688 1875/815/688
f 1873/889/688 1875/815/688 1876/12/689
f 1877/995/690 1878/994/691 1879/814/691
f 1877/995/690 1879/814/691 1880/813/690
f 1881/890/692 1882/889/693 1883/12/694
f 1881/890/692 1883/12/694 1884/14/695
f 1885/811/696 1886/996/696 1887/995/696
f 1885/811/696 1887/995/696 1888/813/696
f 1889/997/697 1890/882/698 1891/881/699
f 1889/997/697 1891/881/699 1892/998/699
f 1893/810/700 1894/999/700 1895/996/700
f 1893/810/700 1895/996/700 1896/811/701
f 1897/1000/702 1898/1001/703 1899/1002/703
f 1897/1000/702 1899/1002/703 1900/1003/703
f 1901/866/704 1902/871/705 1903/11/704
f 1901/866/704 1903/11/704 1904/7/704
f 1905/864/706 1906/869/706 1907/808/707
f 1905/864/706 1907/808/707 1908/805/708
f 1909/9/709 1910/863/709 1911/866/710
f 1909/9/709 1911/866/710 1912/7/710
f 1913/807/711 1914/854/712 1915/863/712
f 1913/807/711 1915/863/712 1916/9/712
f 1917/5/713 1918/1004/713 1919/1005/713
f 1917/5/713 1919/1005/713 1920/6/713
f 1921/804/714 1922/858/714 1923/864/714
f 1921/804/714 1923/864/714 1924/805/714
f 1925/1006/715 1926/1007/715 1927/1008/715
f 1925/1006/715 1927/1008/715 1928/1009/716
f 1929/1010/717 1930/1004/717 1931/5/718
f 1929/1010/717 1931/5/718 1932/1/718
f 1933/850/719 1934/849/719 1935/68/719
f 1933/850/719 1935/68/719 1936/799/720
f 1937/846/721 1938/845/721 1939/800/721
f 1937/846/721 1939/800/721 1940/797/722
f 1941/1011/723 1942/842/724 1943/841/725
f 1941/1011/723 1943/841/725 1944/1012/724
f 1945/921/726 1946/850/726 1947/799/727
f 1945/921/726 1947/799/727 1948/19/727
f 1949/796/728 1950/1013/728 1951/846/728
f 1949/796/728 1951/846/728 1952/797/729
f 1953/92/730 1954/66/730 1955/65/730
f 1953/92/730 1955/65/730 1956/90/731
f 1957/16/732 1958/15/732 1959/1014/732
f 1957/16/732 1959/1014/732 1960/62/732
f 1961/15/733 1962/18/733 1963/72/733
f 1961/15/733 1963/72/733 1964/1014/733
f 1965/67/734 1966/823/734 1967/1015/735
f 1965/67/734 1967/1015/735 1968/65/735
f 1969/68/736 1970/826/736 1971/1016/737
f 1969/68/736 1971/1016/737 1972/69/737
f 1973/1015/738 1974/823/739 1975/74/739
f 1973/1015/738 1975/74/739 1976/73/738
f 1977/1016/740 1978/826/741 1979/1017/741
f 1977/1016/740 1979/1017/741 1980/1018/740
f 1981/72/742 1982/71/743 1983/70/742
f 1981/72/742 1983/70/742 1984/69/744
f 1985/2/745 1986/1/746 1987/78/745
f 1985/2/745 1987/78/745 1988/73/745
f 1989/798/747 1990/801/747 1991/1019/747
f 1989/798/747 1991/1019/747 1992/1020/747
f 1993/801/748 1994/803/749 1995/1021/748
f 1993/801/748 1995/1021/748 1996/1019/748
f 1997/1022/750 1998/806/751 1999/8/751
f 1997/1022/750 1999/8/751 2000/1023/750
f 2001/1024/752 2002/1025/753 2003/87/753
f 2001/1024/752 2003/87/753 2004/86/753
f 2005/79/754 2006/81/754 2007/13/754
f 2005/79/754 2007/13/754 2008/1026/754
f 2009/1023/755 2010/7/755 2011/10/755
f 2009/1023/755 2011/10/755 2012/88/755
f 2013/13/756 2014/816/756 2015/1027/756
f 2013/13/756 2015/1027/756 2016/1026/756
f 2017/1028/757 2018/820/757 2019/63/758
f 2017/1028/757 2019/63/758 2020/62/759
f 2021/613/760 2022/1029/760 2023/1030/761
f 2021/613/760 2023/1030/761 2024/614/762
f 2025/134/763 2026/625/764 2027/1031/763
f 2025/134/763 2027/1031/763 2028/598/764
f 2029/600/765 2030/595/765 2031/134/765
f 2029/600/765 2031/134/765 2032/599/765
f 2033/1029/766 2034/603/767 2035/602/766
f 2033/1029/766 2035/602/766 2036/1030/766
f 2037/625/768 2038/104/769 2039/103/769
f 2037/625/768 2039/103/769 2040/1031/770
f 2041/605/771 2042/107/771 2043/618/771
f 2041/605/771 2043/618/771 2044/1032/772
f 2045/618/773 2046/121/773 2047/607/773
f 2045/618/773 2047/607/773 2048/1032/773
f 2049/110/774 2050/1033/774 2051/1034/774
f 2049/110/774 2051/1034/774 2052/108/775
f 2053/1034/776 2054/1033/776 2055/1035/776
f 2053/1034/776 2055/1035/776 2056/610/776
f 2057/609/777 2058/608/777 2059/95/777
f 2057/609/777 2059/95/777 2060/94/777
f 2061/1036/778 2062/1037/779 2063/1038/780
f 2061/1036/778 2063/1038/780 2064/1039/780
f 2065/611/781 2066/1039/782 2067/1038/782
f 2065/611/781 2067/1038/782 2068/613/782
f 2069/119/783 2070/132/783 2071/116/783
f 2069/119/783 2071/116/783 2072/118/783
f 2073/608/784 2074/615/785 2075/136/786
f 2073/608/784 2075/136/786 2076/95/785
f 2077/616/787 2078/138/788 2079/1036/787
f 2077/616/787 2079/1036/787 2080/1039/787
f 2081/616/789 2082/1039/790 2083/611/790
f 2081/616/789 2083/611/790 2084/112/790
f 2085/1040/791 2086/137/791 2087/615/791
f 2085/1040/791 2087/615/791 2088/1041/792
f 2089/1035/793 2090/1041/793 2091/615/793
f 2089/1035/793 2091/615/793 2092/608/794
f 2093/136/795 2094/616/795 2095/112/795
f 2093/136/795 2095/112/795 2096/93/795
s 0
f 2097/123/796 2098/118/796 2099/606/796
f 2097/123/797 2099/606/797 2100/121/797
s 1
f 2101/617/798 2102/127/798 2103/1040/798
f 2101/617/798 2103/1040/798 2104/1041/798
f 2105/617/799 2106/1041/799 2107/1035/799
f 2105/617/799 2107/1035/799 2108/1033/800
f 2109/125/801 2110/617/802 2111/1033/803
f 2109/125/801 2111/1033/803 2112/110/802
f 2113/129/804 2114/122/804 2115/618/804
f 2113/129/804 2115/618/804 2116/107/805
f 2117/619/806 2118/621/807 2119/126/806
f 2117/619/806 2119/126/806 2120/125/806
f 2121/1042/808 2122/619/809 2123/125/808
f 2121/1042/808 2123/125/808 2124/109/808
f 2125/1043/810 2126/620/811 2127/619/810
f 2125/1043/810 2127/619/810 2128/1042/810
f 2129/624/812 2130/124/813 2131/128/814
f 2129/624/812 2131/128/814 2132/622/814
f 2133/106/815 2134/622/815 2135/128/816
f 2133/106/815 2135/128/816 2136/107/816
f 2137/1044/817 2138/621/817 2139/620/817
f 2137/1044/817 2139/620/817 2140/1045/817
f 2141/1045/818 2142/620/818 2143/1043/819
f 2141/1045/818 2143/1043/819 2144/102/819
f 2145/1046/820 2146/623/821 2147/622/821
f 2145/1046/820 2147/622/821 2148/106/820
f 2149/1047/822 2150/1044/823 2151/1045/822
f 2149/1047/822 2151/1045/822 2152/1048/822
f 2153/1048/824 2154/1045/824 2155/102/825
f 2153/1048/824 2155/102/825 2156/104/825
f 2157/1049/826 2158/1050/826 2159/624/826
f 2157/1049/826 2159/624/826 2160/623/826
f 2161/1049/827 2162/623/827 2163/1046/827
f 2161/1049/827 2163/1046/827 2164/603/828
f 2165/133/829 2166/1051/829 2167/1047/829
f 2165/133/829 2167/1047/829 2168/1048/830
f 2169/625/831 2170/133/832 2171/1048/831
f 2169/625/831 2171/1048/831 2172/104/831
f 2173/1052/833 2174/1053/834 2175/1050/833
f 2173/1052/833 2175/1050/833 2176/1049/835
f 2177/1052/836 2178/1049/837 2179/603/836
f 2177/1052/836 2179/603/836 2180/1029/836
f 2181/595/838 2182/131/838 2183/135/838
f 2181/595/838 2183/135/838 2184/134/839
f 2185/1038/840 2186/1037/840 2187/1053/841
f 2185/1038/840 2187/1053/841 2188/1052/840
f 2189/1038/842 2190/1052/843 2191/1029/844
f 2189/1038/842 2191/1029/844 2192/613/842
f 2193/135/845 2194/130/846 2195/1051/846
f 2193/135/845 2195/1051/846 2196/133/845
f 2197/1054/847 2198/1055/847 2199/1056/847
f 2197/1054/847 2199/1056/847 2200/1057/847
f 2201/1058/848 2202/1059/848 2203/99/848
f 2201/1058/848 2203/99/848 2204/150/848
f 2205/1056/849 2206/1055/850 2207/1060/849
f 2205/1056/849 2207/1060/849 2208/1061/851
f 2209/150/852 2210/99/853 2211/604/852
f 2209/150/852 2211/604/852 2212/632/852
f 2213/1060/854 2214/1062/854 2215/1063/854
f 2213/1060/854 2215/1063/854 2216/1061/854
f 2217/604/855 2218/1064/855 2219/1065/856
f 2217/604/855 2219/1065/856 2220/632/855
f 2221/1062/857 2222/1066/857 2223/1067/857
f 2221/1062/857 2223/1067/857 2224/1063/858
f 2225/1064/859 2226/1068/859 2227/1069/859
f 2225/1064/859 2227/1069/859 2228/1065/859
f 2229/1067/860 2230/1066/861 2231/1070/860
f 2229/1067/860 2231/1070/860 2232/1071/862
f 2233/1068/863 2234/1072/863 2235/1073/864
f 2233/1068/863 2235/1073/864 2236/1069/865
f 2237/1070/866 2238/1074/867 2239/1075/866
f 2237/1070/866 2239/1075/866 2240/1071/866
f 2241/1076/868 2242/628/868 2243/627/868
f 2241/1076/868 2243/627/868 2244/1077/869
f 2245/1078/870 2246/1079/871 2247/1080/871
f 2245/1078/870 2247/1080/871 2248/1081/870
f 2249/1080/872 2250/1082/873 2251/1083/874
f 2249/1080/872 2251/1083/874 2252/1081/872
f 2253/626/875 2254/628/876 2255/1084/875
f 2253/626/875 2255/1084/875 2256/1085/875
f 2257/1086/877 2258/1087/877 2259/1088/877
f 2257/1086/877 2259/1088/877 2260/1089/878
f 2261/1090/879 2262/1091/879 2263/1092/879
f 2261/1090/879 2263/1092/879 2264/1093/879
f 2265/1094/880 2266/1095/880 2267/1096/881
f 2265/1094/880 2267/1096/881 2268/1097/880
f 2269/172/882 2270/1098/882 2271/1099/882
f 2269/172/882 2271/1099/882 2272/1100/882
f 2273/1101/883 2274/1102/883 2275/1103/883
f 2273/1101/883 2275/1103/883 2276/1104/884
f 2277/612/885 2278/97/885 2279/1105/885
f 2277/612/885 2279/1105/885 2280/1106/885
f 2281/1099/886 2282/1107/887 2283/1108/887
f 2281/1099/886 2283/1108/887 2284/1100/886
f 2285/1103/888 2286/1109/888 2287/173/888
f 2285/1103/888 2287/173/888 2288/1104/889
f 2289/97/890 2290/1110/890 2291/1111/890
f 2289/97/890 2291/1111/890 2292/1105/891
f 2293/1112/892 2294/1113/893 2295/1114/893
f 2293/1112/892 2295/1114/893 2296/1115/894
f 2297/1110/895 2298/1116/896 2299/1117/896
f 2297/1110/895 2299/1117/896 2300/1111/896
f 2301/629/897 2302/631/898 2303/1118/897
f 2301/629/897 2303/1118/897 2304/1119/897
f 2305/1114/899 2306/1113/900 2307/1054/901
f 2305/1114/899 2307/1054/901 2308/1057/900
f 2309/1117/902 2310/1116/902 2311/1120/902
f 2309/1117/902 2311/1120/902 2312/1121/903
f 2313/1119/904 2314/1118/904 2315/1059/905
f 2313/1119/904 2315/1059/905 2316/1058/905
f 2317/1122/906 2318/146/907 2319/145/907
f 2317/1122/906 2319/145/907 2320/193/907
f 2321/197/908 2322/1123/909 2323/1124/908
f 2321/197/908 2323/1124/908 2324/195/908
f 2325/144/910 2326/148/910 2327/147/910
f 2325/144/910 2327/147/910 2328/142/910
f 2329/1125/911 2330/1126/912 2331/1127/911
f 2329/1125/911 2331/1127/911 2332/178/911
f 2333/200/913 2334/1128/913 2335/1129/913
f 2333/200/913 2335/1129/913 2336/198/914
f 2337/1127/915 2338/1130/915 2339/179/916
f 2337/1127/915 2339/179/916 2340/178/916
f 2341/1131/917 2342/1132/918 2343/1133/917
f 2341/1131/917 2343/1133/917 2344/1134/919
f 2345/149/920 2346/1135/921 2347/1136/920
f 2345/149/920 2347/1136/920 2348/147/920
f 2349/1137/922 2350/1138/922 2351/152/922
f 2349/1137/922 2351/152/922 2352/151/922
f 2353/1132/923 2354/1139/923 2355/1140/924
f 2353/1132/923 2355/1140/924 2356/1133/924
f 2357/150/925 2358/633/925 2359/1141/925
f 2357/150/925 2359/1141/925 2360/151/925
f 2361/182/926 2362/1142/926 2363/162/926
f 2361/182/926 2363/162/926 2364/161/926
f 2365/160/927 2366/165/928 2367/164/929
f 2365/160/927 2367/164/929 2368/158/929
f 2369/161/930 2370/163/931 2371/168/932
f 2369/161/930 2371/168/932 2372/167/931
f 2373/164/933 2374/166/934 2375/1143/934
f 2373/164/933 2375/1143/934 2376/185/933
f 2377/1143/935 2378/1144/935 2379/190/935
f 2377/1143/935 2379/190/935 2380/185/935
f 2381/1145/936 2382/1146/937 2383/1147/936
f 2381/1145/936 2383/1147/936 2384/1148/938
f 2385/1144/939 2386/171/939 2387/170/939
f 2385/1144/939 2387/170/939 2388/190/939
f 2389/1149/940 2390/1122/941 2391/193/942
f 2389/1149/940 2391/193/942 2392/188/942
f 2393/171/943 2394/1150/943 2395/1151/944
f 2393/171/943 2395/1151/944 2396/143/945
f 2397/1083/946 2398/1101/946 2399/1122/946
f 2397/1083/946 2399/1122/946 2400/1149/946
f 2401/1152/947 2402/1150/948 2403/171/947
f 2401/1152/947 2403/171/947 2404/1144/947
f 2405/1081/949 2406/1083/950 2407/1149/949
f 2405/1081/949 2407/1149/949 2408/169/949
f 2409/1143/951 2410/1153/952 2411/1152/952
f 2409/1143/951 2411/1152/952 2412/1144/952
f 2413/168/953 2414/1078/953 2415/1081/953
f 2413/168/953 2415/1081/953 2416/169/954
f 2417/166/955 2418/1154/956 2419/1153/956
f 2417/166/955 2419/1153/956 2420/1143/955
f 2421/163/957 2422/1155/957 2423/1078/958
f 2421/163/957 2423/1078/958 2424/168/957
f 2425/1156/959 2426/1154/960 2427/166/959
f 2425/1156/959 2427/166/959 2428/165/960
f 2429/1067/961 2430/1071/961 2431/1157/961
f 2429/1067/961 2431/1157/961 2432/1158/961
f 2433/160/962 2434/1159/962 2435/1156/962
f 2433/160/962 2435/1156/962 2436/165/962
f 2437/1063/963 2438/1067/964 2439/1158/964
f 2437/1063/963 2439/1158/964 2440/157/963
f 2441/1160/965 2442/1159/966 2443/160/965
f 2441/1160/965 2443/160/965 2444/159/965
f 2445/1061/967 2446/1063/967 2447/157/968
f 2445/1061/967 2447/157/968 2448/153/968
f 2449/155/969 2450/1056/970 2451/1061/969
f 2449/155/969 2451/1061/969 2452/153/969
f 2453/1057/971 2454/1056/971 2455/155/971
f 2453/1057/971 2455/155/971 2456/1161/971
f 2457/1162/972 2458/1163/972 2459/176/973
f 2457/1162/972 2459/176/973 2460/175/972
f 2461/1164/974 2462/1165/975 2463/1135/974
f 2461/1164/974 2463/1135/974 2464/149/974
f 2465/1131/976 2466/1166/976 2467/1167/976
f 2465/1131/976 2467/1167/976 2468/1132/976
f 2469/1168/977 2470/1169/977 2471/1130/978
f 2469/1168/977 2471/1130/978 2472/1127/979
f 2473/1170/980 2474/1164/980 2475/149/980
f 2473/1170/980 2475/149/980 2476/148/980
f 2477/1128/981 2478/1115/982 2479/1114/982
f 2477/1128/981 2479/1114/982 2480/1129/981
f 2481/1171/983 2482/1168/984 2483/1127/983
f 2481/1171/983 2483/1127/983 2484/1126/983
f 2485/1172/985 2486/1170/986 2487/148/985
f 2485/1172/985 2487/148/985 2488/144/985
f 2489/146/987 2490/1104/987 2491/173/987
f 2489/146/987 2491/173/987 2492/140/987
f 2493/1123/988 2494/1173/988 2495/1174/988
f 2493/1123/988 2495/1174/988 2496/1124/988
f 2497/1175/989 2498/1106/989 2499/1105/990
f 2497/1175/989 2499/1105/990 2500/1176/990
f 2501/1101/991 2502/1104/991 2503/146/991
f 2501/1101/991 2503/146/991 2504/1122/991
f 2505/140/992 2506/172/992 2507/1100/993
f 2505/140/992 2507/1100/993 2508/141/993
f 2509/199/994 2510/198/995 2511/1177/995
f 2509/199/994 2511/1177/995 2512/1178/994
f 2513/194/996 2514/147/996 2515/1136/996
f 2513/194/996 2515/1136/996 2516/1179/996
f 2517/1137/997 2518/151/997 2519/1180/997
f 2517/1137/997 2519/1180/997 2520/1181/997
f 2521/1178/998 2522/1177/999 2523/154/999
f 2521/1178/998 2523/154/999 2524/180/1000
f 2525/151/1001 2526/1141/1001 2527/1182/1001
f 2525/151/1001 2527/1182/1001 2528/1180/1001
f 2529/153/1002 2530/156/1002 2531/1183/1003
f 2529/153/1002 2531/1183/1003 2532/180/1003
f 2533/185/1004 2534/190/1004 2535/189/1005
f 2533/185/1004 2535/189/1005 2536/186/1006
f 2537/187/1007 2538/188/1008 2539/193/1009
f 2537/187/1007 2539/193/1009 2540/192/1009
f 2541/189/1010 2542/170/1011 2543/143/1010
f 2541/189/1010 2543/143/1010 2544/194/1012
f 2545/196/1013 2546/195/1013 2547/1184/1014
f 2545/196/1013 2547/1184/1014 2548/1185/1015
f 2549/660/1016 2550/659/1016 2551/681/1016
f 2549/660/1016 2551/681/1016 2552/1186/1016
f 2553/680/1017 2554/677/1017 2555/1187/1017
f 2553/680/1017 2555/1187/1017 2556/681/1017
f 2557/639/1018 2558/234/1018 2559/1188/1019
f 2557/639/1018 2559/1188/1019 2560/640/1018
f 2561/676/1020 2562/231/1020 2563/1189/1020
f 2561/676/1020 2563/1189/1020 2564/1190/1020
f 2565/645/1021 2566/644/1022 2567/675/1021
f 2565/645/1021 2567/675/1021 2568/1191/1021
f 2569/1191/1023 2570/675/1023 2571/1192/1023
f 2569/1191/1023 2571/1192/1023 2572/1193/1024
f 2573/1192/1025 2574/215/1026 2575/214/1027
f 2573/1192/1025 2575/214/1027 2576/1193/1027
f 2577/651/1028 2578/650/1029 2579/670/1030
f 2577/651/1028 2579/670/1030 2580/1194/1029
f 2581/670/1031 2582/1195/1032 2583/1196/1032
f 2581/670/1031 2583/1196/1032 2584/1194/1031
f 2585/655/1033 2586/220/1034 2587/658/1033
f 2585/655/1033 2587/658/1033 2588/657/1033
f 2589/668/1035 2590/667/1036 2591/683/1035
f 2589/668/1035 2591/683/1035 2592/684/1037
f 2593/661/1038 2594/666/1038 2595/665/1038
f 2593/661/1038 2595/665/1038 2596/659/1038
f 2597/217/1039 2598/666/1039 2599/661/1040
f 2597/217/1039 2599/661/1040 2600/1195/1040
f 2601/219/1041 2602/1197/1042 2603/667/1042
f 2601/219/1041 2603/667/1042 2604/669/1042
f 2605/219/1043 2606/669/1043 2607/656/1043
f 2605/219/1043 2607/656/1043 2608/658/1043
f 2609/222/1044 2610/217/1044 2611/1195/1044
f 2609/222/1044 2611/1195/1044 2612/670/1044
f 2613/1198/1045 2614/1197/1045 2615/219/1045
f 2613/1198/1045 2615/219/1045 2616/221/1045
f 2617/226/1046 2618/1198/1046 2619/221/1046
f 2617/226/1046 2619/221/1046 2620/227/1046
f 2621/652/1047 2622/671/1047 2623/222/1047
f 2621/652/1047 2623/222/1047 2624/650/1048
f 2625/672/1049 2626/224/1049 2627/215/1049
f 2625/672/1049 2627/215/1049 2628/1192/1049
f 2629/236/1050 2630/223/1051 2631/671/1051
f 2629/236/1050 2631/671/1051 2632/233/1051
f 2633/233/1052 2634/671/1052 2635/652/1052
f 2633/233/1052 2635/652/1052 2636/231/1052
f 2637/675/1053 2638/673/1053 2639/672/1053
f 2637/675/1053 2639/672/1053 2640/1192/1053
f 2641/1199/1054 2642/225/1055 2643/673/1055
f 2641/1199/1054 2643/673/1055 2644/678/1055
f 2645/646/1056 2646/678/1056 2647/673/1056
f 2645/646/1056 2647/673/1056 2648/644/1056
f 2649/674/1057 2650/228/1057 2651/232/1057
f 2649/674/1057 2651/232/1057 2652/676/1057
f 2653/204/1058 2654/679/1059 2655/235/1060
f 2653/204/1058 2655/235/1060 2656/639/1058
f 2657/682/1061 2658/1200/1062 2659/1199/1062
f 2657/682/1061 2659/1199/1062 2660/678/1062
f 2661/682/1063 2662/678/1064 2663/677/1064
f 2661/682/1063 2663/677/1064 2664/680/1063
f 2665/683/1065 2666/237/1065 2667/679/1065
f 2665/683/1065 2667/679/1065 2668/206/1066
f 2669/665/1067 2670/216/1068 2671/1200/1068
f 2669/665/1067 2671/1200/1068 2672/682/1067
f 2673/659/1069 2674/665/1069 2675/682/1069
f 2673/659/1069 2675/682/1069 2676/681/1069
f 2677/688/1070 2678/642/1071 2679/641/1071
f 2677/688/1070 2679/641/1071 2680/686/1071
f 2681/648/1072 2682/1201/1073 2683/289/1073
f 2681/648/1072 2683/289/1073 2684/288/1072
f 2685/1202/1074 2686/1203/1074 2687/1204/1074
f 2685/1202/1074 2687/1204/1074 2688/286/1075
f 2689/1205/1076 2690/1206/1076 2691/1207/1076
f 2689/1205/1076 2691/1207/1076 2692/1208/1076
f 2693/289/1077 2694/1201/1077 2695/1209/1078
f 2693/289/1077 2695/1209/1078 2696/1210/1078
f 2697/286/1079 2698/1204/1080 2699/649/1079
f 2697/286/1079 2699/649/1079 2700/284/1081
f 2701/1211/1082 2702/1212/1083 2703/1213/1082
f 2701/1211/1082 2703/1213/1082 2704/1214/1082
f 2705/1215/1084 2706/1216/1084 2707/1217/1084
f 2705/1215/1084 2707/1217/1084 2708/1218/1084
f 2709/284/1085 2710/649/1086 2711/648/1087
f 2709/284/1085 2711/648/1087 2712/288/1086
f 2713/1213/1088 2714/1219/1089 2715/1220/1088
f 2713/1213/1088 2715/1220/1088 2716/1214/1088
f 2717/1217/1090 2718/1221/1090 2719/1222/1090
f 2717/1217/1090 2719/1222/1090 2720/1218/1091
f 2721/1223/1092 2722/208/1093 2723/207/1093
f 2721/1223/1092 2723/207/1093 2724/1224/1093
f 2725/1225/1094 2726/1226/1095 2727/1227/1096
f 2725/1225/1094 2727/1227/1096 2728/1228/1096
f 2729/1229/1097 2730/1230/1097 2731/283/1097
f 2729/1229/1097 2731/283/1097 2732/282/1097
f 2733/1231/1098 2734/1232/1098 2735/1233/1098
f 2733/1231/1098 2735/1233/1098 2736/1234/1099
f 2737/1228/1100 2738/1227/1100 2739/208/1101
f 2737/1228/1100 2739/208/1101 2740/1223/1100
f 2741/1235/1102 2742/1236/1102 2743/1237/1103
f 2741/1235/1102 2743/1237/1103 2744/1238/1104
f 2745/1239/1105 2746/1240/1106 2747/1241/1106
f 2745/1239/1105 2747/1241/1106 2748/1242/1106
f 2749/1237/1107 2750/1243/1107 2751/1244/1107
f 2749/1237/1107 2751/1244/1107 2752/1238/1107
f 2753/1241/1108 2754/1240/1108 2755/1245/1109
f 2753/1241/1108 2755/1245/1109 2756/1246/1110
f 2757/1244/1111 2758/1243/1112 2759/1247/1113
f 2757/1244/1111 2759/1247/1113 2760/1248/1111
f 2761/1246/1114 2762/1245/1114 2763/1249/1115
f 2761/1246/1114 2763/1249/1115 2764/1250/1115
f 2765/1247/1116 2766/1251/1117 2767/1252/1116
f 2765/1247/1116 2767/1252/1116 2768/1248/1116
f 2769/306/1118 2770/1253/1119 2771/1254/1118
f 2769/306/1118 2771/1254/1118 2772/304/1119
f 2773/1251/1120 2774/1255/1121 2775/1256/1120
f 2773/1251/1120 2775/1256/1120 2776/1252/1122
f 2777/1257/1123 2778/1258/1123 2779/300/1123
f 2777/1257/1123 2779/300/1123 2780/299/1124
f 2781/1255/1125 2782/1259/1126 2783/1260/1127
f 2781/1255/1125 2783/1260/1127 2784/1256/1125
f 2785/1258/1128 2786/1261/1128 2787/1262/1128
f 2785/1258/1128 2787/1262/1128 2788/300/1129
f 2789/1263/1130 2790/1264/1131 2791/1265/1132
f 2789/1263/1130 2791/1265/1132 2792/1266/1131
f 2793/1261/1133 2794/1267/1133 2795/1268/1133
f 2793/1261/1133 2795/1268/1133 2796/1262/1133
f 2797/1266/1134 2798/1265/1135 2799/642/1134
f 2797/1266/1134 2799/642/1134 2800/688/1134
f 2801/1269/1136 2802/1203/1136 2803/1202/1137
f 2801/1269/1136 2803/1202/1137 2804/1270/1136
f 2805/1271/1138 2806/276/1138 2807/1272/1138
f 2805/1271/1138 2807/1272/1138 2808/1273/1138
f 2809/296/1139 2810/295/1139 2811/1274/1139
f 2809/296/1139 2811/1274/1139 2812/1275/1140
f 2813/1273/1141 2814/1272/1141 2815/1276/1142
f 2813/1273/1141 2815/1276/1142 2816/1277/1142
f 2817/1274/1143 2818/1278/1143 2819/247/1143
f 2817/1274/1143 2819/247/1143 2820/246/1143
f 2821/254/1144 2822/1279/1145 2823/1280/1145
f 2821/254/1144 2823/1280/1145 2824/249/1145
f 2825/1280/1146 2826/1279/1147 2827/1281/1147
f 2825/1280/1146 2827/1281/1147 2828/258/1146
f 2829/246/1148 2830/248/1148 2831/256/1149
f 2829/246/1148 2831/256/1149 2832/255/1148
f 2833/1282/1150 2834/1283/1150 2835/270/1150
f 2833/1282/1150 2835/270/1150 2836/269/1150
f 2837/1284/1151 2838/262/1152 2839/261/1151
f 2837/1284/1151 2839/261/1151 2840/1285/1151
f 2841/1286/1153 2842/1287/1153 2843/1288/1153
f 2841/1286/1153 2843/1288/1153 2844/1289/1153
f 2845/269/1154 2846/271/1154 2847/276/1154
f 2845/269/1154 2847/276/1154 2848/1271/1154
f 2849/1290/1155 2850/279/1156 2851/278/1156
f 2849/1290/1155 2851/278/1156 2852/1291/1155
f 2853/278/1157 2854/1292/1158 2855/1293/1158
f 2853/278/1157 2855/1293/1158 2856/1294/1157
f 2857/1295/1159 2858/1296/1159 2859/306/1159
f 2857/1295/1159 2859/306/1159 2860/305/1159
f 2861/280/1160 2862/1297/1160 2863/1292/1160
f 2861/280/1160 2863/1292/1160 2864/278/1160
f 2865/1241/1161 2866/1246/1161 2867/277/1161
f 2865/1241/1161 2867/277/1161 2868/1298/1161
f 2869/271/1162 2870/1298/1162 2871/277/1162
f 2869/271/1162 2871/277/1162 2872/276/1163
f 2873/1299/1164 2874/1300/1164 2875/1297/1164
f 2873/1299/1164 2875/1297/1164 2876/280/1164
f 2877/1301/1165 2878/1299/1165 2879/280/1165
f 2877/1301/1165 2879/280/1165 2880/279/1166
f 2881/1302/1167 2882/1303/1167 2883/1304/1167
f 2881/1302/1167 2883/1304/1167 2884/1305/1168
f 2885/1305/1169 2886/1304/1169 2887/1306/1170
f 2885/1305/1169 2887/1306/1170 2888/1307/1170
f 2889/283/1171 2890/1308/1171 2891/1309/1172
f 2889/283/1171 2891/1309/1172 2892/281/1172
f 2893/281/1173 2894/1309/1173 2895/268/1173
f 2893/281/1173 2895/268/1173 2896/260/1174
f 2897/1310/1175 2898/1311/1175 2899/1312/1175
f 2897/1310/1175 2899/1312/1175 2900/1313/1175
f 2901/1314/1176 2902/1310/1177 2903/1313/1177
f 2901/1314/1176 2903/1313/1177 2904/1315/1177
f 2905/1316/1178 2906/1302/1179 2907/1305/1180
f 2905/1316/1178 2907/1305/1180 2908/1317/1179
f 2909/1318/1181 2910/1319/1182 2911/270/1182
f 2909/1318/1181 2911/270/1182 2912/1283/1181
f 2913/1320/1183 2914/1321/1184 2915/1311/1184
f 2913/1320/1183 2915/1311/1184 2916/1310/1183
f 2917/266/1185 2918/1322/1185 2919/1323/1185
f 2917/266/1185 2919/1323/1185 2920/264/1185
f 2921/1223/1186 2922/1224/1187 2923/1324/1186
f 2921/1223/1186 2923/1324/1186 2924/1325/1188
f 2925/1313/1189 2926/1326/1189 2927/1327/1189
f 2925/1313/1189 2927/1327/1189 2928/1315/1189
f 2929/1328/1190 2930/282/1190 2931/281/1190
f 2929/1328/1190 2931/281/1190 2932/1329/1191
f 2933/259/1192 2934/1329/1192 2935/281/1193
f 2933/259/1192 2935/281/1193 2936/260/1194
f 2937/1330/1195 2938/1321/1196 2939/1320/1195
f 2937/1330/1195 2939/1320/1195 2940/1331/1195
f 2941/1331/1197 2942/1320/1197 2943/257/1198
f 2941/1331/1197 2943/257/1198 2944/256/1198
f 2945/250/1199 2946/284/1200 2947/288/1199
f 2945/250/1199 2947/288/1199 2948/254/1199
f 2949/1332/1201 2950/1215/1201 2951/1218/1202
f 2949/1332/1201 2951/1218/1202 2952/1333/1201
f 2953/1281/1203 2954/1334/1204 2955/1329/1205
f 2953/1281/1203 2955/1329/1205 2956/259/1203
f 2957/1335/1206 2958/1330/1206 2959/1331/1206
f 2957/1335/1206 2959/1331/1206 2960/1336/1206
f 2961/1336/1207 2962/1331/1208 2963/256/1209
f 2961/1336/1207 2963/256/1209 2964/248/1209
f 2965/285/1210 2966/284/1210 2967/250/1210
f 2965/285/1210 2967/250/1210 2968/245/1211
f 2969/287/1212 2970/289/1212 2971/1210/1212
f 2969/287/1212 2971/1210/1212 2972/1334/1212
f 2973/287/1213 2974/1334/1214 2975/1281/1215
f 2973/287/1213 2975/1281/1215 2976/1279/1216
f 2977/1337/1217 2978/1335/1218 2979/1336/1217
f 2977/1337/1217 2979/1336/1217 2980/290/1217
f 2981/290/1219 2982/1336/1220 2983/248/1219
f 2981/290/1219 2983/248/1219 2984/247/1219
f 2985/244/1221 2986/1202/1222 2987/286/1221
f 2985/244/1221 2987/286/1221 2988/285/1221
f 2989/288/1223 2990/287/1223 2991/1279/1224
f 2989/288/1223 2991/1279/1224 2992/254/1224
f 2993/292/1225 2994/1270/1226 2995/1202/1225
f 2993/292/1225 2995/1202/1225 2996/244/1225
f 2997/1278/1227 2998/293/1228 2999/291/1228
f 2997/1278/1227 2999/291/1228 3000/247/1227
f 3001/1262/1229 3002/1268/1229 3003/1338/1229
f 3001/1262/1229 3003/1338/1229 3004/1339/1230
f 3005/1339/1231 3006/1338/1232 3007/1340/1231
f 3005/1339/1231 3007/1340/1231 3008/1276/1231
f 3009/297/1233 3010/1341/1233 3011/294/1233
f 3009/297/1233 3011/294/1233 3012/293/1233
f 3013/295/1234 3014/297/1235 3015/293/1235
f 3013/295/1234 3015/293/1235 3016/1278/1235
f 3017/300/1236 3018/1262/1237 3019/1339/1236
f 3017/300/1236 3019/1339/1236 3020/298/1238
f 3021/298/1239 3022/1339/1240 3023/1276/1239
f 3021/298/1239 3023/1276/1239 3024/1272/1239
f 3025/1256/1241 3026/1260/1241 3027/1342/1242
f 3025/1256/1241 3027/1342/1242 3028/689/1242
f 3029/1252/1243 3030/1256/1243 3031/689/1243
f 3029/1252/1243 3031/689/1243 3032/685/1244
f 3033/276/1245 3034/275/1246 3035/299/1245
f 3033/276/1245 3035/299/1245 3036/1272/1246
f 3037/1343/1247 3038/702/1247 3039/720/1248
f 3037/1343/1247 3039/720/1248 3040/1344/1248
f 3041/1344/1249 3042/720/1249 3043/717/1249
f 3041/1344/1249 3043/717/1249 3044/1345/1249
f 3045/713/1250 3046/338/1251 3047/1346/1251
f 3045/713/1250 3047/1346/1251 3048/1347/1250
f 3049/1345/1252 3050/717/1252 3051/716/1252
f 3049/1345/1252 3051/716/1252 3052/1348/1253
f 3053/338/1254 3054/315/1255 3055/314/1255
f 3053/338/1254 3055/314/1255 3056/1346/1254
f 3057/716/1256 3058/712/1256 3059/1349/1257
f 3057/716/1256 3059/1349/1257 3060/1348/1257
f 3061/694/1258 3062/693/1258 3063/713/1258
f 3061/694/1258 3063/713/1258 3064/1347/1258
f 3065/712/1259 3066/336/1259 3067/696/1259
f 3065/712/1259 3067/696/1259 3068/1349/1260
f 3069/314/1261 3070/313/1261 3071/334/1261
f 3069/314/1261 3071/334/1261 3072/698/1261
f 3073/697/1262 3074/334/1262 3075/705/1262
f 3073/697/1262 3075/705/1262 3076/1350/1263
f 3077/705/1264 3078/704/1264 3079/1351/1264
f 3077/705/1264 3079/1351/1264 3080/1350/1264
f 3081/704/1265 3082/326/1266 3083/325/1265
f 3081/704/1265 3083/325/1265 3084/1351/1267
f 3085/325/1268 3086/324/1268 3087/1352/1269
f 3085/325/1268 3087/1352/1269 3088/1353/1270
f 3089/1352/1271 3090/700/1271 3091/1354/1271
f 3089/1352/1271 3091/1354/1271 3092/1353/1271
f 3093/700/1272 3094/702/1273 3095/1343/1274
f 3093/700/1272 3095/1343/1274 3096/1354/1272
f 3097/331/1275 3098/721/1275 3099/342/1276
f 3097/331/1275 3099/342/1276 3100/327/1275
f 3101/1352/1277 3102/1355/1278 3103/701/1278
f 3101/1352/1277 3103/701/1278 3104/700/1277
f 3105/703/1279 3106/1355/1280 3107/1352/1279
f 3105/703/1279 3107/1352/1279 3108/324/1281
f 3109/1356/1282 3110/703/1282 3111/326/1282
f 3109/1356/1282 3111/326/1282 3112/704/1283
f 3113/708/1284 3114/1356/1285 3115/704/1284
f 3113/708/1284 3115/704/1284 3116/706/1284
f 3117/316/1286 3118/707/1287 3119/321/1286
f 3117/316/1286 3119/321/1286 3120/320/1286
f 3121/333/1288 3122/706/1289 3123/705/1289
f 3121/333/1288 3123/705/1289 3124/334/1288
f 3125/337/1290 3126/709/1291 3127/711/1291
f 3125/337/1290 3127/711/1291 3128/710/1291
f 3129/337/1292 3130/710/1292 3131/317/1292
f 3129/337/1292 3131/317/1292 3132/335/1292
f 3133/711/1293 3134/332/1294 3135/707/1294
f 3133/711/1293 3135/707/1294 3136/318/1293
f 3137/313/1295 3138/714/1295 3139/708/1295
f 3137/313/1295 3139/708/1295 3140/333/1295
f 3141/715/1296 3142/709/1297 3143/712/1298
f 3141/715/1296 3143/712/1298 3144/716/1298
f 3145/1357/1299 3146/341/1300 3147/693/1300
f 3145/1357/1299 3147/693/1300 3148/718/1300
f 3149/340/1301 3150/714/1301 3151/315/1301
f 3149/340/1301 3151/315/1301 3152/339/1301
f 3153/721/1302 3154/1357/1303 3155/718/1303
f 3153/721/1302 3155/718/1303 3156/719/1304
f 3157/343/1305 3158/719/1305 3159/307/1305
f 3157/343/1305 3159/307/1305 3160/309/1305
f 3161/701/1306 3162/715/1306 3163/720/1306
f 3161/701/1306 3163/720/1306 3164/699/1306
f 3165/1358/1307 3166/1359/1307 3167/1360/1307
f 3165/1358/1307 3167/1360/1307 3168/1361/1307
f 3169/1362/1308 3170/726/1308 3171/725/1308
f 3169/1362/1308 3171/725/1308 3172/1363/1308
f 3173/723/1309 3174/722/1309 3175/1364/1309
f 3173/723/1309 3175/1364/1309 3176/1365/1310
f 3177/1366/1311 3178/346/1311 3179/345/1311
f 3177/1366/1311 3179/345/1311 3180/1367/1312
f 3181/726/1313 3182/1368/1313 3183/1369/1313
f 3181/726/1313 3183/1369/1313 3184/724/1313
f 3185/1368/1314 3186/1370/1315 3187/1371/1315
f 3185/1368/1314 3187/1371/1315 3188/1369/1315
f 3189/1372/1316 3190/1373/1316 3191/1374/1316
f 3189/1372/1316 3191/1374/1316 3192/1375/1316
f 3193/349/1317 3194/1376/1318 3195/1377/1318
f 3193/349/1317 3195/1377/1318 3196/347/1317
f 3197/1378/1319 3198/1379/1319 3199/1380/1319
f 3197/1378/1319 3199/1380/1319 3200/1381/1320
f 3201/1374/1321 3202/1382/1321 3203/1383/1321
f 3201/1374/1321 3203/1383/1321 3204/1375/1321
f 3205/1384/1322 3206/1385/1323 3207/1386/1324
f 3205/1384/1322 3207/1386/1324 3208/1387/1325
f 3209/1381/1326 3210/1380/1327 3211/1388/1327
f 3209/1381/1326 3211/1388/1327 3212/1389/1327
f 3213/1390/1328 3214/1391/1329 3215/1392/1328
f 3213/1390/1328 3215/1392/1328 3216/1393/1330
f 3217/1394/1331 3218/1395/1331 3219/1396/1331
f 3217/1394/1331 3219/1396/1331 3220/1397/1331
f 3221/1398/1332 3222/1399/1333 3223/386/1334
f 3221/1398/1332 3223/386/1334 3224/388/1334
f 3225/1400/1335 3226/1401/1336 3227/1402/1335
f 3225/1400/1335 3227/1402/1335 3228/1403/1337
f 3229/727/1338 3230/1404/1339 3231/1405/1339
f 3229/727/1338 3231/1405/1339 3232/390/1338
f 3233/1402/1340 3234/1406/1340 3235/1407/1340
f 3233/1402/1340 3235/1407/1340 3236/1403/1341
f 3237/1405/1342 3238/1404/1342 3239/1408/1342
f 3237/1405/1342 3239/1408/1342 3240/1409/1342
f 3241/728/1343 3242/730/1344 3243/1410/1343
f 3241/728/1343 3243/1410/1343 3244/1411/1343
f 3245/1406/1345 3246/1412/1346 3247/1413/1345
f 3245/1406/1345 3247/1413/1345 3248/1407/1345
f 3249/1414/1347 3250/352/1347 3251/351/1347
f 3249/1414/1347 3251/351/1347 3252/1415/1347
f 3253/408/1348 3254/1416/1349 3255/1417/1349
f 3253/408/1348 3255/1417/1349 3256/409/1350
f 3257/1417/1351 3258/1418/1352 3259/1419/1352
f 3257/1417/1351 3259/1419/1352 3260/409/1352
f 3261/385/1353 3262/410/1354 3263/1420/1355
f 3261/385/1353 3263/1420/1355 3264/383/1355
f 3265/1421/1356 3266/360/1356 3267/359/1356
f 3265/1421/1356 3267/359/1356 3268/434/1356
f 3269/359/1357 3270/361/1358 3271/365/1359
f 3269/359/1357 3271/365/1359 3272/364/1357
f 3273/366/1360 3274/1422/1360 3275/415/1360
f 3273/366/1360 3275/415/1360 3276/364/1360
f 3277/415/1361 3278/1422/1361 3279/399/1361
f 3277/415/1361 3279/399/1361 3280/419/1361
f 3281/370/1362 3282/369/1363 3283/1423/1363
f 3281/370/1362 3283/1423/1363 3284/1424/1364
f 3285/1423/1365 3286/1425/1365 3287/1426/1366
f 3285/1423/1365 3287/1426/1366 3288/1424/1366
f 3289/374/1367 3290/395/1367 3291/423/1367
f 3289/374/1367 3291/423/1367 3292/372/1367
f 3293/738/1368 3294/737/1368 3295/427/1369
f 3293/738/1368 3295/427/1369 3296/426/1370
f 3297/423/1371 3298/395/1371 3299/377/1371
f 3297/423/1371 3299/377/1371 3300/376/1371
f 3301/429/1372 3302/1427/1373 3303/1428/1373
f 3301/429/1372 3303/1428/1373 3304/430/1373
f 3305/375/1374 3306/1427/1375 3307/429/1374
f 3305/375/1374 3307/429/1374 3308/376/1374
f 3309/1429/1376 3310/1430/1376 3311/1431/1377
f 3309/1429/1376 3311/1431/1377 3312/1432/1377
f 3313/380/1378 3314/1432/1379 3315/1431/1378
f 3313/380/1378 3315/1431/1378 3316/1433/1378
f 3317/1383/1380 3318/388/1380 3319/387/1380
f 3317/1383/1380 3319/387/1380 3320/736/1380
f 3321/736/1381 3322/387/1381 3323/1427/1381
f 3321/736/1381 3323/1427/1381 3324/375/1381
f 3325/1434/1382 3326/1429/1383 3327/1432/1383
f 3325/1434/1382 3327/1432/1383 3328/393/1383
f 3329/393/1384 3330/1432/1384 3331/380/1384
f 3329/393/1384 3331/380/1384 3332/379/1385
f 3333/1375/1386 3334/1383/1386 3335/736/1386
f 3333/1375/1386 3335/736/1386 3336/377/1387
f 3337/1435/1388 3338/1378/1388 3339/1381/1388
f 3337/1435/1388 3339/1381/1388 3340/1436/1388
f 3341/1437/1389 3342/1435/1390 3343/1436/1390
f 3341/1437/1389 3343/1436/1390 3344/1438/1389
f 3345/397/1391 3346/1434/1391 3347/393/1391
f 3345/397/1391 3347/393/1391 3348/394/1391
f 3349/396/1392 3350/1372/1392 3351/1375/1392
f 3349/396/1392 3351/1375/1392 3352/377/1392
f 3353/1439/1393 3354/1372/1393 3355/396/1394
f 3353/1439/1393 3355/396/1394 3356/1440/1394
f 3357/1440/1395 3358/396/1396 3359/395/1396
f 3357/1440/1395 3359/395/1396 3360/374/1395
f 3361/1441/1397 3362/1442/1397 3363/398/1398
f 3361/1441/1397 3363/398/1398 3364/394/1397
f 3365/1423/1399 3366/1441/1400 3367/394/1399
f 3365/1423/1399 3367/394/1399 3368/1425/1400
f 3369/724/1401 3370/1369/1401 3371/1443/1401
f 3369/724/1401 3371/1443/1401 3372/401/1401
f 3373/401/1402 3374/1443/1402 3375/1444/1402
f 3373/401/1402 3375/1444/1402 3376/399/1402
f 3377/1445/1403 3378/1446/1404 3379/1442/1404
f 3377/1445/1403 3379/1442/1404 3380/1441/1405
f 3381/369/1406 3382/1445/1407 3383/1441/1407
f 3381/369/1406 3383/1441/1407 3384/1423/1406
f 3385/725/1408 3386/724/1409 3387/401/1409
f 3385/725/1408 3387/401/1409 3388/400/1409
f 3389/1447/1410 3390/1446/1410 3391/1445/1411
f 3389/1447/1410 3391/1445/1411 3392/1448/1411
f 3393/403/1412 3394/1449/1412 3395/1450/1412
f 3393/403/1412 3395/1450/1412 3396/367/1412
f 3397/1451/1413 3398/1363/1414 3399/725/1414
f 3397/1451/1413 3399/725/1414 3400/400/1415
f 3401/1422/1416 3402/1451/1417 3403/400/1418
f 3401/1422/1416 3403/400/1418 3404/399/1417
f 3405/1452/1419 3406/1453/1419 3407/1363/1419
f 3405/1452/1419 3407/1363/1419 3408/1451/1420
f 3409/366/1421 3410/1452/1421 3411/1451/1421
f 3409/366/1421 3411/1451/1421 3412/1422/1421
f 3413/1454/1422 3414/350/1422 3415/723/1422
f 3413/1454/1422 3415/723/1422 3416/402/1422
f 3417/363/1423 3418/1454/1424 3419/402/1424
f 3417/363/1423 3419/402/1424 3420/367/1423
f 3421/1455/1425 3422/1456/1425 3423/1457/1425
f 3421/1455/1425 3423/1457/1425 3424/1458/1425
f 3425/365/1426 3426/740/1427 3427/1452/1427
f 3425/365/1426 3427/1452/1427 3428/366/1426
f 3429/406/1428 3430/1459/1429 3431/1460/1429
f 3429/406/1428 3431/1460/1429 3432/404/1428
f 3433/1415/1430 3434/351/1431 3435/1461/1432
f 3433/1415/1430 3435/1461/1432 3436/1462/1432
f 3437/358/1433 3438/1462/1434 3439/1461/1434
f 3437/358/1433 3439/1461/1434 3440/363/1433
f 3441/1463/1435 3442/1407/1436 3443/1413/1435
f 3441/1463/1435 3443/1413/1435 3444/1464/1435
f 3445/1465/1437 3446/1463/1438 3447/1464/1438
f 3445/1465/1437 3447/1464/1438 3448/1466/1439
f 3449/1467/1440 3450/1468/1440 3451/1469/1440
f 3449/1467/1440 3451/1469/1440 3452/1470/1440
f 3453/1471/1441 3454/1472/1441 3455/1473/1441
f 3453/1471/1441 3455/1473/1441 3456/1474/1441
f 3457/1405/1442 3458/1409/1442 3459/1475/1442
f 3457/1405/1442 3459/1475/1442 3460/411/1442
f 3461/411/1443 3462/1475/1443 3463/1476/1444
f 3461/411/1443 3463/1476/1444 3464/410/1444
f 3465/1477/1445 3466/1478/1446 3467/1479/1446
f 3465/1477/1445 3467/1479/1446 3468/1480/1446
f 3469/355/1447 3470/1481/1448 3471/1482/1448
f 3469/355/1447 3471/1482/1448 3472/353/1449
f 3473/1483/1450 3474/1467/1450 3475/1470/1451
f 3473/1483/1450 3475/1470/1451 3476/1484/1451
f 3477/1485/1452 3478/1486/1453 3479/1471/1453
f 3477/1485/1452 3479/1471/1453 3480/1474/1452
f 3481/390/1454 3482/1405/1454 3483/411/1455
f 3481/390/1454 3483/411/1455 3484/385/1455
f 3485/414/1456 3486/1400/1457 3487/1403/1457
f 3485/414/1456 3487/1403/1457 3488/412/1457
f 3489/1487/1458 3490/426/1458 3491/425/1458
f 3489/1487/1458 3491/425/1458 3492/1488/1458
f 3493/424/1459 3494/423/1460 3495/376/1460
f 3493/424/1459 3495/376/1460 3496/428/1459
f 3497/1489/1461 3498/381/1461 3499/743/1461
f 3497/1489/1461 3499/743/1461 3500/1490/1461
f 3501/431/1462 3502/430/1463 3503/1491/1462
f 3501/431/1462 3503/1491/1462 3504/1492/1462
f 3505/479/1464 3506/772/1464 3507/1493/1464
f 3505/479/1464 3507/1493/1464 3508/747/1465
f 3509/759/1466 3510/479/1467 3511/748/1468
f 3509/759/1466 3511/748/1468 3512/760/1466
f 3513/772/1469 3514/480/1470 3515/750/1469
f 3513/772/1469 3515/750/1469 3516/1493/1469
f 3517/749/1471 3518/480/1471 3519/770/1471
f 3517/749/1471 3519/770/1471 3520/1494/1471
f 3521/1494/1472 3522/770/1473 3523/446/1472
f 3521/1494/1472 3523/446/1472 3524/445/1472
f 3525/443/1474 3526/1495/1474 3527/1496/1474
f 3525/443/1474 3527/1496/1474 3528/751/1474
f 3529/1495/1475 3530/1497/1475 3531/1498/1475
f 3529/1495/1475 3531/1498/1475 3532/1496/1475
f 3533/1498/1476 3534/1497/1476 3535/1499/1476
f 3533/1498/1476 3535/1499/1476 3536/1500/1477
f 3537/1500/1478 3538/1499/1479 3539/752/1478
f 3537/1500/1478 3539/752/1478 3540/754/1478
f 3541/452/1480 3542/460/1480 3543/758/1480
f 3541/452/1480 3543/758/1480 3544/453/1480
f 3545/459/1481 3546/467/1481 3547/463/1481
f 3545/459/1481 3547/463/1481 3548/454/1482
f 3549/1501/1483 3550/478/1483 3551/477/1484
f 3549/1501/1483 3551/477/1484 3552/763/1483
f 3553/763/1485 3554/477/1485 3555/761/1486
f 3553/763/1485 3555/761/1486 3556/757/1485
f 3557/451/1487 3558/465/1487 3559/459/1487
f 3557/451/1487 3559/459/1487 3560/755/1487
f 3561/764/1488 3562/1501/1488 3563/763/1488
f 3561/764/1488 3563/763/1488 3564/752/1488
f 3565/449/1489 3566/471/1490 3567/465/1490
f 3565/449/1489 3567/465/1490 3568/450/1491
f 3569/1502/1492 3570/1503/1492 3571/764/1492
f 3569/1502/1492 3571/764/1492 3572/765/1493
f 3573/1502/1494 3574/765/1495 3575/1499/1494
f 3573/1502/1494 3575/1499/1494 3576/1497/1496
f 3577/766/1497 3578/471/1497 3579/447/1497
f 3577/766/1497 3579/447/1497 3580/444/1497
f 3581/768/1498 3582/769/1499 3583/1503/1498
f 3581/768/1498 3583/1503/1498 3584/1502/1498
f 3585/768/1500 3586/1502/1500 3587/1497/1500
f 3585/768/1500 3587/1497/1500 3588/1495/1500
f 3589/767/1501 3590/766/1501 3591/444/1502
f 3589/767/1501 3591/444/1502 3592/446/1502
f 3593/1504/1503 3594/769/1504 3595/443/1503
f 3593/1504/1503 3595/443/1503 3596/771/1503
f 3597/480/1505 3598/481/1505 3599/472/1505
f 3597/480/1505 3599/472/1505 3600/767/1505
f 3601/441/1506 3602/464/1506 3603/1504/1506
f 3601/441/1506 3603/1504/1506 3604/771/1506
f 3605/1505/1507 3606/1506/1507 3607/1507/1507
f 3605/1505/1507 3607/1507/1507 3608/1508/1508
f 3609/1507/1509 3610/1506/1509 3611/1509/1509
f 3609/1507/1509 3611/1509/1509 3612/1510/1509
f 3613/582/1510 3614/774/1511 3615/1511/1512
f 3613/582/1510 3615/1511/1512 3616/1512/1511
f 3617/456/1513 3618/455/1513 3619/1513/1513
f 3617/456/1513 3619/1513/1513 3620/490/1514
f 3621/1510/1515 3622/1509/1515 3623/1514/1515
f 3621/1510/1515 3623/1514/1515 3624/1515/1515
f 3625/1516/1516 3626/1517/1516 3627/1518/1516
f 3625/1516/1516 3627/1518/1516 3628/1519/1517
f 3629/1520/1518 3630/774/1519 3631/583/1520
f 3629/1520/1518 3631/583/1520 3632/1521/1520
f 3633/1514/1521 3634/1522/1521 3635/1523/1521
f 3633/1514/1521 3635/1523/1521 3636/1515/1522
f 3637/1524/1523 3638/1525/1523 3639/1526/1523
f 3637/1524/1523 3639/1526/1523 3640/1527/1523
f 3641/1523/1524 3642/1522/1524 3643/496/1524
f 3641/1523/1524 3643/496/1524 3644/495/1524
f 3645/1526/1525 3646/1528/1526 3647/1529/1526
f 3645/1526/1525 3647/1529/1526 3648/1527/1525
f 3649/1530/1527 3650/500/1527 3651/499/1527
f 3649/1530/1527 3651/499/1527 3652/1531/1527
f 3653/775/1528 3654/1532/1528 3655/559/1529
f 3653/775/1528 3655/559/1529 3656/1533/1529
f 3657/1532/1530 3658/1534/1530 3659/588/1530
f 3657/1532/1530 3659/588/1530 3660/559/1530
f 3661/1534/1531 3662/778/1532 3663/777/1533
f 3661/1534/1531 3663/777/1533 3664/588/1532
f 3665/504/1534 3666/503/1534 3667/1535/1534
f 3665/504/1534 3667/1535/1534 3668/1536/1534
f 3669/776/1535 3670/778/1536 3671/1537/1536
f 3669/776/1535 3671/1537/1536 3672/1538/1536
f 3673/1539/1537 3674/1540/1538 3675/489/1538
f 3673/1539/1537 3675/489/1538 3676/773/1538
f 3677/530/1539 3678/1541/1540 3679/558/1541
f 3677/530/1539 3679/558/1541 3680/514/1542
f 3681/532/1543 3682/794/1543 3683/1541/1544
f 3681/532/1543 3683/1541/1544 3684/530/1545
f 3685/543/1546 3686/545/1547 3687/538/1547
f 3685/543/1546 3687/538/1547 3688/534/1546
f 3689/523/1548 3690/1542/1549 3691/1543/1550
f 3689/523/1548 3691/1543/1550 3692/522/1548
f 3693/1544/1551 3694/1545/1551 3695/519/1551
f 3693/1544/1551 3695/519/1551 3696/521/1551
f 3697/1546/1552 3698/567/1553 3699/548/1553
f 3697/1546/1552 3699/548/1553 3700/526/1554
f 3701/563/1555 3702/1547/1555 3703/521/1556
f 3701/563/1555 3703/521/1556 3704/1548/1556
f 3705/536/1557 3706/578/1557 3707/1549/1557
f 3705/536/1557 3707/1549/1557 3708/506/1558
f 3709/560/1559 3710/561/1559 3711/553/1560
f 3709/560/1559 3711/553/1560 3712/558/1559
f 3713/1550/1561 3714/568/1561 3715/567/1562
f 3713/1550/1561 3715/567/1562 3716/1551/1562
f 3717/567/1563 3718/566/1564 3719/587/1565
f 3717/567/1563 3719/587/1565 3720/548/1564
f 3721/587/1566 3722/1552/1566 3723/547/1566
f 3721/587/1566 3723/547/1566 3724/548/1566
f 3725/1544/1567 3726/584/1568 3727/1553/1569
f 3725/1544/1567 3727/1553/1569 3728/1545/1570
f 3729/1552/1571 3730/573/1572 3731/546/1573
f 3729/1552/1571 3731/546/1573 3732/547/1573
f 3733/1553/1574 3734/1554/1574 3735/1555/1575
f 3733/1553/1574 3735/1555/1575 3736/1545/1575
f 3737/1555/1576 3738/1554/1576 3739/1556/1576
f 3737/1555/1576 3739/1556/1576 3740/1557/1576
f 3741/794/1577 3742/574/1578 3743/1533/1578
f 3741/794/1577 3743/1533/1578 3744/1541/1578
f 3745/1558/1579 3746/578/1580 3747/536/1580
f 3745/1558/1579 3747/536/1580 3748/537/1580
f 3749/1533/1581 3750/559/1581 3751/558/1582
f 3749/1533/1581 3751/558/1582 3752/1541/1582
s 0
f 3753/1531/1583 3754/499/1583 3755/578/1583
s 1
f 3753/1531/1584 3755/578/1584 3756/1558/1584
f 3757/1527/1585 3758/1529/1586 3759/577/1585
f 3757/1527/1585 3759/577/1585 3760/542/1587
f 3761/1559/1588 3762/1523/1589 3763/495/1588
f 3761/1559/1588 3763/495/1588 3764/1560/1588
f 3765/574/1590 3766/493/1590 3767/775/1590
f 3765/574/1590 3767/775/1590 3768/1533/1590
f 3769/1515/1591 3770/1523/1591 3771/1559/1592
f 3769/1515/1591 3771/1559/1592 3772/1561/1593
f 3773/573/1594 3774/1521/1595 3775/583/1596
f 3773/573/1594 3775/583/1596 3776/571/1596
f 3777/570/1597 3778/1512/1597 3779/1562/1598
f 3777/570/1597 3779/1562/1598 3780/572/1597
f 3781/1563/1599 3782/1510/1599 3783/1515/1599
f 3781/1563/1599 3783/1515/1599 3784/1561/1599
f 3785/1564/1600 3786/1521/1600 3787/573/1601
f 3785/1564/1600 3787/573/1601 3788/1552/1602
f 3789/571/1603 3790/582/1603 3791/1512/1603
f 3789/571/1603 3791/1512/1603 3792/570/1603
f 3793/584/1604 3794/586/1604 3795/1565/1604
f 3793/584/1604 3795/1565/1604 3796/1553/1605
f 3797/487/1606 3798/1564/1606 3799/1552/1607
f 3797/487/1606 3799/1552/1607 3800/587/1607
f 3801/1566/1608 3802/585/1608 3803/584/1609
f 3801/1566/1608 3803/584/1609 3804/1547/1610
f 3805/566/1611 3806/773/1612 3807/488/1613
f 3805/566/1611 3807/488/1613 3808/587/1611
f 3809/568/1614 3810/1539/1614 3811/773/1614
f 3809/568/1614 3811/773/1614 3812/566/1614
f 3813/563/1615 3814/1567/1616 3815/1566/1616
f 3813/563/1615 3815/1566/1616 3816/1547/1615
f 3817/776/1617 3818/1538/1617 3819/1568/1618
f 3817/776/1617 3819/1568/1618 3820/562/1618
f 3821/565/1619 3822/1569/1619 3823/1567/1619
f 3821/565/1619 3823/1567/1619 3824/563/1619
f 3825/777/1620 3826/776/1620 3827/562/1621
f 3825/777/1620 3827/562/1621 3828/561/1621
f 3829/588/1622 3830/777/1622 3831/561/1623
f 3829/588/1622 3831/561/1623 3832/560/1623
f 3833/578/1624 3834/498/1625 3835/501/1625
f 3833/578/1624 3835/501/1625 3836/1549/1624
s 0
f 3837/1570/1626 3838/1571/1626 3839/1572/1626
f 3837/1570/1626 3839/1572/1626 3840/1573/1626
f 3841/1574/1627 3842/1575/1627 3843/1576/1627
f 3841/1574/1627 3843/1576/1627 3844/1577/1627
f 3845/1578/1628 3846/1579/1628 3847/1580/1628
f 3845/1578/1628 3847/1580/1628 3848/1581/1628
f 3849/1573/1629 3850/1572/1629 3851/1582/1629
f 3849/1573/1629 3851/1582/1629 3852/1583/1629
f 3853/1584/1630 3854/1585/1630 3855/1586/1630
f 3853/1584/1630 3855/1586/1630 3856/1587/1630
f 3857/1588/1631 3858/1589/1631 3859/1590/1631
f 3857/1588/1631 3859/1590/1631 3860/1591/1631
f 3861/1592/1632 3862/1593/1632 3863/1594/1632
f 3861/1592/1632 3863/1594/1632 3864/1595/1632
f 3865/1596/1633 3866/1597/1633 3867/1598/1633
f 3865/1596/1633 3867/1598/1633 3868/1599/1633
f 3869/1600/1634 3870/1601/1634 3871/1587/1634
f 3869/1600/1634 3871/1587/1634 3872/1586/1634
f 3873/1601/1635 3874/1596/1635 3875/1599/1635
f 3873/1601/1635 3875/1599/1635 3876/1587/1635
s 1
f 3877/1602/1636 3878/1592/1636 3879/1595/1636
s 0
f 3877/1602/1636 3879/1595/1636 3880/1577/1636
s 1
f 3881/1603/1637 3882/1588/1637 3883/1591/1637
s 0
f 3881/1603/1637 3883/1591/1637 3884/1581/1637
f 3885/1604/1638 3886/1584/1638 3887/1587/1638
f 3885/1604/1638 3887/1587/1638 3888/1599/1638
f 3889/1605/1639 3890/1606/1639 3891/1607/1639
f 3889/1605/1639 3891/1607/1639 3892/1608/1639
f 3893/1606/1640 3894/1573/1640 3895/1583/1640
f 3893/1606/1640 3895/1583/1640 3896/1607/1640
f 3897/1609/1641 3898/1610/1641 3899/1591/1641
f 3897/1609/1641 3899/1591/1641 3900/1590/1641
f 3901/1610/1642 3902/1578/1642 3903/1581/1642
f 3901/1610/1642 3903/1581/1642 3904/1591/1642
f 3905/1611/1643 3906/1612/1643 3907/1595/1643
f 3905/1611/1643 3907/1595/1643 3908/1594/1643
f 3909/1612/1644 3910/1574/1644 3911/1577/1644
f 3909/1612/1644 3911/1577/1644 3912/1595/1644
f 3913/1613/1645 3914/1614/1645 3915/1606/1645
f 3913/1613/1645 3915/1606/1645 3916/1605/1645
f 3917/1614/1646 3918/1570/1646 3919/1573/1646
f 3917/1614/1646 3919/1573/1646 3920/1606/1646
f 3921/1598/1647 3922/1615/1647 3923/1604/1647
f 3921/1598/1647 3923/1604/1647 3924/1599/1647
f 3925/1576/1648 3926/1616/1648 3927/1602/1648
f 3925/1576/1648 3927/1602/1648 3928/1577/1648
f 3929/1580/1649 3930/1617/1649 3931/1603/1649
f 3929/1580/1649 3931/1603/1649 3932/1581/1649
s 1
f 3935/941/1650 3936/937/1651 3937/935/1651
f 3938/934/1651 3939/33/1651 3940/32/1651
f 3942/927/1651 3940/32/1651 3941/929/1651
f 3940/32/1651 3942/927/1651 3938/934/1651
f 3938/934/1651 3942/927/1651 3937/935/1651
f 3937/935/1651 3942/927/1651 3943/1618/1651
f 3937/935/1651 3943/1618/1651 3935/941/1650
f 3935/941/1650 3943/1618/1651 3934/590/1651
f 3934/590/1651 3943/1618/1651 3944/1619/1652
f 3944/1619/1652 3933/20/1651 3934/590/1651
f 3933/20/1651 3944/1619/1652 3945/1620/1651
f 3933/20/1651 3945/1620/1651 3952/21/1651
f 3952/21/1651 3945/1620/1651 3946/1621/1651
f 3952/21/1651 3946/1621/1651 3951/926/1651
f 3951/926/1651 3946/1621/1651 3947/1622/1651
f 3951/926/1651 3947/1622/1651 3950/30/1651
f 3950/30/1651 3947/1622/1651 3948/36/1651
f 3950/30/1651 3948/36/1651 3949/930/1651
f 3960/23/1653 3958/1618/1653 3959/927/1653
f 3958/1618/1653 3960/23/1653 3961/591/1653
f 3958/1618/1653 3961/591/1653 3957/1623/1653
f 3957/1623/1653 3961/591/1653 3962/592/1653
f 3957/1623/1653 3962/592/1653 3956/1624/1653
f 3956/1624/1653 3962/592/1653 3955/1625/1653
f 3955/1625/1653 3962/592/1653 3963/26/1654
f 3955/1625/1653 3953/36/1653 3954/1622/1653
f 3953/36/1653 3955/1625/1653 3963/26/1654
f 3953/36/1653 3963/26/1654 3964/28/1653
f 3953/36/1653 3964/28/1653 3965/939/1653
f 3953/36/1653 3965/939/1653 3966/40/1653
