# Blender 4.3.2
# www.blender.org
mtllib tree2.mtl
o _9_tree__9_tree_0
v 0.030941 0.934582 -0.008353
v 0.001685 1.017046 0.000903
v 0.027498 0.934582 0.022534
v -0.021590 0.934582 0.017346
v 0.001685 1.017046 0.000903
v -0.022309 0.934582 -0.002522
v 0.009969 0.934582 -0.027690
v 0.001685 1.017046 0.000903
v 0.021388 0.938733 -0.023740
v -0.001833 0.934582 -0.027472
v 0.001685 1.017046 0.000903
v 0.009969 0.934582 -0.027690
v -0.012187 0.938733 0.029828
v 0.001685 1.017046 0.000903
v -0.021590 0.934582 0.017346
v 0.013006 0.938733 0.032309
v 0.001685 1.017046 0.000903
v -0.012187 0.938733 0.029828
v 0.027498 0.934582 0.022534
v 0.001685 1.017046 0.000903
v 0.013006 0.938733 0.032309
v -0.022309 0.934582 -0.002522
v 0.001685 1.017046 0.000903
v -0.001833 0.934582 -0.027472
v 0.021388 0.938733 -0.023740
v 0.001685 1.017046 0.000903
v 0.030941 0.934582 -0.008353
v 0.020955 0.804766 0.078945
v 0.005088 0.770895 0.099519
v 0.043443 0.770895 0.091890
v 0.020955 0.804766 0.078945
v 0.043443 0.770895 0.091890
v 0.041137 0.802412 0.050668
v 0.041137 0.802412 0.050668
v 0.043443 0.770895 0.091890
v 0.061054 0.774483 0.053344
v -0.063148 0.804766 0.044109
v -0.087511 0.770895 0.037647
v -0.065784 0.770895 0.070163
v -0.063148 0.804766 0.044109
v -0.065784 0.770895 0.070163
v -0.029027 0.802412 0.050668
v -0.029027 0.802412 0.050668
v -0.065784 0.770895 0.070163
v -0.023134 0.774483 0.070090
v -0.029027 0.802412 0.050668
v -0.023134 0.774483 0.070090
v -0.006264 0.802412 0.060096
v -0.006264 0.802412 0.060096
v -0.023134 0.774483 0.070090
v 0.005088 0.770895 0.099519
v -0.006264 0.802412 0.060096
v 0.005088 0.770895 0.099519
v 0.020955 0.804766 0.078945
v -0.023134 0.774483 0.070090
v -0.040731 0.751674 0.068083
v -0.011016 0.751674 0.080391
v 0.005088 0.770895 -0.100934
v -0.011016 0.751674 -0.081300
v -0.033268 0.770895 -0.093305
v -0.065784 0.770895 0.070163
v -0.040731 0.751674 0.068083
v -0.023134 0.774483 0.070090
v 0.005088 0.770895 -0.100934
v 0.036609 0.751674 -0.076609
v -0.011016 0.751674 -0.081300
v -0.065784 0.770895 0.070163
v -0.063473 0.751674 0.045341
v -0.040731 0.751674 0.068083
v 0.035992 0.774483 -0.072651
v 0.036609 0.751674 -0.076609
v 0.005088 0.770895 -0.100934
v -0.087511 0.770895 0.037647
v -0.063473 0.751674 0.045341
v -0.065784 0.770895 0.070163
v 0.061054 0.774483 0.053344
v 0.073602 0.751674 0.045341
v 0.077800 0.774483 0.028282
v 0.043443 0.770895 0.091890
v 0.021146 0.751674 0.080391
v 0.050859 0.751674 0.068083
v 0.005088 0.770895 0.099519
v 0.021146 0.751674 0.080391
v 0.043443 0.770895 0.091890
v 0.005088 0.770895 0.099519
v -0.011016 0.751674 0.080391
v 0.021146 0.751674 0.080391
v -0.023134 0.774483 0.070090
v -0.011016 0.751674 0.080391
v 0.005088 0.770895 0.099519
v 0.048614 0.862463 0.007013
v 0.027498 0.934582 0.022534
v 0.053481 0.857482 0.032796
v -0.042454 0.862463 -0.001956
v -0.022309 0.934582 -0.002522
v -0.049304 0.857482 -0.022143
v 0.053481 0.857482 0.032796
v 0.027498 0.934582 0.022534
v 0.037326 0.857482 0.048951
v -0.049304 0.857482 -0.022143
v -0.022309 0.934582 -0.002522
v -0.028631 0.857482 -0.035309
v -0.028631 0.857482 -0.035309
v -0.022309 0.934582 -0.002522
v -0.001833 0.934582 -0.027472
v -0.028631 0.857482 -0.035309
v -0.001833 0.934582 -0.027472
v -0.005447 0.862463 -0.047049
v -0.006629 0.857482 0.057695
v -0.012187 0.938733 0.029828
v -0.027736 0.857482 0.048952
v -0.027736 0.857482 0.048952
v -0.012187 0.938733 0.029828
v -0.021590 0.934582 0.017346
v -0.027736 0.857482 0.048952
v -0.021590 0.934582 0.017346
v -0.034707 0.862463 0.023587
v 0.012492 0.862463 -0.047049
v 0.009969 0.934582 -0.027690
v 0.037326 0.857482 -0.048421
v 0.062225 0.857482 -0.011158
v 0.030941 0.934582 -0.008353
v 0.048614 0.862463 0.007013
v 0.037326 0.857482 -0.048421
v 0.009969 0.934582 -0.027690
v 0.021388 0.938733 -0.023740
v 0.048614 0.862463 0.007013
v 0.030941 0.934582 -0.008353
v 0.027498 0.934582 0.022534
v 0.037326 0.857482 -0.048421
v 0.021388 0.938733 -0.023740
v 0.053481 0.857482 -0.032266
v 0.050705 0.802412 -0.046487
v 0.037326 0.857482 -0.048421
v 0.053481 0.857482 -0.032266
v 0.086898 0.804766 -0.001406
v 0.048614 0.862463 0.007013
v 0.064394 0.802412 0.022329
v 0.030220 0.802412 -0.060175
v 0.037326 0.857482 -0.048421
v 0.050705 0.802412 -0.046487
v 0.086898 0.804766 -0.001406
v 0.062225 0.857482 -0.011158
v 0.048614 0.862463 0.007013
v 0.030220 0.802412 -0.060175
v 0.012492 0.862463 -0.047049
v 0.037326 0.857482 -0.048421
v 0.004972 0.804766 -0.083333
v 0.012492 0.862463 -0.047049
v 0.030220 0.802412 -0.060175
v 0.004972 0.804766 -0.083333
v -0.005447 0.862463 -0.047049
v 0.012492 0.862463 -0.047049
v -0.026381 0.804766 -0.077096
v -0.005447 0.862463 -0.047049
v 0.004972 0.804766 -0.083333
v 0.020955 0.804766 0.078945
v 0.037326 0.857482 0.048951
v 0.016219 0.857482 0.057695
v 0.041137 0.802412 0.050668
v 0.037326 0.857482 0.048951
v 0.020955 0.804766 0.078945
v 0.080662 0.804766 -0.032758
v 0.062225 0.857482 -0.011158
v 0.086898 0.804766 -0.001406
v 0.041137 0.802412 0.050668
v 0.053481 0.857482 0.032796
v 0.037326 0.857482 0.048951
v 0.080662 0.804766 -0.032758
v 0.053481 0.857482 -0.032266
v 0.062225 0.857482 -0.011158
v 0.064394 0.802412 0.022329
v 0.053481 0.857482 0.032796
v 0.041137 0.802412 0.050668
v 0.050705 0.802412 -0.046487
v 0.053481 0.857482 -0.032266
v 0.080662 0.804766 -0.032758
v 0.064394 0.802412 0.022329
v 0.048614 0.862463 0.007013
v 0.053481 0.857482 0.032796
v -0.045529 0.727964 0.009097
v -0.033972 0.742509 0.016285
v -0.047313 0.747793 0.000037
v 0.004576 0.598136 -0.167873
v -0.024675 0.572131 -0.151121
v -0.028059 0.598136 -0.164659
v 0.081372 0.557684 0.075507
v 0.060503 0.553308 0.059000
v 0.064732 0.553218 0.054839
v 0.026263 0.557684 -0.106164
v 0.025007 0.555386 -0.094405
v 0.020165 0.555735 -0.095190
v -0.024675 0.572131 -0.151121
v -0.035924 0.557684 -0.100039
v -0.053465 0.572131 -0.142387
v -0.053465 0.572131 0.141188
v -0.035924 0.557684 0.098839
v -0.024675 0.572131 0.149921
v 0.035204 0.572131 -0.151121
v 0.026263 0.557684 -0.106164
v 0.004576 0.598136 -0.167873
v -0.086671 0.572131 0.082536
v -0.070842 0.557684 0.075507
v -0.063415 0.572131 0.101622
v 0.053571 0.572955 -0.128220
v 0.026263 0.557684 -0.106164
v 0.035204 0.572131 -0.151121
v -0.109812 0.574412 0.041210
v -0.094174 0.557684 0.040589
v -0.122340 0.572131 0.084663
v 0.113784 0.572131 -0.109119
v 0.065062 0.557684 -0.090092
v 0.077161 0.572955 -0.115611
v -0.116110 0.574412 0.020451
v -0.094174 0.557684 0.040589
v -0.109812 0.574412 0.041210
v 0.094662 0.574412 0.041210
v 0.104703 0.557684 0.040589
v 0.100959 0.574412 0.020451
v 0.132870 0.572131 0.084663
v 0.104703 0.557684 0.040589
v 0.094662 0.574412 0.041210
v 0.147052 0.572131 -0.059330
v 0.094757 0.557684 -0.060397
v 0.143658 0.598136 -0.093532
v -0.145257 0.572131 -0.030540
v -0.100299 0.557684 -0.021598
v -0.148205 0.572131 -0.000600
v 0.090528 0.572131 0.127005
v 0.081372 0.557684 0.075507
v 0.113784 0.572131 0.107919
v 0.158734 0.572131 -0.000600
v 0.110827 0.557684 -0.021598
v 0.155785 0.572131 -0.030540
v -0.122340 0.572131 -0.085863
v -0.084229 0.557684 -0.060397
v -0.136522 0.572131 -0.059330
v -0.085824 0.574412 -0.079387
v -0.084229 0.557684 -0.060397
v -0.122340 0.572131 -0.085863
v -0.011741 0.598136 0.165066
v 0.005265 0.557684 0.107032
v 0.014014 0.574412 0.107397
v -0.053465 0.572131 -0.142387
v -0.035924 0.557684 -0.100039
v -0.069056 0.574412 -0.093149
v -0.126369 0.593163 0.022393
v -0.045529 0.727964 0.009097
v -0.162697 0.598136 -0.000600
v 0.132870 0.572131 0.084663
v 0.054846 0.719714 0.034465
v 0.113784 0.572131 0.107919
v 0.147052 0.572131 -0.059330
v 0.046119 0.727964 -0.018704
v 0.155785 0.572131 -0.030540
v -0.159483 0.598136 -0.033233
v -0.054482 0.719714 -0.023971
v -0.149964 0.598136 -0.064612
v 0.090528 0.572131 0.127005
v 0.020078 0.727964 0.044165
v 0.034772 0.574412 0.101100
v -0.134506 0.598136 -0.093532
v -0.032362 0.727964 -0.034315
v -0.093359 0.593163 -0.086424
v 0.034772 0.574412 0.101100
v 0.020078 0.727964 0.044165
v 0.014014 0.574412 0.107397
v -0.093359 0.593163 -0.086424
v -0.032362 0.727964 -0.034315
v -0.075081 0.593163 -0.101424
v -0.059437 0.598136 -0.155140
v -0.016750 0.727964 -0.044746
v -0.028059 0.598136 -0.164659
v -0.059436 0.598136 0.153940
v -0.031542 0.719714 0.051649
v -0.071773 0.598136 0.113099
v 0.004576 0.598136 -0.167873
v 0.003060 0.719714 -0.062419
v 0.035204 0.572131 -0.151121
v -0.097120 0.598136 0.092296
v -0.038344 0.727964 0.026442
v -0.134506 0.598136 0.092332
v 0.053571 0.572955 -0.128220
v 0.026894 0.719714 -0.057678
v 0.077161 0.572955 -0.115611
v 0.158734 0.572131 -0.000600
v 0.064145 0.719714 0.012014
v 0.100959 0.574412 0.020451
v -0.119505 0.593163 0.045019
v -0.045529 0.727964 0.009097
v -0.126369 0.593163 0.022393
v 0.100959 0.574412 0.020451
v 0.064145 0.719714 0.012014
v 0.094662 0.574412 0.041210
v 0.113784 0.572131 -0.109119
v 0.035687 0.727964 -0.034315
v 0.143658 0.598136 -0.093532
v 0.098575 0.538770 0.019265
v 0.099299 0.555813 0.004370
v 0.099082 0.556220 0.026396
v 0.039916 0.538770 -0.090478
v 0.030189 0.555577 -0.093277
v 0.046051 0.555875 -0.088299
v 0.002208 0.541890 -0.084039
v -0.011037 0.553508 -0.080393
v 0.002780 0.556622 -0.098195
v -0.081339 0.541890 -0.000492
v -0.095955 0.557372 0.007299
v -0.080309 0.554088 -0.008970
v -0.021142 0.368926 0.133138
v -0.028305 0.367134 0.109234
v -0.007555 0.366865 0.113564
v -0.120642 0.368926 -0.053014
v -0.073144 0.360903 -0.046459
v -0.080497 0.360703 -0.033031
v -0.108026 0.368926 0.075084
v -0.098303 0.367600 0.050855
v -0.088089 0.366838 0.067154
v -0.032485 0.384093 -0.191699
v -0.046753 0.368926 -0.126903
v -0.069005 0.384093 -0.180621
v -0.102660 0.384093 0.161098
v -0.070357 0.368926 0.112752
v -0.069005 0.384093 0.179087
v 0.034328 0.389977 -0.150426
v 0.005494 0.368926 -0.137295
v 0.004831 0.389977 -0.153331
v -0.156370 0.384093 0.107387
v -0.108026 0.368926 0.075084
v -0.132160 0.384093 0.136888
v 0.113647 0.384093 -0.162631
v 0.081345 0.368926 -0.114286
v 0.079992 0.384093 -0.180621
v -0.134860 0.389977 0.055730
v -0.108026 0.368926 0.075084
v -0.156370 0.384093 0.107387
v 0.196425 0.384093 0.037211
v 0.142022 0.368926 -0.000767
v 0.200167 0.384093 -0.000767
v 0.143147 0.384093 -0.138421
v 0.081345 0.368926 -0.114286
v 0.113647 0.384093 -0.162631
v -0.189179 0.384093 -0.000767
v -0.131034 0.368926 -0.000767
v -0.143463 0.389977 0.027366
v 0.130548 0.389977 0.081870
v 0.119014 0.368926 0.075084
v 0.185348 0.384093 0.073731
v 0.144522 0.389977 -0.059993
v 0.119013 0.368926 -0.076618
v 0.130548 0.389977 -0.086134
v 0.111746 0.389977 0.104783
v 0.119014 0.368926 0.075084
v 0.130548 0.389977 0.081870
v -0.174360 0.384093 -0.075265
v -0.120642 0.368926 -0.053014
v -0.185438 0.384093 -0.038746
v 0.200167 0.384093 -0.000767
v 0.142022 0.368926 -0.000767
v 0.196425 0.384093 -0.038746
v 0.079992 0.384093 0.179087
v 0.057742 0.368926 0.125369
v 0.113648 0.384093 0.161097
v -0.102083 0.389977 -0.109046
v -0.091046 0.368926 -0.097307
v -0.120887 0.389977 -0.086134
v 0.043473 0.384093 0.190165
v 0.057742 0.368926 0.125369
v 0.079992 0.384093 0.179087
v -0.102660 0.384093 -0.162631
v -0.091046 0.368926 -0.097307
v -0.102083 0.389977 -0.109046
v -0.024666 0.389977 0.146163
v -0.021142 0.368926 0.133138
v 0.004831 0.389977 0.149068
v -0.157480 0.424526 0.030019
v -0.081339 0.541890 -0.000492
v -0.207562 0.412864 -0.000767
v 0.141178 0.424526 0.089425
v 0.071674 0.541890 0.045924
v 0.120683 0.424526 0.114399
v 0.156405 0.424526 -0.065197
v 0.079394 0.541890 -0.032464
v 0.212725 0.412864 -0.042162
v -0.203485 0.412864 -0.042162
v -0.074979 0.541890 -0.032464
v -0.191411 0.412864 -0.081965
v 0.122502 0.412864 0.175656
v 0.048623 0.541890 0.068974
v 0.085819 0.412864 0.195263
v -0.132874 0.424526 -0.093689
v -0.066967 0.538770 -0.069218
v -0.112379 0.424526 -0.118662
v -0.112379 0.424526 -0.118662
v -0.066967 0.538770 -0.069218
v -0.113262 0.412864 -0.177190
v 0.046015 0.412864 0.207338
v 0.002384 0.538770 0.098208
v 0.004153 0.424526 0.162667
v -0.027998 0.424526 0.159501
v -0.029764 0.541890 0.076695
v -0.076578 0.412864 0.195264
v -0.036776 0.412864 -0.208872
v 0.002208 0.541890 -0.084039
v 0.004152 0.424526 -0.166930
v 0.004152 0.424526 -0.166930
v 0.002208 0.541890 -0.084039
v 0.036303 0.424526 -0.163764
v -0.113262 0.412864 0.175656
v -0.056870 0.541890 0.058584
v -0.145415 0.412864 0.149268
v 0.085818 0.412864 -0.196797
v 0.039916 0.538770 -0.090478
v 0.122502 0.412864 -0.177190
v -0.171803 0.412864 0.117115
v -0.088226 0.538770 0.037664
v -0.148102 0.424526 0.060934
v 0.216802 0.412864 -0.000767
v 0.098575 0.538770 0.019265
v 0.212725 0.412864 0.040627
v 0.212725 0.412864 0.040627
v 0.098575 0.538770 0.019265
v 0.200651 0.412864 0.080431
v 0.154655 0.412864 -0.150802
v 0.061284 0.541890 -0.059569
v 0.141178 0.424526 -0.093689
v 0.106359 0.344795 0.019972
v 0.112442 0.366390 0.024499
v 0.084521 0.360513 0.043403
v 0.077470 0.344795 0.074022
v 0.076682 0.360888 0.057526
v 0.069273 0.366848 0.091864
v -0.067239 0.179339 -0.179523
v -0.016950 0.165182 -0.058114
v -0.100554 0.179339 -0.161716
v -0.100554 0.179339 -0.161716
v -0.016950 0.165182 -0.058114
v -0.129754 0.179339 -0.137753
v 0.044094 0.179339 0.187493
v 0.049835 0.165182 0.041835
v 0.080243 0.179339 0.176528
v 0.080243 0.179339 0.176528
v 0.049835 0.165182 0.041835
v 0.113557 0.179339 0.158721
v -0.153718 0.179339 -0.108552
v -0.054780 0.165182 -0.001498
v -0.171525 0.179339 -0.075238
v 0.199194 0.179339 -0.001498
v 0.066606 0.165182 -0.013453
v 0.195493 0.179339 -0.039090
v 0.113557 0.179339 0.158721
v 0.049835 0.165182 0.041835
v 0.142756 0.179339 0.134757
v -0.171525 0.179339 -0.075238
v -0.054780 0.165182 -0.001498
v -0.182489 0.179339 -0.039090
v 0.142756 0.179339 0.134757
v 0.049835 0.165182 0.041835
v 0.166721 0.179339 0.105557
v -0.182489 0.179339 -0.039090
v -0.054780 0.165182 -0.001498
v -0.186193 0.179339 -0.001498
v 0.184526 0.179339 -0.075238
v 0.040548 0.165182 -0.052451
v 0.166721 0.179339 -0.108552
v -0.186193 0.179339 -0.001498
v -0.054780 0.165182 -0.001498
v -0.182489 0.179339 0.036095
v 0.166721 0.179339 -0.108552
v 0.040548 0.165182 -0.052451
v 0.142756 0.179339 -0.137753
v 0.184526 0.179339 0.072243
v 0.066606 0.165182 -0.013453
v 0.195493 0.179339 0.036095
v -0.182489 0.179339 0.036095
v -0.054780 0.165182 -0.001498
v -0.171525 0.179339 0.072243
v 0.142756 0.179339 -0.137753
v 0.040548 0.165182 -0.052451
v 0.113557 0.179339 -0.161716
v 0.195493 0.179339 0.036095
v 0.066606 0.165182 -0.013453
v 0.199194 0.179339 -0.001498
v -0.171525 0.179339 0.072243
v -0.054780 0.165182 -0.001498
v -0.153718 0.179339 0.105557
v 0.113557 0.179339 -0.161716
v 0.040548 0.165182 -0.052451
v 0.080243 0.179339 -0.179523
v -0.129754 0.179339 0.134757
v -0.036831 0.165182 0.041835
v -0.100554 0.179339 0.158721
v 0.044094 0.179339 -0.190489
v -0.016950 0.165182 -0.058114
v 0.006502 0.179339 -0.194191
v -0.100554 0.179339 0.158721
v -0.036831 0.165182 0.041835
v -0.067238 0.179339 0.176528
v 0.006502 0.179339 -0.194191
v -0.016950 0.165182 -0.058114
v -0.031091 0.179339 -0.190489
v -0.067238 0.179339 0.176528
v -0.036831 0.165182 0.041835
v -0.031091 0.179339 0.187493
v -0.031091 0.179339 -0.190489
v -0.016950 0.165182 -0.058114
v -0.067239 0.179339 -0.179523
v -0.288447 0.231340 0.056926
v -0.123335 0.338605 0.024664
v -0.294201 0.231340 -0.001498
v 0.214123 0.227837 -0.137987
v 0.090598 0.344795 -0.059270
v 0.281940 0.231340 -0.116100
v 0.214123 0.227837 0.133171
v 0.077470 0.344795 0.074022
v 0.217025 0.231340 0.210259
v -0.207235 0.226375 -0.041314
v -0.094701 0.344795 -0.041020
v -0.194666 0.226375 -0.082750
v 0.226047 0.226375 -0.041314
v 0.127937 0.338605 -0.025317
v 0.230292 0.226375 0.001779
v 0.146794 0.227837 0.200501
v 0.051322 0.338605 0.118020
v 0.104603 0.227837 0.223052
v -0.243731 0.231340 -0.167874
v -0.071818 0.344795 -0.075267
v -0.206490 0.231340 -0.213254
v 0.104603 0.227837 0.223052
v 0.051322 0.338605 0.118020
v 0.063692 0.231340 0.292217
v -0.206490 0.231340 -0.213254
v -0.071818 0.344795 -0.075267
v -0.161108 0.231340 -0.250497
v 0.005268 0.231340 0.297971
v -0.017768 0.344795 0.102912
v -0.033686 0.226375 0.218420
v -0.036396 0.227837 -0.241755
v 0.002302 0.338605 -0.128424
v 0.005268 0.231340 -0.300967
v -0.075123 0.226375 0.205851
v -0.055822 0.344795 0.087150
v -0.161108 0.231340 0.247502
v 0.005268 0.231340 -0.300967
v 0.002302 0.338605 -0.128424
v 0.058823 0.227837 -0.241755
v -0.206488 0.231340 0.210259
v -0.104208 0.338605 0.070841
v -0.191695 0.227837 0.133171
v 0.104603 0.227837 -0.227868
v 0.043222 0.344795 -0.098150
v 0.171644 0.231340 -0.250497
v -0.214246 0.227837 0.090981
v -0.123335 0.338605 0.024664
v -0.288447 0.231340 0.056926
v 0.298983 0.231340 0.056925
v 0.106359 0.344795 0.019972
v 0.236674 0.227837 0.090980
v 0.183774 0.227837 -0.174968
v 0.090598 0.344795 -0.059270
v 0.214123 0.227837 -0.137987
v -0.038596 0.802412 -0.046487
v -0.048196 0.774483 -0.055905
v -0.064942 0.774483 -0.030843
v -0.052284 0.802412 -0.026001
v 0.086898 0.804766 -0.001406
v 0.105314 0.770895 -0.000708
v 0.097685 0.770895 -0.039063
v 0.080662 0.804766 -0.032758
v 0.041137 0.802412 0.050668
v 0.061054 0.774483 0.053344
v 0.077800 0.774483 0.028282
v 0.064394 0.802412 0.022329
v -0.052284 0.802412 -0.026001
v -0.064942 0.774483 -0.030843
v -0.095140 0.770895 -0.000708
v -0.076954 0.804766 -0.001406
v 0.080662 0.804766 -0.032758
v 0.097685 0.770895 -0.039063
v 0.061054 0.774483 -0.055905
v 0.050705 0.802412 -0.046487
v 0.064394 0.802412 0.022329
v 0.077800 0.774483 0.028282
v 0.105314 0.770895 -0.000708
v 0.086898 0.804766 -0.001406
v -0.076954 0.804766 -0.001406
v -0.095140 0.770895 -0.000708
v -0.087511 0.770895 0.037647
v -0.063148 0.804766 0.044109
v 0.050705 0.802412 -0.046487
v 0.061054 0.774483 -0.055905
v 0.035992 0.774483 -0.072651
v 0.030220 0.802412 -0.060175
v 0.030220 0.802412 -0.060175
v 0.035992 0.774483 -0.072651
v 0.005088 0.770895 -0.100934
v 0.004972 0.804766 -0.083333
v 0.004972 0.804766 -0.083333
v 0.005088 0.770895 -0.100934
v -0.033268 0.770895 -0.093305
v -0.026381 0.804766 -0.077096
v -0.026381 0.804766 -0.077096
v -0.033268 0.770895 -0.093305
v -0.048196 0.774483 -0.055905
v -0.038596 0.802412 -0.046487
v 0.021146 0.751674 0.080391
v 0.011878 0.746958 0.048319
v 0.029103 0.747538 0.042885
v 0.050859 0.751674 0.068083
v 0.081220 0.751674 -0.031999
v 0.037607 0.741112 -0.014942
v 0.026556 0.741564 -0.029188
v 0.063351 0.751674 -0.058741
v 0.061054 0.774483 -0.055905
v 0.063351 0.751674 -0.058741
v 0.036609 0.751674 -0.076609
v 0.035992 0.774483 -0.072651
v -0.095140 0.770895 -0.000708
v -0.077365 0.751674 -0.000454
v -0.063473 0.751674 0.045341
v -0.087511 0.770895 0.037647
v 0.077800 0.774483 0.028282
v 0.073602 0.751674 0.045341
v 0.087493 0.751674 -0.000454
v 0.105314 0.770895 -0.000708
v 0.097685 0.770895 -0.039063
v 0.081220 0.751674 -0.031999
v 0.063351 0.751674 -0.058741
v 0.061054 0.774483 -0.055905
v -0.064942 0.774483 -0.030843
v -0.071090 0.751674 -0.031999
v -0.077365 0.751674 -0.000454
v -0.095140 0.770895 -0.000708
v 0.043443 0.770895 0.091890
v 0.050859 0.751674 0.068083
v 0.073602 0.751674 0.045341
v 0.061054 0.774483 0.053344
v 0.105314 0.770895 -0.000708
v 0.087493 0.751674 -0.000454
v 0.081220 0.751674 -0.031999
v 0.097685 0.770895 -0.039063
v -0.048196 0.774483 -0.055905
v -0.053222 0.751674 -0.058741
v -0.071090 0.751674 -0.031999
v -0.064942 0.774483 -0.030843
v -0.033268 0.770895 -0.093305
v -0.011016 0.751674 -0.081300
v -0.053222 0.751674 -0.058741
v -0.048196 0.774483 -0.055905
v 0.053481 0.857482 -0.032266
v 0.021388 0.938733 -0.023740
v 0.030941 0.934582 -0.008353
v 0.062225 0.857482 -0.011158
v 0.037326 0.857482 0.048951
v 0.027498 0.934582 0.022534
v 0.013006 0.938733 0.032309
v 0.016219 0.857482 0.057695
v 0.016219 0.857482 0.057695
v 0.013006 0.938733 0.032309
v -0.012187 0.938733 0.029828
v -0.006629 0.857482 0.057695
v -0.005447 0.862463 -0.047049
v -0.001833 0.934582 -0.027472
v 0.009969 0.934582 -0.027690
v 0.012492 0.862463 -0.047049
v -0.034707 0.862463 0.023587
v -0.021590 0.934582 0.017346
v -0.022309 0.934582 -0.002522
v -0.042454 0.862463 -0.001956
v -0.063148 0.804766 0.044109
v -0.034707 0.862463 0.023587
v -0.042454 0.862463 -0.001956
v -0.076954 0.804766 -0.001406
v -0.029027 0.802412 0.050668
v -0.027736 0.857482 0.048952
v -0.034707 0.862463 0.023587
v -0.063148 0.804766 0.044109
v -0.006264 0.802412 0.060096
v -0.006629 0.857482 0.057695
v -0.027736 0.857482 0.048952
v -0.029027 0.802412 0.050668
v -0.038596 0.802412 -0.046487
v -0.028631 0.857482 -0.035309
v -0.005447 0.862463 -0.047049
v -0.026381 0.804766 -0.077096
v 0.020955 0.804766 0.078945
v 0.016219 0.857482 0.057695
v -0.006629 0.857482 0.057695
v -0.006264 0.802412 0.060096
v -0.052284 0.802412 -0.026001
v -0.049304 0.857482 -0.022143
v -0.028631 0.857482 -0.035309
v -0.038596 0.802412 -0.046487
v -0.076954 0.804766 -0.001406
v -0.042454 0.862463 -0.001956
v -0.049304 0.857482 -0.022143
v -0.052284 0.802412 -0.026001
v 0.026894 0.719714 -0.057678
v 0.027147 0.747441 -0.043637
v 0.025925 0.741651 -0.029911
v 0.035687 0.727964 -0.034315
v 0.064145 0.719714 0.012014
v 0.051677 0.746359 -0.004814
v 0.051885 0.746293 -0.002900
v 0.052709 0.748084 0.010978
v 0.026894 0.719714 -0.057678
v 0.011663 0.747314 -0.048378
v 0.019751 0.746728 -0.046128
v 0.027147 0.747441 -0.043637
v -0.031542 0.719714 0.051649
v -0.033319 0.748645 0.035418
v -0.031369 0.742582 0.022515
v -0.038344 0.727964 0.026442
v 0.003060 0.719714 -0.062419
v 0.002744 0.747634 -0.050050
v 0.011663 0.747314 -0.048378
v 0.026894 0.719714 -0.057678
v -0.031542 0.719714 0.051649
v -0.015359 0.748213 0.047587
v -0.026814 0.748158 0.039956
v -0.033319 0.748645 0.035418
v -0.007723 0.727964 0.046903
v -0.006423 0.742248 0.039292
v -0.015359 0.748213 0.047587
v -0.031542 0.719714 0.051649
v -0.032362 0.727964 -0.034315
v -0.041055 0.747531 -0.020790
v -0.039802 0.747700 -0.023033
v -0.026576 0.742179 -0.027108
v -0.054482 0.719714 -0.023971
v -0.045910 0.748176 -0.013149
v -0.041055 0.747531 -0.020790
v -0.032362 0.727964 -0.034315
v 0.046119 0.727964 -0.018704
v 0.037895 0.741187 -0.014468
v 0.051677 0.746359 -0.004814
v 0.064145 0.719714 0.012014
v 0.054846 0.719714 0.034465
v 0.041536 0.748270 0.033599
v 0.031384 0.747879 0.042070
v 0.020078 0.727964 0.044165
v 0.054846 0.719714 0.034465
v 0.049371 0.747791 0.019269
v 0.047347 0.747501 0.023255
v 0.041536 0.748270 0.033599
v 0.064145 0.719714 0.012014
v 0.052709 0.748084 0.010978
v 0.049371 0.747791 0.019269
v 0.054846 0.719714 0.034465
v -0.093359 0.593163 -0.086424
v -0.085824 0.574412 -0.079387
v -0.122340 0.572131 -0.085863
v -0.134506 0.598136 -0.093532
v -0.134506 0.598136 -0.093532
v -0.122340 0.572131 -0.085863
v -0.136522 0.572131 -0.059330
v -0.149964 0.598136 -0.064612
v -0.149964 0.598136 -0.064612
v -0.136522 0.572131 -0.059330
v -0.145257 0.572131 -0.030540
v -0.159483 0.598136 -0.033233
v -0.159483 0.598136 -0.033233
v -0.145257 0.572131 -0.030540
v -0.148205 0.572131 -0.000600
v -0.162697 0.598136 -0.000600
v -0.162697 0.598136 -0.000600
v -0.148205 0.572131 -0.000600
v -0.116110 0.574412 0.020451
v -0.126369 0.593163 0.022393
v -0.126369 0.593163 0.022393
v -0.116110 0.574412 0.020451
v -0.109812 0.574412 0.041210
v -0.119505 0.593163 0.045019
v -0.119505 0.593163 0.045019
v -0.109812 0.574412 0.041210
v -0.122340 0.572131 0.084663
v -0.134506 0.598136 0.092332
v -0.134506 0.598136 0.092332
v -0.122340 0.572131 0.084663
v -0.086671 0.572131 0.082536
v -0.097120 0.598136 0.092296
v -0.097120 0.598136 0.092296
v -0.086671 0.572131 0.082536
v -0.063415 0.572131 0.101622
v -0.071773 0.598136 0.113099
v -0.071773 0.598136 0.113099
v -0.063415 0.572131 0.101622
v -0.053465 0.572131 0.141188
v -0.059436 0.598136 0.153940
v -0.059436 0.598136 0.153940
v -0.053465 0.572131 0.141188
v -0.024675 0.572131 0.149921
v -0.011741 0.598136 0.165066
v -0.028059 0.598136 -0.164659
v -0.024675 0.572131 -0.151121
v -0.053465 0.572131 -0.142387
v -0.059437 0.598136 -0.155140
v -0.059437 0.598136 -0.155140
v -0.053465 0.572131 -0.142387
v -0.069056 0.574412 -0.093149
v -0.075081 0.593163 -0.101424
v -0.075081 0.593163 -0.101424
v -0.069056 0.574412 -0.093149
v -0.085824 0.574412 -0.079387
v -0.093359 0.593163 -0.086424
v 0.005265 0.557684 0.107032
v 0.004630 0.556311 0.099992
v 0.040809 0.555980 0.091070
v 0.046453 0.557684 0.098839
v -0.094174 0.557684 0.040589
v -0.089000 0.556549 0.037878
v -0.068161 0.556773 0.071129
v -0.070842 0.557684 0.075507
v 0.004576 0.598136 -0.167873
v 0.026263 0.557684 -0.106164
v -0.035924 0.557684 -0.100039
v -0.024675 0.572131 -0.151121
v -0.063415 0.572131 0.101622
v -0.070842 0.557684 0.075507
v -0.035924 0.557684 0.098839
v -0.053465 0.572131 0.141188
v -0.122340 0.572131 0.084663
v -0.094174 0.557684 0.040589
v -0.070842 0.557684 0.075507
v -0.086671 0.572131 0.082536
v 0.077161 0.572955 -0.115611
v 0.065062 0.557684 -0.090092
v 0.026263 0.557684 -0.106164
v 0.053571 0.572955 -0.128220
v 0.100959 0.574412 0.020451
v 0.104703 0.557684 0.040589
v 0.110827 0.557684 -0.021598
v 0.158734 0.572131 -0.000600
v 0.143658 0.598136 -0.093532
v 0.094757 0.557684 -0.060397
v 0.065062 0.557684 -0.090092
v 0.113784 0.572131 -0.109119
v -0.148205 0.572131 -0.000600
v -0.100299 0.557684 -0.021598
v -0.094174 0.557684 0.040589
v -0.116110 0.574412 0.020451
v 0.113784 0.572131 0.107919
v 0.081372 0.557684 0.075507
v 0.104703 0.557684 0.040589
v 0.132870 0.572131 0.084663
v 0.155785 0.572131 -0.030540
v 0.110827 0.557684 -0.021598
v 0.094757 0.557684 -0.060397
v 0.147052 0.572131 -0.059330
v -0.136522 0.572131 -0.059330
v -0.084229 0.557684 -0.060397
v -0.100299 0.557684 -0.021598
v -0.145257 0.572131 -0.030540
v 0.034772 0.574412 0.101100
v 0.046453 0.557684 0.098839
v 0.081372 0.557684 0.075507
v 0.090528 0.572131 0.127005
v 0.014014 0.574412 0.107397
v 0.005265 0.557684 0.107032
v 0.046453 0.557684 0.098839
v 0.034772 0.574412 0.101100
v -0.069056 0.574412 -0.093149
v -0.035924 0.557684 -0.100039
v -0.084229 0.557684 -0.060397
v -0.085824 0.574412 -0.079387
v -0.024675 0.572131 0.149921
v -0.035924 0.557684 0.098839
v 0.005265 0.557684 0.107032
v -0.011741 0.598136 0.165066
v 0.094662 0.574412 0.041210
v 0.064145 0.719714 0.012014
v 0.054846 0.719714 0.034465
v 0.132870 0.572131 0.084663
v 0.143658 0.598136 -0.093532
v 0.035687 0.727964 -0.034315
v 0.046119 0.727964 -0.018704
v 0.147052 0.572131 -0.059330
v -0.162697 0.598136 -0.000600
v -0.045529 0.727964 0.009097
v -0.054482 0.719714 -0.023971
v -0.159483 0.598136 -0.033233
v 0.113784 0.572131 0.107919
v 0.054846 0.719714 0.034465
v 0.020078 0.727964 0.044165
v 0.090528 0.572131 0.127005
v 0.155785 0.572131 -0.030540
v 0.046119 0.727964 -0.018704
v 0.064145 0.719714 0.012014
v 0.158734 0.572131 -0.000600
v -0.149964 0.598136 -0.064612
v -0.054482 0.719714 -0.023971
v -0.032362 0.727964 -0.034315
v -0.134506 0.598136 -0.093532
v 0.014014 0.574412 0.107397
v 0.020078 0.727964 0.044165
v -0.007723 0.727964 0.046903
v -0.011741 0.598136 0.165066
v -0.075081 0.593163 -0.101424
v -0.032362 0.727964 -0.034315
v -0.016750 0.727964 -0.044746
v -0.059437 0.598136 -0.155140
v -0.011741 0.598136 0.165066
v -0.007723 0.727964 0.046903
v -0.031542 0.719714 0.051649
v -0.059436 0.598136 0.153940
v -0.028059 0.598136 -0.164659
v -0.016750 0.727964 -0.044746
v 0.003060 0.719714 -0.062419
v 0.004576 0.598136 -0.167873
v 0.035204 0.572131 -0.151121
v 0.003060 0.719714 -0.062419
v 0.026894 0.719714 -0.057678
v 0.053571 0.572955 -0.128220
v -0.071773 0.598136 0.113099
v -0.031542 0.719714 0.051649
v -0.038344 0.727964 0.026442
v -0.097120 0.598136 0.092296
v -0.134506 0.598136 0.092332
v -0.038344 0.727964 0.026442
v -0.045529 0.727964 0.009097
v -0.119505 0.593163 0.045019
v 0.077161 0.572955 -0.115611
v 0.026894 0.719714 -0.057678
v 0.035687 0.727964 -0.034315
v 0.113784 0.572131 -0.109119
v -0.088226 0.538770 0.037664
v -0.090871 0.556861 0.034048
v -0.095955 0.557372 0.007299
v -0.081339 0.541890 -0.000492
v -0.029764 0.541890 0.076695
v -0.037950 0.554101 0.073570
v -0.057342 0.554144 0.060588
v -0.056870 0.541890 0.058584
v -0.029764 0.541890 0.076695
v -0.029836 0.556718 0.095185
v -0.033143 0.556519 0.093529
v -0.037950 0.554101 0.073570
v 0.002384 0.538770 0.098208
v -0.002948 0.556718 0.100533
v -0.029836 0.556718 0.095185
v -0.029764 0.541890 0.076695
v -0.066967 0.538770 -0.069218
v -0.063154 0.556856 -0.072580
v -0.034177 0.553752 -0.075657
v -0.029764 0.541890 -0.077679
v 0.046015 0.412864 0.207338
v 0.043473 0.384093 0.190165
v 0.079992 0.384093 0.179087
v 0.085819 0.412864 0.195263
v -0.112379 0.424526 -0.118662
v -0.102083 0.389977 -0.109046
v -0.120887 0.389977 -0.086134
v -0.132874 0.424526 -0.093689
v 0.085819 0.412864 0.195263
v 0.079992 0.384093 0.179087
v 0.113648 0.384093 0.161097
v 0.122502 0.412864 0.175656
v -0.132874 0.424526 -0.093689
v -0.120887 0.389977 -0.086134
v -0.174360 0.384093 -0.075265
v -0.191411 0.412864 -0.081965
v 0.216802 0.412864 -0.000767
v 0.200167 0.384093 -0.000767
v 0.196425 0.384093 -0.038746
v 0.212725 0.412864 -0.042162
v 0.122502 0.412864 0.175656
v 0.113648 0.384093 0.161097
v 0.111746 0.389977 0.104783
v 0.120683 0.424526 0.114399
v -0.191411 0.412864 -0.081965
v -0.174360 0.384093 -0.075265
v -0.185438 0.384093 -0.038746
v -0.203485 0.412864 -0.042162
v 0.212725 0.412864 -0.042162
v 0.196425 0.384093 -0.038746
v 0.144522 0.389977 -0.059993
v 0.156405 0.424526 -0.065197
v 0.120683 0.424526 0.114399
v 0.111746 0.389977 0.104783
v 0.130548 0.389977 0.081870
v 0.141178 0.424526 0.089425
v -0.203485 0.412864 -0.042162
v -0.185438 0.384093 -0.038746
v -0.189179 0.384093 -0.000767
v -0.207562 0.412864 -0.000767
v 0.156405 0.424526 -0.065197
v 0.144522 0.389977 -0.059993
v 0.130548 0.389977 -0.086134
v 0.141178 0.424526 -0.093689
v 0.141178 0.424526 0.089425
v 0.130548 0.389977 0.081870
v 0.185348 0.384093 0.073731
v 0.200651 0.412864 0.080431
v -0.207562 0.412864 -0.000767
v -0.189179 0.384093 -0.000767
v -0.143463 0.389977 0.027366
v -0.157480 0.424526 0.030019
v 0.141178 0.424526 -0.093689
v 0.130548 0.389977 -0.086134
v 0.143147 0.384093 -0.138421
v 0.154655 0.412864 -0.150802
v 0.200651 0.412864 0.080431
v 0.185348 0.384093 0.073731
v 0.196425 0.384093 0.037211
v 0.212725 0.412864 0.040627
v -0.157480 0.424526 0.030019
v -0.143463 0.389977 0.027366
v -0.134860 0.389977 0.055730
v -0.148102 0.424526 0.060934
v 0.154655 0.412864 -0.150802
v 0.143147 0.384093 -0.138421
v 0.113647 0.384093 -0.162631
v 0.122502 0.412864 -0.177190
v 0.212725 0.412864 0.040627
v 0.196425 0.384093 0.037211
v 0.200167 0.384093 -0.000767
v 0.216802 0.412864 -0.000767
v -0.148102 0.424526 0.060934
v -0.134860 0.389977 0.055730
v -0.156370 0.384093 0.107387
v -0.171803 0.412864 0.117115
v 0.122502 0.412864 -0.177190
v 0.113647 0.384093 -0.162631
v 0.079992 0.384093 -0.180621
v 0.085818 0.412864 -0.196797
v -0.171803 0.412864 0.117115
v -0.156370 0.384093 0.107387
v -0.132160 0.384093 0.136888
v -0.145415 0.412864 0.149268
v 0.085818 0.412864 -0.196797
v 0.079992 0.384093 -0.180621
v 0.034328 0.389977 -0.150426
v 0.036303 0.424526 -0.163764
v -0.145415 0.412864 0.149268
v -0.132160 0.384093 0.136888
v -0.102660 0.384093 0.161098
v -0.113262 0.412864 0.175656
v 0.036303 0.424526 -0.163764
v 0.034328 0.389977 -0.150426
v 0.004831 0.389977 -0.153331
v 0.004152 0.424526 -0.166930
v -0.113262 0.412864 0.175656
v -0.102660 0.384093 0.161098
v -0.069005 0.384093 0.179087
v -0.076578 0.412864 0.195264
v 0.004152 0.424526 -0.166930
v 0.004831 0.389977 -0.153331
v -0.032485 0.384093 -0.191699
v -0.036776 0.412864 -0.208872
v -0.076578 0.412864 0.195264
v -0.069005 0.384093 0.179087
v -0.024666 0.389977 0.146163
v -0.027998 0.424526 0.159501
v -0.036776 0.412864 -0.208872
v -0.032485 0.384093 -0.191699
v -0.069005 0.384093 -0.180621
v -0.076578 0.412864 -0.196797
v -0.027998 0.424526 0.159501
v -0.024666 0.389977 0.146163
v 0.004831 0.389977 0.149068
v 0.004153 0.424526 0.162667
v -0.076578 0.412864 -0.196797
v -0.069005 0.384093 -0.180621
v -0.102660 0.384093 -0.162631
v -0.113262 0.412864 -0.177190
v 0.004153 0.424526 0.162667
v 0.004831 0.389977 0.149068
v 0.043473 0.384093 0.190165
v 0.046015 0.412864 0.207338
v -0.113262 0.412864 -0.177190
v -0.102660 0.384093 -0.162631
v -0.102083 0.389977 -0.109046
v -0.112379 0.424526 -0.118662
v 0.057742 0.368926 0.125369
v 0.044492 0.366130 0.103803
v 0.058744 0.366715 0.099012
v 0.061316 0.366715 0.097293
v 0.005494 0.368926 -0.137295
v 0.011627 0.365502 -0.108880
v 0.001974 0.366005 -0.110411
v -0.008019 0.366005 -0.108423
v 0.005494 0.368926 -0.137295
v -0.008019 0.366005 -0.108423
v -0.040797 0.366005 -0.101903
v -0.046753 0.368926 -0.126903
v -0.069005 0.384093 0.179087
v -0.070357 0.368926 0.112752
v -0.021142 0.368926 0.133138
v -0.024666 0.389977 0.146163
v 0.004831 0.389977 -0.153331
v 0.005494 0.368926 -0.137295
v -0.046753 0.368926 -0.126903
v -0.032485 0.384093 -0.191699
v -0.132160 0.384093 0.136888
v -0.108026 0.368926 0.075084
v -0.070357 0.368926 0.112752
v -0.102660 0.384093 0.161098
v 0.079992 0.384093 -0.180621
v 0.081345 0.368926 -0.114286
v 0.005494 0.368926 -0.137295
v 0.034328 0.389977 -0.150426
v -0.143463 0.389977 0.027366
v -0.131034 0.368926 -0.000767
v -0.108026 0.368926 0.075084
v -0.134860 0.389977 0.055730
v 0.185348 0.384093 0.073731
v 0.119014 0.368926 0.075084
v 0.142022 0.368926 -0.000767
v 0.196425 0.384093 0.037211
v 0.130548 0.389977 -0.086134
v 0.119013 0.368926 -0.076618
v 0.081345 0.368926 -0.114286
v 0.143147 0.384093 -0.138421
v -0.185438 0.384093 -0.038746
v -0.120642 0.368926 -0.053014
v -0.131034 0.368926 -0.000767
v -0.189179 0.384093 -0.000767
v 0.196425 0.384093 -0.038746
v 0.142022 0.368926 -0.000767
v 0.119013 0.368926 -0.076618
v 0.144522 0.389977 -0.059993
v 0.113648 0.384093 0.161097
v 0.057742 0.368926 0.125369
v 0.119014 0.368926 0.075084
v 0.111746 0.389977 0.104783
v -0.120887 0.389977 -0.086134
v -0.091046 0.368926 -0.097307
v -0.120642 0.368926 -0.053014
v -0.174360 0.384093 -0.075265
v 0.004831 0.389977 0.149068
v -0.021142 0.368926 0.133138
v 0.057742 0.368926 0.125369
v 0.043473 0.384093 0.190165
v -0.069005 0.384093 -0.180621
v -0.046753 0.368926 -0.126903
v -0.091046 0.368926 -0.097307
v -0.102660 0.384093 -0.162631
v 0.200651 0.412864 0.080431
v 0.098575 0.538770 0.019265
v 0.071674 0.541890 0.045924
v 0.141178 0.424526 0.089425
v 0.141178 0.424526 -0.093689
v 0.061284 0.541890 -0.059569
v 0.079394 0.541890 -0.032464
v 0.156405 0.424526 -0.065197
v -0.207562 0.412864 -0.000767
v -0.081339 0.541890 -0.000492
v -0.074979 0.541890 -0.032464
v -0.203485 0.412864 -0.042162
v 0.120683 0.424526 0.114399
v 0.071674 0.541890 0.045924
v 0.048623 0.541890 0.068974
v 0.122502 0.412864 0.175656
v 0.212725 0.412864 -0.042162
v 0.079394 0.541890 -0.032464
v 0.098575 0.538770 0.019265
v 0.216802 0.412864 -0.000767
v -0.191411 0.412864 -0.081965
v -0.074979 0.541890 -0.032464
v -0.066967 0.538770 -0.069218
v -0.132874 0.424526 -0.093689
v 0.085819 0.412864 0.195263
v 0.048623 0.541890 0.068974
v 0.002384 0.538770 0.098208
v 0.046015 0.412864 0.207338
v -0.113262 0.412864 -0.177190
v -0.066967 0.538770 -0.069218
v -0.029764 0.541890 -0.077679
v -0.076578 0.412864 -0.196797
v 0.004153 0.424526 0.162667
v 0.002384 0.538770 0.098208
v -0.029764 0.541890 0.076695
v -0.027998 0.424526 0.159501
v -0.076578 0.412864 -0.196797
v -0.029764 0.541890 -0.077679
v 0.002208 0.541890 -0.084039
v -0.036776 0.412864 -0.208872
v -0.076578 0.412864 0.195264
v -0.029764 0.541890 0.076695
v -0.056870 0.541890 0.058584
v -0.113262 0.412864 0.175656
v 0.036303 0.424526 -0.163764
v 0.002208 0.541890 -0.084039
v 0.039916 0.538770 -0.090478
v 0.085818 0.412864 -0.196797
v -0.145415 0.412864 0.149268
v -0.056870 0.541890 0.058584
v -0.088226 0.538770 0.037664
v -0.171803 0.412864 0.117115
v 0.122502 0.412864 -0.177190
v 0.039916 0.538770 -0.090478
v 0.061284 0.541890 -0.059569
v 0.154655 0.412864 -0.150802
v -0.148102 0.424526 0.060934
v -0.088226 0.538770 0.037664
v -0.081339 0.541890 -0.000492
v -0.157480 0.424526 0.030019
v -0.104208 0.338605 0.070841
v -0.098402 0.367607 0.050699
v -0.102931 0.367769 0.039472
v -0.123335 0.338605 0.024664
v -0.055822 0.344795 0.087150
v -0.072446 0.367161 0.085758
v -0.081264 0.367161 0.076940
v -0.104208 0.338605 0.070841
v -0.055822 0.344795 0.087150
v -0.036907 0.361621 0.084651
v -0.062152 0.366821 0.092936
v -0.072446 0.367161 0.085758
v -0.017768 0.344795 0.102912
v -0.027493 0.361621 0.088551
v -0.036907 0.361621 0.084651
v -0.055822 0.344795 0.087150
v -0.071818 0.344795 -0.075267
v -0.052248 0.366029 -0.094439
v -0.041234 0.366029 -0.101798
v -0.046720 0.338605 -0.118673
v 0.051322 0.338605 0.118020
v 0.014294 0.367001 0.112267
v -0.004334 0.367001 0.114102
v -0.017768 0.344795 0.102912
v -0.071818 0.344795 -0.075267
v -0.062624 0.361029 -0.063731
v -0.068709 0.366029 -0.083440
v -0.052248 0.366029 -0.094439
v 0.051322 0.338605 0.118020
v 0.058744 0.366715 0.099012
v 0.044492 0.366130 0.103803
v 0.014294 0.367001 0.112267
v -0.123335 0.338605 0.024664
v -0.108375 0.366577 -0.006549
v -0.086324 0.361230 -0.021262
v -0.094701 0.344795 -0.041020
v -0.123335 0.338605 0.024664
v -0.102931 0.367769 0.039472
v -0.108340 0.366556 -0.006039
v -0.108375 0.366577 -0.006549
v 0.063692 0.231340 0.292217
v 0.060103 0.193497 0.267980
v 0.097902 0.196999 0.204447
v 0.104603 0.227837 0.223052
v -0.206490 0.231340 -0.213254
v -0.187781 0.193497 -0.195780
v -0.221951 0.193497 -0.154145
v -0.243731 0.231340 -0.167874
v 0.104603 0.227837 0.223052
v 0.097902 0.196999 0.204447
v 0.136611 0.196999 0.183757
v 0.146794 0.227837 0.200501
v -0.243731 0.231340 -0.167874
v -0.221951 0.193497 -0.154145
v -0.176917 0.198462 -0.075775
v -0.194666 0.226375 -0.082750
v 0.230292 0.226375 0.001779
v 0.212974 0.198462 0.001779
v 0.209080 0.198462 -0.037758
v 0.226047 0.226375 -0.041314
v 0.146794 0.227837 0.200501
v 0.136611 0.196999 0.183757
v 0.200785 0.193497 0.192785
v 0.217025 0.231340 0.210259
v -0.194666 0.226375 -0.082750
v -0.176917 0.198462 -0.075775
v -0.188449 0.198462 -0.037758
v -0.207235 0.226375 -0.041314
v 0.226047 0.226375 -0.041314
v 0.209080 0.198462 -0.037758
v 0.260344 0.193497 -0.106643
v 0.281940 0.231340 -0.116100
v 0.217025 0.231340 0.210259
v 0.200785 0.193497 0.192785
v 0.198385 0.196999 0.121983
v 0.214123 0.227837 0.133171
v -0.207235 0.226375 -0.041314
v -0.188449 0.198462 -0.037758
v -0.268255 0.193497 -0.001498
v -0.294201 0.231340 -0.001498
v 0.281940 0.231340 -0.116100
v 0.260344 0.193497 -0.106643
v 0.198384 0.196999 -0.126800
v 0.214123 0.227837 -0.137987
v 0.214123 0.227837 0.133171
v 0.198385 0.196999 0.121983
v 0.219075 0.196999 0.083274
v 0.236674 0.227837 0.090980
v -0.294201 0.231340 -0.001498
v -0.268255 0.193497 -0.001498
v -0.262976 0.193497 0.052105
v -0.288447 0.231340 0.056926
v 0.214123 0.227837 -0.137987
v 0.198384 0.196999 -0.126800
v 0.170540 0.196999 -0.160728
v 0.183774 0.227837 -0.174968
v 0.236674 0.227837 0.090980
v 0.219075 0.196999 0.083274
v 0.275979 0.193497 0.052104
v 0.298983 0.231340 0.056925
v -0.288447 0.231340 0.056926
v -0.262976 0.193497 0.052105
v -0.194636 0.196999 0.083274
v -0.214246 0.227837 0.090981
v 0.183774 0.227837 -0.174968
v 0.170540 0.196999 -0.160728
v 0.159149 0.193497 -0.229950
v 0.171644 0.231340 -0.250497
v 0.298983 0.231340 0.056925
v 0.275979 0.193497 0.052104
v 0.212974 0.198462 0.001779
v 0.230292 0.226375 0.001779
v -0.214246 0.227837 0.090981
v -0.194636 0.196999 0.083274
v -0.173946 0.196999 0.121983
v -0.191695 0.227837 0.133171
v 0.171644 0.231340 -0.250497
v 0.159149 0.193497 -0.229950
v 0.097902 0.196999 -0.209264
v 0.104603 0.227837 -0.227868
v -0.191695 0.227837 0.133171
v -0.173946 0.196999 0.121983
v -0.187780 0.193497 0.192785
v -0.206488 0.231340 0.210259
v 0.104603 0.227837 -0.227868
v 0.097902 0.196999 -0.209264
v 0.055900 0.196999 -0.222005
v 0.058823 0.227837 -0.241755
v -0.206488 0.231340 0.210259
v -0.187780 0.193497 0.192785
v -0.146145 0.193497 0.226955
v -0.161108 0.231340 0.247502
v 0.058823 0.227837 -0.241755
v 0.055900 0.196999 -0.222005
v 0.006502 0.193497 -0.276255
v 0.005268 0.231340 -0.300967
v -0.161108 0.231340 0.247502
v -0.146145 0.193497 0.226955
v -0.067238 0.198462 0.189011
v -0.075123 0.226375 0.205851
v 0.005268 0.231340 -0.300967
v 0.006502 0.193497 -0.276255
v -0.031461 0.196999 -0.222005
v -0.036396 0.227837 -0.241755
v -0.075123 0.226375 0.205851
v -0.067238 0.198462 0.189011
v -0.029222 0.198462 0.200543
v -0.033686 0.226375 0.218420
v -0.036396 0.227837 -0.241755
v -0.031461 0.196999 -0.222005
v -0.073463 0.196999 -0.209264
v -0.082174 0.227837 -0.227868
v -0.033686 0.226375 0.218420
v -0.029222 0.198462 0.200543
v 0.006502 0.193497 0.273259
v 0.005268 0.231340 0.297971
v -0.082174 0.227837 -0.227868
v -0.073463 0.196999 -0.209264
v -0.146145 0.193497 -0.229950
v -0.161108 0.231340 -0.250497
v 0.005268 0.231340 0.297971
v 0.006502 0.193497 0.273259
v 0.060103 0.193497 0.267980
v 0.063692 0.231340 0.292217
v -0.161108 0.231340 -0.250497
v -0.146145 0.193497 -0.229950
v -0.187781 0.193497 -0.195780
v -0.206490 0.231340 -0.213254
v -0.031091 0.179339 0.187493
v -0.036831 0.165182 0.041835
v 0.006502 0.165182 0.059784
v 0.006502 0.179339 0.191196
v 0.006502 0.179339 0.191196
v 0.006502 0.165182 0.059784
v 0.049835 0.165182 0.041835
v 0.044094 0.179339 0.187493
v -0.129754 0.179339 -0.137753
v -0.016950 0.165182 -0.058114
v -0.054780 0.165182 -0.001498
v -0.153718 0.179339 -0.108552
v 0.195493 0.179339 -0.039090
v 0.066606 0.165182 -0.013453
v 0.040548 0.165182 -0.052451
v 0.184526 0.179339 -0.075238
v 0.166721 0.179339 0.105557
v 0.049835 0.165182 0.041835
v 0.066606 0.165182 -0.013453
v 0.184526 0.179339 0.072243
v -0.153718 0.179339 0.105557
v -0.054780 0.165182 -0.001498
v -0.036831 0.165182 0.041835
v -0.129754 0.179339 0.134757
v 0.080243 0.179339 -0.179523
v 0.040548 0.165182 -0.052451
v -0.016950 0.165182 -0.058114
v 0.044094 0.179339 -0.190489
v -0.031461 0.196999 -0.222005
v -0.031091 0.179339 -0.190489
v -0.067239 0.179339 -0.179523
v -0.073463 0.196999 -0.209264
v -0.067238 0.198462 0.189011
v -0.067238 0.179339 0.176528
v -0.031091 0.179339 0.187493
v -0.029222 0.198462 0.200543
v 0.006502 0.193497 -0.276255
v 0.006502 0.179339 -0.194191
v -0.031091 0.179339 -0.190489
v -0.031461 0.196999 -0.222005
v -0.146145 0.193497 0.226955
v -0.100554 0.179339 0.158721
v -0.067238 0.179339 0.176528
v -0.067238 0.198462 0.189011
v 0.055900 0.196999 -0.222005
v 0.044094 0.179339 -0.190489
v 0.006502 0.179339 -0.194191
v 0.006502 0.193497 -0.276255
v -0.187780 0.193497 0.192785
v -0.129754 0.179339 0.134757
v -0.100554 0.179339 0.158721
v -0.146145 0.193497 0.226955
v 0.097902 0.196999 -0.209264
v 0.080243 0.179339 -0.179523
v 0.044094 0.179339 -0.190489
v 0.055900 0.196999 -0.222005
v -0.173946 0.196999 0.121983
v -0.153718 0.179339 0.105557
v -0.129754 0.179339 0.134757
v -0.187780 0.193497 0.192785
v 0.159149 0.193497 -0.229950
v 0.113557 0.179339 -0.161716
v 0.080243 0.179339 -0.179523
v 0.097902 0.196999 -0.209264
v -0.194636 0.196999 0.083274
v -0.171525 0.179339 0.072243
v -0.153718 0.179339 0.105557
v -0.173946 0.196999 0.121983
v 0.275979 0.193497 0.052104
v 0.195493 0.179339 0.036095
v 0.199194 0.179339 -0.001498
v 0.212974 0.198462 0.001779
v 0.170540 0.196999 -0.160728
v 0.142756 0.179339 -0.137753
v 0.113557 0.179339 -0.161716
v 0.159149 0.193497 -0.229950
v -0.262976 0.193497 0.052105
v -0.182489 0.179339 0.036095
v -0.171525 0.179339 0.072243
v -0.194636 0.196999 0.083274
v 0.219075 0.196999 0.083274
v 0.184526 0.179339 0.072243
v 0.195493 0.179339 0.036095
v 0.275979 0.193497 0.052104
v 0.198384 0.196999 -0.126800
v 0.166721 0.179339 -0.108552
v 0.142756 0.179339 -0.137753
v 0.170540 0.196999 -0.160728
v -0.268255 0.193497 -0.001498
v -0.186193 0.179339 -0.001498
v -0.182489 0.179339 0.036095
v -0.262976 0.193497 0.052105
v 0.198385 0.196999 0.121983
v 0.166721 0.179339 0.105557
v 0.184526 0.179339 0.072243
v 0.219075 0.196999 0.083274
v 0.260344 0.193497 -0.106643
v 0.184526 0.179339 -0.075238
v 0.166721 0.179339 -0.108552
v 0.198384 0.196999 -0.126800
v -0.188449 0.198462 -0.037758
v -0.182489 0.179339 -0.039090
v -0.186193 0.179339 -0.001498
v -0.268255 0.193497 -0.001498
v 0.200785 0.193497 0.192785
v 0.142756 0.179339 0.134757
v 0.166721 0.179339 0.105557
v 0.198385 0.196999 0.121983
v 0.209080 0.198462 -0.037758
v 0.195493 0.179339 -0.039090
v 0.184526 0.179339 -0.075238
v 0.260344 0.193497 -0.106643
v -0.176917 0.198462 -0.075775
v -0.171525 0.179339 -0.075238
v -0.182489 0.179339 -0.039090
v -0.188449 0.198462 -0.037758
v 0.136611 0.196999 0.183757
v 0.113557 0.179339 0.158721
v 0.142756 0.179339 0.134757
v 0.200785 0.193497 0.192785
v 0.212974 0.198462 0.001779
v 0.199194 0.179339 -0.001498
v 0.195493 0.179339 -0.039090
v 0.209080 0.198462 -0.037758
v -0.221951 0.193497 -0.154145
v -0.153718 0.179339 -0.108552
v -0.171525 0.179339 -0.075238
v -0.176917 0.198462 -0.075775
v 0.097902 0.196999 0.204447
v 0.080243 0.179339 0.176528
v 0.113557 0.179339 0.158721
v 0.136611 0.196999 0.183757
v -0.187781 0.193497 -0.195780
v -0.129754 0.179339 -0.137753
v -0.153718 0.179339 -0.108552
v -0.221951 0.193497 -0.154145
v 0.060103 0.193497 0.267980
v 0.044094 0.179339 0.187493
v 0.080243 0.179339 0.176528
v 0.097902 0.196999 0.204447
v -0.146145 0.193497 -0.229950
v -0.100554 0.179339 -0.161716
v -0.129754 0.179339 -0.137753
v -0.187781 0.193497 -0.195780
v 0.006502 0.193497 0.273259
v 0.006502 0.179339 0.191196
v 0.044094 0.179339 0.187493
v 0.060103 0.193497 0.267980
v -0.073463 0.196999 -0.209264
v -0.067239 0.179339 -0.179523
v -0.100554 0.179339 -0.161716
v -0.146145 0.193497 -0.229950
v -0.029222 0.198462 0.200543
v -0.031091 0.179339 0.187493
v 0.006502 0.179339 0.191196
v 0.006502 0.193497 0.273259
v 0.236674 0.227837 0.090980
v 0.106359 0.344795 0.019972
v 0.077470 0.344795 0.074022
v 0.214123 0.227837 0.133171
v -0.294201 0.231340 -0.001498
v -0.123335 0.338605 0.024664
v -0.094701 0.344795 -0.041020
v -0.207235 0.226375 -0.041314
v 0.281940 0.231340 -0.116100
v 0.090598 0.344795 -0.059270
v 0.127937 0.338605 -0.025317
v 0.226047 0.226375 -0.041314
v 0.217025 0.231340 0.210259
v 0.077470 0.344795 0.074022
v 0.051322 0.338605 0.118020
v 0.146794 0.227837 0.200501
v -0.194666 0.226375 -0.082750
v -0.094701 0.344795 -0.041020
v -0.071818 0.344795 -0.075267
v -0.243731 0.231340 -0.167874
v 0.063692 0.231340 0.292217
v 0.051322 0.338605 0.118020
v -0.017768 0.344795 0.102912
v 0.005268 0.231340 0.297971
v -0.161108 0.231340 -0.250497
v -0.071818 0.344795 -0.075267
v -0.046720 0.338605 -0.118673
v -0.082174 0.227837 -0.227868
v -0.082174 0.227837 -0.227868
v -0.046720 0.338605 -0.118673
v 0.002302 0.338605 -0.128424
v -0.036396 0.227837 -0.241755
v -0.033686 0.226375 0.218420
v -0.017768 0.344795 0.102912
v -0.055822 0.344795 0.087150
v -0.075123 0.226375 0.205851
v 0.058823 0.227837 -0.241755
v 0.002302 0.338605 -0.128424
v 0.043222 0.344795 -0.098150
v 0.104603 0.227837 -0.227868
v -0.161108 0.231340 0.247502
v -0.055822 0.344795 0.087150
v -0.104208 0.338605 0.070841
v -0.206488 0.231340 0.210259
v -0.191695 0.227837 0.133171
v -0.104208 0.338605 0.070841
v -0.123335 0.338605 0.024664
v -0.214246 0.227837 0.090981
v 0.230292 0.226375 0.001779
v 0.127937 0.338605 -0.025317
v 0.106359 0.344795 0.019972
v 0.298983 0.231340 0.056925
v 0.171644 0.231340 -0.250497
v 0.043222 0.344795 -0.098150
v 0.090598 0.344795 -0.059270
v 0.183774 0.227837 -0.174968
v -0.042870 0.109067 0.027122
v -0.031889 0.165182 0.018726
v -0.031889 0.165182 -0.015402
v -0.042870 0.109067 -0.007006
v 0.007400 0.109067 0.043263
v 0.018380 0.165182 0.034867
v -0.015749 0.165182 0.034867
v -0.026728 0.109067 0.043263
v -0.012412 -0.002074 -0.034095
v -0.026728 0.074082 -0.023146
v 0.007400 0.074082 -0.023146
v 0.021717 -0.002074 -0.034095
v 0.023540 0.109067 -0.007006
v 0.034520 0.165182 -0.015402
v 0.034520 0.165182 0.018726
v 0.023540 0.109067 0.027122
v -0.042870 0.109067 -0.007006
v -0.031889 0.165182 -0.015402
v -0.015749 0.165182 -0.031542
v -0.026728 0.109067 -0.023146
v 0.023540 0.074082 -0.007006
v 0.037857 -0.002074 -0.017955
v 0.021717 -0.002074 -0.034095
v 0.007400 0.074082 -0.023146
v 0.007400 0.074082 0.043263
v 0.021717 -0.002074 0.032314
v 0.037857 -0.002074 0.016174
v 0.023540 0.074082 0.027122
v -0.042870 0.074082 0.027122
v -0.028553 -0.002074 0.016174
v -0.012412 -0.002074 0.032314
v -0.026728 0.074082 0.043263
v -0.026728 0.109067 -0.023146
v -0.015749 0.165182 -0.031542
v 0.018380 0.165182 -0.031542
v 0.007400 0.109067 -0.023146
v -0.042870 0.109067 0.027122
v -0.042870 0.074082 0.027122
v -0.026728 0.074082 0.043263
v -0.026728 0.109067 0.043263
v 0.007400 0.109067 0.043263
v 0.007400 0.074082 0.043263
v 0.023540 0.074082 0.027122
v 0.023540 0.109067 0.027122
v 0.023540 0.109067 -0.007006
v 0.023540 0.074082 -0.007006
v 0.007400 0.074082 -0.023146
v 0.007400 0.109067 -0.023146
v -0.028553 -0.002074 -0.017955
v -0.042870 0.074082 -0.007006
v -0.026728 0.074082 -0.023146
v -0.012412 -0.002074 -0.034095
v 0.037857 -0.002074 -0.017955
v 0.023540 0.074082 -0.007006
v 0.023540 0.074082 0.027122
v 0.037857 -0.002074 0.016174
v 0.021717 -0.002074 0.032314
v 0.007400 0.074082 0.043263
v -0.026728 0.074082 0.043263
v -0.012412 -0.002074 0.032314
v -0.028553 -0.002074 0.016174
v -0.042870 0.074082 0.027122
v -0.042870 0.074082 -0.007006
v -0.028553 -0.002074 -0.017955
v -0.026728 0.074082 -0.023146
v -0.026728 0.109067 -0.023146
v 0.007400 0.109067 -0.023146
v 0.007400 0.074082 -0.023146
v -0.042870 0.074082 -0.007006
v -0.042870 0.109067 -0.007006
v -0.026728 0.109067 -0.023146
v -0.026728 0.074082 -0.023146
v 0.023540 0.074082 -0.007006
v 0.023540 0.109067 -0.007006
v 0.023540 0.109067 0.027122
v 0.023540 0.074082 0.027122
v 0.007400 0.074082 0.043263
v 0.007400 0.109067 0.043263
v -0.026728 0.109067 0.043263
v -0.026728 0.074082 0.043263
v -0.042870 0.074082 0.027122
v -0.042870 0.109067 0.027122
v -0.042870 0.109067 -0.007006
v -0.042870 0.074082 -0.007006
v 0.018380 0.165182 -0.031542
v 0.034520 0.165182 -0.015402
v 0.023540 0.109067 -0.007006
v 0.007400 0.109067 -0.023146
v 0.034520 0.165182 0.018726
v 0.018380 0.165182 0.034867
v 0.007400 0.109067 0.043263
v 0.023540 0.109067 0.027122
v -0.015749 0.165182 0.034867
v -0.031889 0.165182 0.018726
v -0.042870 0.109067 0.027122
v -0.026728 0.109067 0.043263
v -0.011016 0.751674 -0.081300
v -0.005212 0.746788 -0.048734
v -0.005720 0.741236 -0.037544
v -0.023411 0.741703 -0.029397
v -0.053222 0.751674 -0.058741
v -0.011016 0.751674 0.080391
v -0.005356 0.742067 0.039239
v 0.003873 0.741744 0.038422
v 0.011878 0.746958 0.048319
v 0.021146 0.751674 0.080391
v -0.053222 0.751674 -0.058741
v -0.023411 0.741703 -0.029397
v -0.026576 0.742179 -0.027108
v -0.039802 0.747700 -0.023033
v -0.071090 0.751674 -0.031999
v 0.087493 0.751674 -0.000454
v 0.051885 0.746293 -0.002900
v 0.051677 0.746359 -0.004814
v 0.037895 0.741187 -0.014468
v 0.037607 0.741112 -0.014942
v 0.081220 0.751674 -0.031999
v 0.050859 0.751674 0.068083
v 0.029103 0.747538 0.042885
v 0.031384 0.747879 0.042070
v 0.041536 0.748270 0.033599
v 0.047347 0.747501 0.023255
v 0.073602 0.751674 0.045341
v -0.071090 0.751674 -0.031999
v -0.039802 0.747700 -0.023033
v -0.041055 0.747531 -0.020790
v -0.045910 0.748176 -0.013149
v -0.047287 0.747728 -0.000423
v -0.077365 0.751674 -0.000454
v 0.073602 0.751674 0.045341
v 0.047347 0.747501 0.023255
v 0.049371 0.747791 0.019269
v 0.052709 0.748084 0.010978
v 0.051885 0.746293 -0.002900
v 0.087493 0.751674 -0.000454
v -0.077365 0.751674 -0.000454
v -0.047287 0.747728 -0.000423
v -0.047313 0.747793 0.000037
v -0.033972 0.742509 0.016285
v -0.032192 0.742339 0.020712
v -0.063473 0.751674 0.045341
v 0.063351 0.751674 -0.058741
v 0.026556 0.741564 -0.029188
v 0.025925 0.741651 -0.029911
v 0.027147 0.747441 -0.043637
v 0.019751 0.746728 -0.046128
v 0.036609 0.751674 -0.076609
v -0.063473 0.751674 0.045341
v -0.032192 0.742339 0.020712
v -0.031369 0.742582 0.022515
v -0.033319 0.748645 0.035418
v -0.026814 0.748158 0.039956
v -0.040731 0.751674 0.068083
v 0.036609 0.751674 -0.076609
v 0.019751 0.746728 -0.046128
v 0.011663 0.747314 -0.048378
v 0.002744 0.747634 -0.050050
v -0.005212 0.746788 -0.048734
v -0.011016 0.751674 -0.081300
v -0.040731 0.751674 0.068083
v -0.026814 0.748158 0.039956
v -0.015359 0.748213 0.047587
v -0.006423 0.742248 0.039292
v -0.005356 0.742067 0.039239
v -0.011016 0.751674 0.080391
v -0.038344 0.727964 0.026442
v -0.031369 0.742582 0.022515
v -0.032192 0.742339 0.020712
v -0.033972 0.742509 0.016285
v -0.045529 0.727964 0.009097
v -0.016750 0.727964 -0.044746
v -0.005720 0.741236 -0.037544
v -0.005212 0.746788 -0.048734
v 0.002744 0.747634 -0.050050
v 0.003060 0.719714 -0.062419
v -0.032362 0.727964 -0.034315
v -0.026576 0.742179 -0.027108
v -0.023411 0.741703 -0.029397
v -0.005720 0.741236 -0.037544
v -0.016750 0.727964 -0.044746
v 0.020078 0.727964 0.044165
v 0.003873 0.741744 0.038422
v -0.005356 0.742067 0.039239
v -0.006423 0.742248 0.039292
v -0.007723 0.727964 0.046903
v 0.020078 0.727964 0.044165
v 0.031384 0.747879 0.042070
v 0.029103 0.747538 0.042885
v 0.011878 0.746958 0.048319
v 0.003873 0.741744 0.038422
v -0.045529 0.727964 0.009097
v -0.047313 0.747793 0.000037
v -0.047287 0.747728 -0.000423
v -0.045910 0.748176 -0.013149
v -0.054482 0.719714 -0.023971
v 0.035687 0.727964 -0.034315
v 0.025925 0.741651 -0.029911
v 0.026556 0.741564 -0.029188
v 0.037607 0.741112 -0.014942
v 0.037895 0.741187 -0.014468
v 0.046119 0.727964 -0.018704
v -0.035924 0.557684 0.098839
v -0.033143 0.556519 0.093529
v -0.029836 0.556718 0.095185
v -0.002948 0.556718 0.100533
v 0.004630 0.556311 0.099992
v 0.005265 0.557684 0.107032
v -0.035924 0.557684 -0.100039
v -0.028350 0.553212 -0.077110
v -0.034177 0.553752 -0.075657
v -0.063154 0.556856 -0.072580
v -0.076591 0.555994 -0.056234
v -0.084229 0.557684 -0.060397
v 0.046453 0.557684 0.098839
v 0.040809 0.555980 0.091070
v 0.045506 0.553971 0.073511
v 0.060503 0.553308 0.059000
v 0.081372 0.557684 0.075507
v -0.084229 0.557684 -0.060397
v -0.076591 0.555994 -0.056234
v -0.075728 0.554148 -0.031855
v -0.078439 0.553700 -0.019315
v -0.100299 0.557684 -0.021598
v 0.110827 0.557684 -0.021598
v 0.097528 0.554990 -0.017683
v 0.081335 0.553453 -0.031997
v 0.070732 0.552954 -0.048317
v 0.094757 0.557684 -0.060397
v 0.081372 0.557684 0.075507
v 0.064732 0.553218 0.054839
v 0.075634 0.553741 0.043552
v 0.095797 0.555711 0.034963
v 0.104703 0.557684 0.040589
v -0.100299 0.557684 -0.021598
v -0.078439 0.553700 -0.019315
v -0.080309 0.554088 -0.008970
v -0.095955 0.557372 0.007299
v -0.090871 0.556861 0.034048
v -0.089000 0.556549 0.037878
v -0.094174 0.557684 0.040589
v 0.094757 0.557684 -0.060397
v 0.070732 0.552954 -0.048317
v 0.059194 0.553349 -0.062716
v 0.057615 0.555380 -0.080864
v 0.065062 0.557684 -0.090092
v 0.104703 0.557684 0.040589
v 0.095797 0.555711 0.034963
v 0.099082 0.556220 0.026396
v 0.099299 0.555813 0.004370
v 0.097528 0.554990 -0.017683
v 0.110827 0.557684 -0.021598
v 0.065062 0.557684 -0.090092
v 0.057615 0.555380 -0.080864
v 0.046051 0.555875 -0.088299
v 0.030189 0.555577 -0.093277
v 0.025007 0.555386 -0.094405
v 0.026263 0.557684 -0.106164
v -0.070842 0.557684 0.075507
v -0.068161 0.556773 0.071129
v -0.057342 0.554144 0.060588
v -0.037950 0.554101 0.073570
v -0.033143 0.556519 0.093529
v -0.035924 0.557684 0.098839
v 0.026263 0.557684 -0.106164
v 0.020165 0.555735 -0.095190
v 0.002780 0.556622 -0.098195
v -0.011037 0.553508 -0.080393
v -0.028350 0.553212 -0.077110
v -0.035924 0.557684 -0.100039
v 0.039916 0.538770 -0.090478
v 0.046051 0.555875 -0.088299
v 0.057615 0.555380 -0.080864
v 0.059194 0.553349 -0.062716
v 0.061284 0.541890 -0.059569
v -0.056870 0.541890 0.058584
v -0.057342 0.554144 0.060588
v -0.068161 0.556773 0.071129
v -0.089000 0.556549 0.037878
v -0.090871 0.556861 0.034048
v -0.088226 0.538770 0.037664
v 0.002208 0.541890 -0.084039
v 0.002780 0.556622 -0.098195
v 0.020165 0.555735 -0.095190
v 0.025007 0.555386 -0.094405
v 0.030189 0.555577 -0.093277
v 0.039916 0.538770 -0.090478
v -0.029764 0.541890 -0.077679
v -0.034177 0.553752 -0.075657
v -0.028350 0.553212 -0.077110
v -0.011037 0.553508 -0.080393
v 0.002208 0.541890 -0.084039
v 0.048623 0.541890 0.068974
v 0.045506 0.553971 0.073511
v 0.040809 0.555980 0.091070
v 0.004630 0.556311 0.099992
v -0.002948 0.556718 0.100533
v 0.002384 0.538770 0.098208
v -0.074979 0.541890 -0.032464
v -0.075728 0.554148 -0.031855
v -0.076591 0.555994 -0.056234
v -0.063154 0.556856 -0.072580
v -0.066967 0.538770 -0.069218
v 0.079394 0.541890 -0.032464
v 0.081335 0.553453 -0.031997
v 0.097528 0.554990 -0.017683
v 0.099299 0.555813 0.004370
v 0.098575 0.538770 0.019265
v 0.071674 0.541890 0.045924
v 0.075634 0.553741 0.043552
v 0.064732 0.553218 0.054839
v 0.060503 0.553308 0.059000
v 0.045506 0.553971 0.073511
v 0.048623 0.541890 0.068974
v -0.081339 0.541890 -0.000492
v -0.080309 0.554088 -0.008970
v -0.078439 0.553700 -0.019315
v -0.075728 0.554148 -0.031855
v -0.074979 0.541890 -0.032464
v 0.061284 0.541890 -0.059569
v 0.059194 0.553349 -0.062716
v 0.070732 0.552954 -0.048317
v 0.081335 0.553453 -0.031997
v 0.079394 0.541890 -0.032464
v 0.098575 0.538770 0.019265
v 0.099082 0.556220 0.026396
v 0.095797 0.555711 0.034963
v 0.075634 0.553741 0.043552
v 0.071674 0.541890 0.045924
v -0.046753 0.368926 -0.126903
v -0.040797 0.366005 -0.101903
v -0.041234 0.366029 -0.101798
v -0.052248 0.366029 -0.094439
v -0.068709 0.366029 -0.083440
v -0.091046 0.368926 -0.097307
v -0.021142 0.368926 0.133138
v -0.007555 0.366865 0.113564
v -0.004334 0.367001 0.114102
v 0.014294 0.367001 0.112267
v 0.044492 0.366130 0.103803
v 0.057742 0.368926 0.125369
v -0.091046 0.368926 -0.097307
v -0.068709 0.366029 -0.083440
v -0.062624 0.361029 -0.063731
v -0.073144 0.360903 -0.046459
v -0.120642 0.368926 -0.053014
v 0.057742 0.368926 0.125369
v 0.061316 0.366715 0.097293
v 0.069273 0.366848 0.091864
v 0.076682 0.360888 0.057526
v 0.081721 0.360343 0.048888
v 0.119014 0.368926 0.075084
v 0.142022 0.368926 -0.000767
v 0.113027 0.365611 -0.011676
v 0.112782 0.365937 -0.019527
v 0.098059 0.365386 -0.056164
v 0.119013 0.368926 -0.076618
v -0.120642 0.368926 -0.053014
v -0.080497 0.360703 -0.033031
v -0.086324 0.361230 -0.021262
v -0.108375 0.366577 -0.006549
v -0.108340 0.366556 -0.006039
v -0.131034 0.368926 -0.000767
v 0.119013 0.368926 -0.076618
v 0.098059 0.365386 -0.056164
v 0.080511 0.360231 -0.050033
v 0.046957 0.359945 -0.077845
v 0.081345 0.368926 -0.114286
v 0.119014 0.368926 0.075084
v 0.081721 0.360343 0.048888
v 0.084521 0.360513 0.043403
v 0.112442 0.366390 0.024499
v 0.113027 0.365611 -0.011676
v 0.142022 0.368926 -0.000767
v -0.131034 0.368926 -0.000767
v -0.108340 0.366556 -0.006039
v -0.102931 0.367769 0.039472
v -0.098402 0.367607 0.050699
v -0.098303 0.367600 0.050855
v -0.108026 0.368926 0.075084
v 0.081345 0.368926 -0.114286
v 0.046957 0.359945 -0.077845
v 0.038553 0.360524 -0.084186
v 0.011627 0.365502 -0.108880
v 0.005494 0.368926 -0.137295
v -0.108026 0.368926 0.075084
v -0.088089 0.366838 0.067154
v -0.081264 0.367161 0.076940
v -0.072446 0.367161 0.085758
v -0.062152 0.366821 0.092936
v -0.070357 0.368926 0.112752
v -0.070357 0.368926 0.112752
v -0.062152 0.366821 0.092936
v -0.036907 0.361621 0.084651
v -0.027493 0.361621 0.088551
v -0.028305 0.367134 0.109234
v -0.021142 0.368926 0.133138
v 0.043222 0.344795 -0.098150
v 0.038553 0.360524 -0.084186
v 0.046957 0.359945 -0.077845
v 0.080511 0.360231 -0.050033
v 0.090598 0.344795 -0.059270
v 0.127937 0.338605 -0.025317
v 0.112782 0.365937 -0.019527
v 0.113027 0.365611 -0.011676
v 0.112442 0.366390 0.024499
v 0.106359 0.344795 0.019972
v -0.104208 0.338605 0.070841
v -0.081264 0.367161 0.076940
v -0.088089 0.366838 0.067154
v -0.098303 0.367600 0.050855
v -0.098402 0.367607 0.050699
v 0.002302 0.338605 -0.128424
v 0.001974 0.366005 -0.110411
v 0.011627 0.365502 -0.108880
v 0.038553 0.360524 -0.084186
v 0.043222 0.344795 -0.098150
v -0.046720 0.338605 -0.118673
v -0.041234 0.366029 -0.101798
v -0.040797 0.366005 -0.101903
v -0.008019 0.366005 -0.108423
v 0.001974 0.366005 -0.110411
v 0.002302 0.338605 -0.128424
v -0.017768 0.344795 0.102912
v -0.004334 0.367001 0.114102
v -0.007555 0.366865 0.113564
v -0.028305 0.367134 0.109234
v -0.027493 0.361621 0.088551
v -0.094701 0.344795 -0.041020
v -0.086324 0.361230 -0.021262
v -0.080497 0.360703 -0.033031
v -0.073144 0.360903 -0.046459
v -0.062624 0.361029 -0.063731
v -0.071818 0.344795 -0.075267
v 0.077470 0.344795 0.074022
v 0.069273 0.366848 0.091864
v 0.061316 0.366715 0.097293
v 0.058744 0.366715 0.099012
v 0.051322 0.338605 0.118020
v 0.090598 0.344795 -0.059270
v 0.080511 0.360231 -0.050033
v 0.098059 0.365386 -0.056164
v 0.112782 0.365937 -0.019527
v 0.127937 0.338605 -0.025317
v 0.106359 0.344795 0.019972
v 0.084521 0.360513 0.043403
v 0.081721 0.360343 0.048888
v 0.076682 0.360888 0.057526
v 0.077470 0.344795 0.074022
v 0.040548 0.165182 -0.052451
v 0.018380 0.165182 -0.031542
v -0.015749 0.165182 -0.031542
v -0.031889 0.165182 -0.015402
v -0.031889 0.165182 0.018726
v -0.015749 0.165182 0.034867
v -0.036831 0.165182 0.041835
v -0.054780 0.165182 -0.001498
v -0.016950 0.165182 -0.058114
v -0.036831 0.165182 0.041835
v -0.015749 0.165182 0.034867
v 0.018380 0.165182 0.034867
v 0.034520 0.165182 0.018726
v 0.034520 0.165182 -0.015402
v 0.018380 0.165182 -0.031542
v 0.040548 0.165182 -0.052451
v 0.066606 0.165182 -0.013453
v 0.049835 0.165182 0.041835
v 0.006502 0.165182 0.059784
vn 0.9409 0.3220 0.1049
vn -0.9600 0.2779 0.0347
vn 0.1952 0.3388 -0.9204
vn -0.0175 0.3260 -0.9452
vn -0.8040 0.3261 0.4973
vn -0.0915 0.3592 0.9288
vn 0.5899 0.3726 0.7164
vn -0.7497 0.2437 -0.6153
vn 0.8364 0.3446 -0.4263
vn 0.1742 0.4503 0.8757
vn 0.6694 0.6077 0.4272
vn 0.7328 0.5597 0.3869
vn -0.7460 0.4415 0.4985
vn -0.1085 0.6114 0.7839
vn -0.0460 0.5638 0.8247
vn -0.3336 0.4897 0.8055
vn -0.5637 0.5583 0.6087
vn -0.4866 0.6086 0.6267
vn -0.3742 0.2092 0.9034
vn -0.1495 -0.6425 -0.7516
vn 0.0097 -0.0951 0.9954
vn 0.0660 -0.7396 -0.6699
vn -0.5005 -0.7064 0.5005
vn 0.6586 0.1459 -0.7382
vn -0.6438 -0.6329 0.4302
vn 0.8042 0.2539 0.5374
vn 0.2711 -0.7059 0.6544
vn 0.1514 -0.6309 0.7610
vn -0.0000 -0.7054 0.7088
vn -0.7243 -0.0752 0.6854
vn 0.9455 0.3027 -0.1200
vn -0.9317 0.2622 0.2514
vn 0.6710 0.3154 0.6710
vn -0.4983 0.3736 -0.7824
vn -0.7334 0.3161 -0.6019
vn -0.4797 0.2522 -0.8404
vn -0.3675 0.2791 0.8872
vn -0.8095 0.2768 0.5178
vn -0.9351 0.1956 0.2954
vn -0.0014 0.2592 -0.9658
vn 0.8003 0.3060 0.5156
vn 0.2033 0.3209 -0.9250
vn 0.9602 0.2581 0.1071
vn 0.6667 0.3333 -0.6667
vn 0.6996 0.1454 -0.6996
vn 0.6642 0.3438 0.6638
vn 0.5525 0.1052 -0.8269
vn 0.7710 0.4451 0.4555
vn -0.0119 0.2102 -0.9776
vn 0.6526 0.3406 -0.6769
vn -0.0000 0.5323 -0.8465
vn -0.1687 0.5027 -0.8478
vn 0.3545 0.3768 0.8558
vn 0.8146 0.0743 0.5752
vn 0.9033 0.3895 -0.1797
vn 0.7053 0.0708 0.7053
vn 0.8329 0.4327 -0.3450
vn 0.7726 0.0326 0.6340
vn 0.3935 0.2112 -0.8947
vn 0.9658 0.2180 -0.1402
vn -0.7112 0.2382 0.6614
vn -0.0866 -0.4689 -0.8790
vn 0.1053 -0.9861 0.1283
vn -0.0389 -0.9799 -0.1956
vn -0.0877 -0.9533 -0.2889
vn -0.0876 -0.9533 0.2889
vn -0.4855 -0.7996 -0.3535
vn -0.4329 -0.7310 0.5275
vn 0.3273 -0.9167 -0.2295
vn -0.7135 -0.6581 -0.2403
vn 0.0671 -0.8698 -0.4887
vn -0.7094 -0.6712 0.2152
vn 0.8336 0.4911 0.2529
vn 0.6876 0.4343 -0.5818
vn 0.2237 -0.7650 -0.6039
vn -0.3005 -0.9533 -0.0296
vn 0.1915 -0.9533 0.2334
vn 0.3005 -0.9533 -0.0296
vn -0.2663 -0.9533 -0.1423
vn 0.1628 -0.7335 -0.6598
vn 0.7592 -0.4082 0.5070
vn -0.4657 -0.8785 -0.1068
vn -0.4639 0.3581 0.8103
vn 0.6557 0.5297 0.5381
vn 0.7856 0.5710 -0.2383
vn -0.7296 0.6470 -0.2213
vn -0.3941 0.2861 0.8734
vn 0.1959 0.2752 -0.9412
vn 0.2711 0.3574 0.8937
vn -0.5474 0.5055 -0.6670
vn -0.2148 0.6727 -0.7080
vn -0.8687 0.4201 0.2624
vn 0.6970 0.4748 -0.5374
vn 0.0009 0.4521 0.8920
vn 0.4200 0.4540 -0.7858
vn 0.3438 0.1410 0.9284
vn -0.8197 0.5161 0.2487
vn 0.9263 0.2510 0.2810
vn 0.0641 0.4578 -0.8867
vn 0.9994 -0.0333 0.0105
vn 0.2992 0.0142 -0.9541
vn -0.6229 -0.5293 -0.5761
vn -0.7073 -0.3622 -0.6071
vn -0.0304 -0.9960 0.0838
vn -0.1526 -0.9834 -0.0982
vn -0.0982 -0.9950 0.0150
vn -0.0736 -0.9673 -0.2426
vn -0.1195 -0.9673 0.2236
vn 0.0782 -0.6026 -0.7942
vn -0.1960 -0.9673 0.1608
vn 0.1195 -0.9673 -0.2236
vn -0.4554 -0.8432 -0.2857
vn 0.2523 -0.9673 0.0249
vn 0.1608 -0.9673 -0.1960
vn -0.2152 -0.8251 0.5223
vn 0.1000 -0.3545 0.9297
vn 0.7237 -0.5715 -0.3869
vn 0.6546 -0.5318 0.5372
vn -0.2426 -0.9673 -0.0736
vn 0.2523 -0.9673 -0.0249
vn 0.1195 -0.9673 0.2236
vn -0.6157 -0.6046 -0.5053
vn 0.0736 -0.9673 0.2426
vn -0.8971 -0.4381 0.0578
vn -0.0828 -0.5344 0.8412
vn -0.5321 0.5191 0.6689
vn 0.6354 0.5695 0.5214
vn 0.4151 0.4868 -0.7686
vn -0.6852 0.6981 -0.2079
vn 0.3335 0.7068 0.6239
vn -0.6681 0.5029 -0.5483
vn -0.9175 0.3925 -0.0644
vn -0.6250 0.3762 0.6840
vn 0.4176 0.5280 0.7395
vn 0.5539 0.4864 -0.6757
vn 0.0801 0.5759 -0.8136
vn -0.4534 0.6994 0.5525
vn 0.3475 0.6757 -0.6501
vn -0.8716 0.3988 -0.2849
vn 0.7328 0.6766 0.0722
vn 0.7054 0.6758 0.2140
vn 0.8350 0.5434 0.0861
vn 0.5764 -0.3200 0.7519
vn 0.9607 0.2203 0.1690
vn -0.0507 -0.9942 -0.0949
vn -0.0671 -0.9944 -0.0817
vn 0.0297 -0.9948 0.0979
vn 0.0498 -0.9944 0.0933
vn -0.0902 -0.9948 -0.0482
vn 0.1071 -0.9942 -0.0105
vn 0.0683 -0.9942 0.0832
vn -0.1012 -0.9944 -0.0307
vn 0.0832 -0.9942 0.0683
vn -0.1071 -0.9942 -0.0105
vn 0.0902 -0.9948 -0.0482
vn -0.1071 -0.9942 0.0105
vn 0.0817 -0.9944 -0.0671
vn 0.0979 -0.9948 0.0297
vn -0.1012 -0.9944 0.0307
vn 0.0683 -0.9942 -0.0832
vn 0.1052 -0.9944 0.0104
vn -0.0902 -0.9948 0.0482
vn 0.0507 -0.9942 -0.0949
vn -0.0683 -0.9942 0.0832
vn 0.0100 -0.9948 -0.1018
vn -0.0498 -0.9944 0.0933
vn -0.0104 -0.9944 -0.1052
vn -0.0297 -0.9948 0.0979
vn -0.0312 -0.9942 -0.1030
vn -0.5367 0.8421 0.0529
vn 0.1931 0.6800 -0.7073
vn 0.6637 0.7457 -0.0589
vn -0.7077 0.6731 -0.2147
vn 0.7456 0.6623 -0.0735
vn 0.3230 0.7284 0.6043
vn -0.3938 0.8605 -0.3232
vn 0.6621 0.6582 0.3583
vn -0.3226 0.8610 -0.3931
vn -0.8062 0.4651 0.3657
vn -0.6413 0.6466 -0.4130
vn 0.3685 0.6275 0.6859
vn 0.5336 0.7223 -0.4399
vn -0.8189 0.5444 -0.1819
vn -0.2742 0.6461 -0.7123
vn -0.2893 0.6552 0.6978
vn 0.3024 0.7178 0.6272
vn 0.4845 0.7792 -0.3976
vn -0.7516 0.4277 -0.5022
vn 0.8669 0.4678 -0.1724
vn 0.8669 0.4677 -0.1724
vn 0.6953 0.4953 0.5208
vn 0.6953 0.4952 0.5209
vn -0.6595 0.3729 -0.6527
vn 0.3908 0.3858 -0.8357
vn 0.3908 0.3857 -0.8357
vn 0.3908 0.3857 -0.8358
vn 0.3909 0.3857 -0.8357
vn 0.6664 0.4104 0.6225
vn 0.6664 0.4102 0.6226
vn 0.6664 0.4101 0.6227
vn 0.6664 0.4101 0.6226
vn -0.8354 0.5065 0.2135
vn -0.8355 0.5064 0.2134
vn 0.4996 0.4373 -0.7478
vn 0.6170 0.3911 -0.6829
vn 0.6170 0.3912 -0.6829
vn -0.1739 0.4536 -0.8741
vn -0.1739 0.4537 -0.8741
vn -0.8590 0.3741 -0.3496
vn 0.0581 -0.9909 0.1216
vn 0.0582 -0.9909 0.1216
vn 0.1736 -0.9758 -0.1332
vn 0.1736 -0.9758 -0.1333
vn 0.5486 0.1573 -0.8211
vn -0.6842 -0.7080 0.1750
vn 0.8429 -0.2438 0.4796
vn 0.8433 -0.2446 0.4786
vn 0.8432 -0.2446 0.4787
vn 0.8432 -0.2446 0.4788
vn 0.5894 -0.2751 -0.7596
vn 0.5893 -0.2751 -0.7596
vn -0.8341 -0.2198 -0.5060
vn -0.8340 -0.2199 -0.5060
vn 0.8356 -0.0186 0.5491
vn 0.8356 -0.0186 0.5490
vn 0.7247 -0.6738 -0.1441
vn 0.7247 -0.6738 -0.1442
vn -0.8062 0.2446 -0.5387
vn -0.8062 0.2447 -0.5387
vn -0.6724 -0.4101 -0.6162
vn -0.6724 -0.4100 -0.6162
vn -0.6725 -0.4099 -0.6162
vn 0.8477 0.3667 -0.3833
vn 0.4670 0.3094 0.8284
vn 0.4670 0.3095 0.8283
vn 0.4671 0.3094 0.8283
vn 0.4669 0.3094 0.8284
vn -0.0490 0.3087 0.9499
vn -0.0491 0.3086 0.9499
vn -0.0071 0.2607 -0.9654
vn -0.0070 0.2606 -0.9654
vn -0.9569 0.2291 0.1784
vn -0.8296 0.4984 0.2516
vn -0.8296 0.4984 0.2517
vn -0.5516 0.2990 0.7787
vn -0.5516 0.2990 0.7786
vn -0.3824 0.0377 0.9232
vn -0.7359 0.4011 -0.5456
vn -0.7358 0.4011 -0.5456
vn -0.7359 0.4011 -0.5455
vn -0.3540 0.1844 0.9169
vn -0.3539 0.1845 0.9169
vn -0.3538 0.1845 0.9169
vn -0.6887 0.1770 -0.7031
vn -0.6886 0.1769 -0.7032
vn -0.6887 0.1769 -0.7032
vn -0.8683 0.3002 -0.3948
vn -0.8684 0.3002 -0.3948
vn -0.8684 0.3002 -0.3947
vn 0.9284 0.3067 -0.2099
vn 0.9238 0.3694 -0.1009
vn 0.9237 0.3696 -0.1007
vn 0.9237 0.3696 -0.1008
vn 0.2598 0.4369 -0.8612
vn 0.2601 0.4369 -0.8611
vn 0.2600 0.4369 -0.8611
vn -0.9747 0.1786 0.1344
vn -0.9747 0.1785 0.1344
vn -0.9747 0.1787 0.1344
vn 0.1795 0.4011 -0.8983
vn 0.1798 0.4009 -0.8983
vn 0.1797 0.4010 -0.8983
vn -0.5080 0.3984 0.7637
vn -0.5079 0.3984 0.7638
vn -0.5079 0.3984 0.7637
vn 0.3615 0.1050 0.9264
vn 0.3616 0.1050 0.9264
vn 0.3615 0.1050 0.9265
vn -0.2300 0.4162 -0.8797
vn -0.5855 0.3653 -0.7237
vn -0.5856 0.3654 -0.7236
vn -0.5855 0.3654 -0.7236
vn 0.7750 0.2146 -0.5943
vn 0.7751 0.2146 -0.5943
vn 0.3848 0.0721 0.9202
vn 0.3849 0.0721 0.9201
vn 0.8123 0.3931 0.4309
vn 0.8123 0.3931 0.4310
vn 0.8614 0.3609 0.3573
vn 0.8613 0.3608 0.3576
vn 0.8613 0.3609 0.3576
vn 0.8614 0.3610 0.3571
vn 0.1588 -0.2444 -0.9566
vn 0.1589 -0.2444 -0.9566
vn -0.7722 -0.4830 -0.4128
vn -0.8372 -0.4843 -0.2540
vn -0.8703 -0.4850 -0.0857
vn -0.5213 -0.3226 0.7901
vn -0.5213 -0.3225 0.7901
vn -0.8372 -0.4844 0.2540
vn -0.8923 -0.3692 -0.2597
vn 0.0282 -0.3066 0.9514
vn -0.5570 -0.4786 0.6787
vn -0.5570 -0.4785 0.6788
vn -0.8978 -0.3633 0.2488
vn -0.2261 -0.4368 0.8707
vn -0.2559 -0.4724 -0.8434
vn -0.8868 -0.3686 -0.2787
vn -0.8868 -0.3687 -0.2787
vn -0.5570 -0.4786 -0.6787
vn -0.5570 -0.4785 -0.6788
vn 0.0374 -0.9815 0.1880
vn 0.0374 -0.9814 0.1881
vn -0.1594 -0.9814 0.1065
vn -0.1595 -0.9814 0.1065
vn 0.1407 -0.8850 -0.4438
vn 0.1406 -0.8850 -0.4438
vn -0.4199 -0.8567 0.2995
vn -0.4199 -0.8567 0.2997
vn -0.4199 -0.8567 0.2996
vn -0.1947 -0.9161 0.3504
vn -0.1947 -0.9162 0.3502
vn -0.1947 -0.9162 0.3503
vn 0.1903 -0.8902 -0.4139
vn 0.5182 -0.7459 0.4184
vn 0.5184 -0.7458 0.4184
vn 0.5183 -0.7459 0.4184
vn 0.5183 -0.7458 0.4184
vn 0.4529 -0.8874 -0.0861
vn 0.4529 -0.8874 -0.0864
vn 0.4529 -0.8874 -0.0863
vn 0.4529 -0.8874 -0.0862
vn -0.3967 -0.8944 0.2066
vn 0.2374 -0.9559 0.1731
vn 0.2758 -0.9559 -0.1012
vn -0.2758 -0.9559 -0.1012
vn -0.0360 -0.8652 0.5001
vn -0.0361 -0.8652 0.5001
vn -0.0359 -0.8652 0.5001
vn -0.0360 -0.8653 0.5000
vn 0.2274 -0.0564 0.9722
vn 0.2274 -0.0563 0.9722
vn -0.4627 -0.6842 -0.5638
vn 0.2232 -0.8660 0.4475
vn 0.2231 -0.8660 0.4475
vn 0.8947 0.2273 -0.3846
vn 0.8946 0.2273 -0.3846
vn 0.8169 0.5722 0.0721
vn 0.8169 0.5722 0.0720
vn 0.8169 0.5722 0.0722
vn -0.7485 0.6628 -0.0179
vn -0.7485 0.6628 -0.0178
vn 0.4323 0.5517 0.7132
vn 0.4322 0.5517 0.7133
vn 0.4323 0.5517 0.7133
vn 0.4323 0.5518 0.7132
vn 0.8048 0.5580 -0.2024
vn 0.8047 0.5580 -0.2025
vn 0.8047 0.5581 -0.2024
vn 0.8048 0.5580 -0.2023
vn -0.6094 0.6560 -0.4453
vn -0.6094 0.6559 -0.4454
vn 0.7674 0.3261 0.5521
vn 0.7673 0.3261 0.5522
vn 0.7673 0.3262 0.5521
vn -0.7970 0.4921 -0.3502
vn -0.1421 0.6628 0.7352
vn -0.1420 0.6628 0.7352
vn -0.1861 0.6598 -0.7280
vn -0.1863 0.6598 -0.7280
vn -0.1862 0.6598 -0.7280
vn 0.4707 0.4907 -0.7332
vn 0.4707 0.4908 -0.7332
vn 0.4706 0.4908 -0.7332
vn 0.4708 0.4907 -0.7332
vn -0.6465 0.5317 0.5471
vn -0.6466 0.5317 0.5470
vn -0.6466 0.5316 0.5471
vn -0.8566 0.4962 -0.1418
vn -0.8566 0.4962 -0.1417
vn 0.4139 0.5072 -0.7559
vn 0.4140 0.5072 -0.7559
vn -0.8908 -0.4517 -0.0500
vn -0.8907 -0.4518 -0.0500
vn -0.8907 -0.4518 -0.0501
vn -0.5490 -0.1565 0.8210
vn -0.5491 -0.1567 0.8209
vn -0.7428 -0.5720 0.3480
vn -0.7427 -0.5720 0.3481
vn -0.3719 -0.5406 0.7546
vn -0.1716 -0.0475 -0.9840
vn -0.1715 -0.0475 -0.9840
vn -0.1716 -0.0474 -0.9840
vn 0.2493 -0.5125 0.8217
vn -0.7160 -0.3769 -0.5876
vn 0.4058 -0.5090 0.7591
vn -0.1472 -0.2810 -0.9483
vn -0.1473 -0.2810 -0.9483
vn 0.8626 -0.4987 -0.0850
vn 0.9669 -0.2460 -0.0673
vn -0.8079 -0.5359 -0.2451
vn -0.8080 -0.5359 -0.2451
vn 0.3271 -0.2689 -0.9059
vn 0.7234 -0.3524 0.5937
vn 0.7235 -0.3524 0.5937
vn -0.8398 -0.5366 -0.0827
vn 0.8259 -0.3506 -0.4415
vn 0.8259 -0.3507 -0.4414
vn 0.1042 -0.2589 0.9603
vn -0.4669 -0.2741 0.8408
vn 0.9338 -0.2440 0.2617
vn 0.8290 -0.4995 0.2515
vn -0.8853 -0.3798 0.2685
vn -0.8852 -0.3798 0.2685
vn -0.8853 -0.3797 0.2685
vn 0.5473 -0.5058 -0.6668
vn 0.8626 -0.4988 0.0850
vn 0.8626 -0.4987 0.0850
vn -0.8634 -0.2943 -0.4099
vn -0.8634 -0.2943 -0.4098
vn -0.8633 -0.2943 -0.4099
vn 0.4058 -0.5090 -0.7591
vn -0.6543 -0.5325 0.5370
vn -0.6543 -0.5325 0.5369
vn -0.5661 -0.2900 -0.7717
vn -0.5661 -0.2899 -0.7717
vn -0.5380 -0.5299 0.6555
vn 0.0913 -0.3632 -0.9272
vn -0.4006 -0.5269 0.7496
vn -0.4007 -0.5269 0.7496
vn 0.7197 -0.2570 -0.6450
vn 0.6057 -0.2481 0.7560
vn -0.2473 -0.5235 -0.8153
vn -0.0912 -0.3663 0.9260
vn -0.4006 -0.5269 -0.7496
vn -0.4007 -0.5269 -0.7496
vn -0.7276 -0.2824 0.6252
vn -0.9544 -0.2928 0.0582
vn -0.9544 -0.2927 0.0582
vn -0.9544 -0.2927 0.0583
vn 0.0681 -0.9940 0.0860
vn 0.0677 -0.9940 0.0860
vn 0.0678 -0.9940 0.0860
vn -0.0283 -0.9933 -0.1116
vn -0.0280 -0.9934 -0.1116
vn -0.0278 -0.9934 -0.1116
vn -0.0220 -0.9936 -0.1108
vn 0.1124 -0.9028 0.4151
vn 0.1123 -0.9028 0.4151
vn 0.1776 -0.9089 -0.3774
vn 0.1776 -0.9089 -0.3773
vn -0.1670 -0.9691 0.1813
vn -0.0692 -0.8985 -0.4335
vn -0.0691 -0.8985 -0.4334
vn -0.0691 -0.8985 -0.4335
vn -0.6928 -0.6899 0.2101
vn 0.2237 -0.9723 0.0679
vn 0.4206 -0.9054 -0.0580
vn 0.4205 -0.9054 -0.0580
vn 0.4205 -0.9054 -0.0579
vn -0.2436 -0.9691 -0.0382
vn -0.2436 -0.9691 -0.0381
vn -0.2435 -0.9691 -0.0382
vn 0.3245 -0.8955 -0.3047
vn 0.3245 -0.8955 -0.3045
vn 0.3245 -0.8954 -0.3047
vn 0.3245 -0.8955 -0.3046
vn 0.4168 -0.8904 0.1830
vn 0.4167 -0.8904 0.1830
vn 0.4169 -0.8903 0.1830
vn -0.2832 -0.8103 -0.5130
vn -0.2833 -0.8103 -0.5130
vn -0.1647 -0.8907 0.4236
vn -0.1647 -0.8908 0.4235
vn -0.1284 -0.9691 -0.2104
vn -0.1285 -0.9691 -0.2104
vn 0.3931 0.5832 0.7109
vn 0.3932 0.5832 0.7108
vn 0.3931 0.5831 0.7109
vn 0.6961 0.5842 -0.4174
vn 0.6960 0.5842 -0.4174
vn -0.7061 0.7009 -0.1005
vn -0.7061 0.7009 -0.1004
vn 0.7689 0.5779 0.2735
vn 0.7689 0.5779 0.2736
vn 0.7688 0.5780 0.2736
vn 0.6949 0.7032 -0.1500
vn 0.6950 0.7032 -0.1500
vn -0.5260 0.5826 -0.6196
vn -0.5261 0.5827 -0.6194
vn -0.5260 0.5827 -0.6195
vn 0.2895 0.6973 0.6557
vn -0.2813 0.6935 -0.6632
vn -0.2812 0.6935 -0.6633
vn -0.2862 0.5110 0.8105
vn -0.2864 0.5110 0.8105
vn -0.2863 0.5110 0.8105
vn -0.1761 0.7065 -0.6854
vn -0.1760 0.7065 -0.6855
vn -0.3618 0.7034 0.6118
vn -0.2754 0.5252 -0.8052
vn -0.2753 0.5252 -0.8052
vn -0.5106 0.6885 0.5151
vn 0.5021 0.7005 -0.5071
vn -0.8555 0.5150 0.0541
vn -0.8423 0.4114 0.3482
vn -0.8422 0.4115 0.3483
vn -0.3987 -0.0352 0.9164
vn -0.0099 -0.2567 0.9664
vn -0.0100 -0.2568 0.9664
vn -0.0099 -0.2568 0.9664
vn -0.3329 0.4935 0.8036
vn -0.3329 0.4933 0.8036
vn -0.3328 0.4935 0.8035
vn -0.7409 0.3546 -0.5703
vn -0.7410 0.3546 -0.5702
vn -0.1595 -0.1787 0.9709
vn -0.1596 -0.1787 0.9709
vn -0.9481 0.0165 -0.3176
vn -0.9480 0.0165 -0.3177
vn 0.2513 0.4927 0.8331
vn 0.2516 0.4927 0.8330
vn -0.8098 0.2946 -0.5074
vn -0.8097 0.2948 -0.5074
vn -0.8098 0.2947 -0.5074
vn -0.8362 0.5419 0.0849
vn -0.8361 0.5419 0.0849
vn -0.8362 0.5418 0.0849
vn 0.7852 -0.4081 0.4657
vn -0.6407 -0.5595 -0.5258
vn 0.3980 -0.5358 0.7447
vn -0.8144 -0.3420 0.4688
vn -0.8144 -0.3420 0.4687
vn -0.8144 -0.3421 0.4687
vn 0.8468 -0.5254 -0.0834
vn 0.8468 -0.5253 -0.0834
vn -0.1267 -0.4029 0.9064
vn -0.7909 -0.5629 -0.2399
vn -0.7910 -0.5629 -0.2399
vn 0.7561 -0.3319 0.5640
vn 0.7562 -0.3319 0.5640
vn 0.9112 -0.4106 -0.0327
vn 0.9112 -0.4107 -0.0327
vn -0.3939 -0.3147 -0.8636
vn 0.2807 -0.4130 -0.8664
vn 0.7492 -0.5276 0.4004
vn -0.8221 -0.5636 0.0810
vn 0.6556 -0.5298 -0.5380
vn 0.4387 -0.4056 0.8019
vn -0.3810 -0.4020 0.8326
vn -0.3810 -0.4019 0.8326
vn 0.8998 -0.4111 -0.1462
vn 0.8998 -0.4112 -0.1462
vn 0.5943 -0.3100 -0.7421
vn -0.7297 -0.5615 0.3901
vn -0.7298 -0.5615 0.3901
vn -0.2916 -0.4109 -0.8638
vn -0.2917 -0.4109 -0.8638
vn -0.8980 -0.4041 -0.1738
vn 0.2445 -0.5393 -0.8059
vn -0.5269 -0.5569 0.6420
vn 0.6745 -0.4128 -0.6121
vn 0.6745 -0.4128 -0.6120
vn 0.4089 -0.3395 0.8471
vn 0.4089 -0.3396 0.8471
vn -0.7477 -0.4069 -0.5248
vn -0.7477 -0.4069 -0.5247
vn -0.2423 -0.5505 0.7989
vn -0.2423 -0.5504 0.7989
vn -0.2424 -0.5504 -0.7989
vn -0.2423 -0.5504 -0.7989
vn -0.8439 -0.3412 0.4139
vn -0.8439 -0.3413 0.4139
vn 0.2502 -0.4130 -0.8757
vn 0.0823 -0.5430 0.8357
vn -0.5269 -0.5569 -0.6420
vn -0.0273 -0.9944 0.1022
vn -0.0274 -0.9944 0.1022
vn 0.0273 -0.9944 0.1022
vn -0.0814 -0.9950 -0.0586
vn 0.0949 -0.9944 -0.0468
vn 0.0949 -0.9944 -0.0467
vn 0.0961 -0.9947 0.0375
vn -0.0916 -0.9944 0.0529
vn 0.0180 -0.9947 -0.1016
vn 0.0180 -0.9947 -0.1015
vn -0.1463 -0.8637 -0.4823
vn -0.2462 -0.5298 0.8116
vn -0.2434 -0.9342 -0.2609
vn -0.2433 -0.9342 -0.2609
vn 0.1175 -0.8930 0.4345
vn 0.1175 -0.8929 0.4346
vn 0.2013 -0.9485 -0.2448
vn 0.2012 -0.9485 -0.2448
vn -0.1084 -0.9853 0.1320
vn 0.1351 -0.8851 -0.4454
vn -0.3724 -0.9281 0.0052
vn -0.3724 -0.9281 0.0053
vn -0.0451 -0.9412 -0.3348
vn -0.0450 -0.9413 -0.3347
vn -0.5010 -0.8230 0.2678
vn 0.3716 -0.8785 -0.3003
vn 0.3716 -0.8785 -0.3002
vn 0.2962 -0.9506 -0.0933
vn -0.2093 -0.9323 0.2951
vn -0.2093 -0.9323 0.2950
vn -0.2093 -0.9322 0.2951
vn 0.2022 -0.9461 0.2531
vn 0.2022 -0.9461 0.2530
vn 0.3400 -0.8980 -0.2791
vn 0.3401 -0.8980 -0.2791
vn -0.1700 -0.9853 0.0167
vn 0.3913 -0.8962 0.2092
vn 0.1490 -0.9471 -0.2843
vn 0.1490 -0.9470 -0.2845
vn -0.3258 -0.8445 -0.4251
vn -0.3257 -0.8445 -0.4251
vn 0.3094 -0.9503 0.0334
vn 0.3093 -0.9504 0.0335
vn 0.3095 -0.9503 0.0334
vn 0.3992 -0.8958 0.1955
vn 0.3991 -0.8958 0.1956
vn -0.9220 -0.2678 -0.2797
vn -0.9220 -0.2679 -0.2797
vn 0.0193 -0.9398 0.3411
vn 0.0194 -0.9398 0.3411
vn 0.0194 -0.9398 0.3412
vn 0.8152 -0.5736 -0.0803
vn -0.4867 -0.8593 0.1569
vn -0.4867 -0.8594 0.1569
vn -0.4868 -0.8593 0.1569
vn -0.4867 -0.8594 0.1568
vn 0.2227 -0.8814 0.4166
vn 0.2227 -0.8814 0.4167
vn -0.1320 -0.9853 -0.1084
vn 0.2476 -0.9477 0.2012
vn 0.2476 -0.9478 0.2012
vn 0.2477 -0.9477 0.2013
vn -0.1084 -0.9853 -0.1320
vn 0.0167 -0.9853 0.1700
vn 0.0401 -0.9439 -0.3277
vn 0.0401 -0.9439 -0.3278
vn -0.3837 -0.8692 0.3118
vn -0.3839 -0.8692 0.3117
vn -0.3837 -0.8692 0.3117
vn -0.3838 -0.8693 0.3116
vn 0.5459 0.7854 0.2918
vn -0.4953 0.6846 -0.5348
vn -0.4953 0.6847 -0.5347
vn -0.4953 0.6847 -0.5346
vn 0.6328 0.7519 0.1851
vn 0.1459 0.7649 0.6274
vn 0.1460 0.7650 0.6273
vn 0.1459 0.7650 0.6273
vn -0.6883 0.7027 0.1802
vn -0.6883 0.7026 0.1802
vn 0.0041 0.8585 0.5128
vn -0.0468 0.7943 -0.6057
vn -0.0470 0.7944 -0.6056
vn -0.0471 0.7944 -0.6056
vn -0.0469 0.7944 -0.6056
vn -0.1664 0.7260 -0.6673
vn -0.2396 0.7004 0.6723
vn 0.2487 0.7641 -0.5953
vn 0.2486 0.7641 -0.5953
vn -0.2983 0.8555 0.4233
vn -0.2982 0.8555 0.4234
vn -0.6472 0.6985 0.3053
vn -0.6473 0.6985 0.3053
vn 0.6143 0.6991 -0.3659
vn 0.6143 0.6991 -0.3658
vn 0.5335 0.8071 -0.2528
vn 0.5335 0.8072 -0.2528
vn 0.5334 0.8072 -0.2528
vn 0.5336 0.8071 -0.2527
vn -0.9814 0.1920 -0.0000
vn -0.0000 0.1480 0.9890
vn -0.0000 0.1423 -0.9898
vn 0.9814 -0.1920 -0.0000
vn -0.7067 0.0325 -0.7068
vn -0.7067 0.0326 -0.7067
vn -0.7067 0.0325 -0.7067
vn 0.6884 0.2284 -0.6884
vn 0.7068 0.0313 0.7067
vn 0.7068 0.0313 0.7068
vn -0.6884 -0.2284 0.6884
vn -0.0000 -0.1480 -0.9890
vn -0.7071 -0.0000 0.7071
vn 0.7071 -0.0000 0.7071
vn 0.7071 -0.0000 -0.7071
vn -0.7067 -0.0312 -0.7068
vn 0.9828 0.1848 -0.0000
vn -0.0000 -0.1423 0.9898
vn -0.9828 -0.1848 -0.0000
vn -0.0000 -0.0000 -1.0000
vn -0.7071 -0.0000 -0.7071
vn 1.0000 -0.0000 -0.0000
vn -0.0000 -0.0000 1.0000
vn -1.0000 -0.0000 -0.0000
vn 0.6869 -0.2372 -0.6869
vn 0.7068 -0.0326 0.7067
vn 0.7068 -0.0325 0.7067
vn -0.6869 0.2372 0.6869
vn -0.0707 -0.9728 -0.2208
vn -0.0708 -0.9727 -0.2208
vn -0.0707 -0.9727 -0.2208
vn 0.0595 -0.9771 0.2045
vn 0.0595 -0.9770 0.2045
vn 0.0595 -0.9770 0.2046
vn -0.2068 -0.9776 -0.0388
vn 0.1987 -0.9798 0.0227
vn 0.1987 -0.9798 0.0228
vn 0.0825 -0.9933 0.0809
vn 0.0825 -0.9933 0.0808
vn -0.1235 -0.9919 -0.0310
vn -0.1234 -0.9919 -0.0309
vn -0.1236 -0.9918 -0.0310
vn 0.1248 -0.9910 0.0486
vn -0.2118 -0.9772 0.0135
vn -0.2119 -0.9772 0.0134
vn -0.2119 -0.9772 0.0135
vn 0.0453 -0.9812 -0.1874
vn 0.0453 -0.9812 -0.1875
vn -0.0542 -0.9839 0.1701
vn -0.0542 -0.9840 0.1700
vn -0.0542 -0.9839 0.1700
vn 0.0138 -0.9893 -0.1452
vn -0.1380 -0.9832 0.1198
vn -0.1379 -0.9832 0.1198
vn -0.8113 0.4789 0.3353
vn -0.8113 0.4788 0.3355
vn -0.8113 0.4790 0.3353
vn -0.6379 0.3713 -0.6747
vn -0.6379 0.3712 -0.6747
vn -0.3888 0.5939 -0.7043
vn -0.3888 0.5939 -0.7044
vn 0.0897 0.4671 0.8797
vn 0.0895 0.4667 0.8799
vn -0.0767 -0.2478 0.9658
vn -0.0768 -0.2479 0.9657
vn -0.0768 -0.2478 0.9658
vn -0.9815 0.1328 0.1378
vn 0.6590 0.5900 -0.4664
vn 0.6590 0.5900 -0.4665
vn 0.6590 0.5901 -0.4664
vn -0.0387 -0.9801 0.1946
vn -0.0387 -0.9801 0.1947
vn -0.0386 -0.9801 0.1949
vn -0.1249 -0.9804 -0.1525
vn -0.1248 -0.9804 -0.1525
vn 0.0947 -0.9854 0.1414
vn 0.0950 -0.9854 0.1413
vn 0.0951 -0.9854 0.1413
vn 0.0950 -0.9854 0.1414
vn -0.1725 -0.9825 -0.0707
vn -0.1723 -0.9825 -0.0707
vn -0.1724 -0.9825 -0.0707
vn 0.1641 -0.9838 -0.0727
vn 0.1640 -0.9838 -0.0726
vn 0.1640 -0.9838 -0.0727
vn 0.1442 -0.9847 0.0980
vn 0.1444 -0.9847 0.0978
vn 0.1443 -0.9847 0.0979
vn -0.1899 -0.9817 0.0152
vn 0.1298 -0.9832 -0.1281
vn 0.1304 -0.9831 -0.1282
vn 0.1304 -0.9831 -0.1283
vn 0.2041 -0.9787 0.0201
vn 0.2042 -0.9787 0.0201
vn 0.2039 -0.9788 0.0202
vn 0.0760 -0.9801 -0.1834
vn 0.0760 -0.9801 -0.1832
vn -0.1002 -0.9841 0.1464
vn -0.1001 -0.9842 0.1463
vn -0.1001 -0.9842 0.1464
vn -0.1002 -0.9841 0.1465
vn -0.0182 -0.9825 -0.1852
vn -0.0182 -0.9825 -0.1853
vn -0.0181 -0.9825 -0.1855
vn -0.0182 -0.9824 -0.1858
vn -0.0182 -0.9825 -0.1854
vn 0.7996 -0.3236 -0.5058
vn 0.7997 -0.3234 -0.5058
vn 0.7997 -0.3235 -0.5058
vn 0.7997 -0.3236 -0.5058
vn 0.7996 -0.3238 -0.5058
vn -0.5458 -0.4594 0.7008
vn -0.5457 -0.4595 0.7008
vn -0.5457 -0.4596 0.7007
vn -0.0532 -0.4907 -0.8697
vn -0.0532 -0.4906 -0.8698
vn -0.0532 -0.4906 -0.8697
vn -0.1964 0.0805 -0.9772
vn 0.4415 -0.4470 0.7780
vn 0.4414 -0.4470 0.7781
vn 0.4414 -0.4469 0.7781
vn 0.4414 -0.4470 0.7780
vn -0.9422 -0.1997 -0.2691
vn -0.9422 -0.1998 -0.2691
vn -0.9422 -0.1998 -0.2690
vn 0.8213 -0.4613 -0.3356
vn 0.8213 -0.4614 -0.3356
vn 0.7016 -0.1078 0.7043
vn 0.7017 -0.1078 0.7043
vn -0.9790 -0.0591 -0.1953
vn 0.8164 -0.1067 -0.5676
vn 0.8163 -0.1068 -0.5676
vn 0.6230 -0.3456 0.7017
vn 0.6230 -0.3457 0.7017
vn -0.0668 -0.9928 -0.0998
vn -0.0668 -0.9928 -0.0999
vn -0.0669 -0.9927 -0.1001
vn -0.0667 -0.9928 -0.0998
vn -0.0667 -0.9928 -0.0999
vn 0.0098 -0.9933 0.1148
vn 0.0098 -0.9934 0.1147
vn -0.1337 -0.9840 -0.1176
vn -0.1337 -0.9840 -0.1177
vn 0.0933 -0.9860 0.1382
vn 0.1276 -0.9911 -0.0387
vn 0.1280 -0.9910 -0.0385
vn 0.1278 -0.9910 -0.0385
vn 0.1278 -0.9911 -0.0385
vn -0.1729 -0.9849 -0.0127
vn 0.1359 -0.9839 -0.1160
vn 0.1527 -0.9878 0.0289
vn 0.1527 -0.9879 0.0289
vn 0.1527 -0.9878 0.0290
vn -0.0834 -0.9961 0.0286
vn 0.0385 -0.9834 -0.1773
vn 0.0384 -0.9834 -0.1773
vn -0.0724 -0.9947 0.0725
vn -0.0725 -0.9947 0.0725
vn -0.0725 -0.9947 0.0724
vn -0.0727 -0.9947 0.0724
vn -0.0610 -0.9877 0.1442
vn 0.4769 0.6598 -0.5807
vn 0.4768 0.6597 -0.5808
vn 0.4769 0.6597 -0.5809
vn 0.9652 0.1261 0.2290
vn 0.9652 0.1263 0.2290
vn -0.7305 0.4805 0.4853
vn -0.7306 0.4805 0.4851
vn -0.7305 0.4804 0.4853
vn 0.5009 0.4929 -0.7115
vn 0.5009 0.4929 -0.7114
vn 0.5010 0.4894 -0.7137
vn 0.5009 0.4930 -0.7114
vn -0.1642 0.5405 -0.8252
vn -0.1641 0.5406 -0.8251
vn -0.1641 0.5405 -0.8252
vn -0.6040 -0.4714 0.6427
vn -0.6039 -0.4714 0.6427
vn -0.6040 -0.4714 0.6426
vn -0.6217 0.6850 -0.3798
vn 0.8109 0.0259 0.5846
vn 0.6877 0.2636 -0.6765
vn 0.6876 0.2636 -0.6765
vn 0.7810 0.4638 0.4182
vn -0.0000 -1.0000 -0.0000
vt 0.838868 0.585377
vt 0.858710 0.540558
vt 0.827516 0.576356
vt 0.765643 0.590955
vt 0.766361 0.547294
vt 0.757189 0.592196
vt 0.853990 0.588598
vt 0.849106 0.586718
vt 0.740195 0.586473
vt 0.736579 0.582463
vt 0.722689 0.758561
vt 0.743868 0.787253
vt 0.730375 0.754503
vt 0.843647 0.340292
vt 0.867098 0.377694
vt 0.856877 0.335363
vt 0.837216 0.345574
vt 0.810507 0.276192
vt 0.809781 0.252745
vt 0.791516 0.264298
vt 0.804514 0.290018
vt 0.789472 0.283367
vt 0.859049 0.269166
vt 0.867098 0.253359
vt 0.850686 0.246825
vt 0.840226 0.273838
vt 0.829564 0.258008
vt 0.827088 0.275740
vt 0.835205 0.246256
vt 0.818055 0.248738
vt 0.676737 0.446203
vt 0.694285 0.446116
vt 0.690785 0.429679
vt 0.682490 0.470215
vt 0.672229 0.721011
vt 0.685192 0.732761
vt 0.687385 0.715649
vt 0.837098 0.679949
vt 0.834768 0.691953
vt 0.858710 0.686339
vt 0.671329 0.742781
vt 0.400075 0.158870
vt 0.387068 0.154141
vt 0.386100 0.168153
vt 0.418717 0.145585
vt 0.412848 0.132031
vt 0.401370 0.143345
vt 0.430114 0.132306
vt 0.419756 0.121923
vt 0.133417 0.172381
vt 0.122407 0.183172
vt 0.133417 0.194694
vt 0.814729 0.617165
vt 0.801756 0.612812
vt 0.733663 0.717254
vt 0.739400 0.749477
vt 0.743868 0.710495
vt 0.771519 0.755701
vt 0.790018 0.787661
vt 0.783098 0.750445
vt 0.742812 0.636554
vt 0.730900 0.630173
vt 0.719758 0.620656
vt 0.836472 0.296805
vt 0.848655 0.295042
vt 0.705890 0.726134
vt 0.720018 0.722872
vt 0.714405 0.614546
vt 0.705500 0.608364
vt 0.398579 0.205814
vt 0.430114 0.229187
vt 0.410555 0.200796
vt 0.840344 0.633889
vt 0.828184 0.631055
vt 0.825931 0.660897
vt 0.381144 0.188994
vt 0.395083 0.177086
vt 0.838590 0.662585
vt 0.692585 0.635787
vt 0.857130 0.665309
vt 0.849205 0.628531
vt 0.690439 0.644504
vt 0.702514 0.654871
vt 0.815540 0.310045
vt 0.824843 0.302074
vt 0.771518 0.724156
vt 0.790018 0.718218
vt 0.810359 0.659075
vt 0.816580 0.626054
vt 0.795463 0.650939
vt 0.752619 0.732058
vt 0.793236 0.643039
vt 0.346264 0.253922
vt 0.341042 0.247074
vt 0.336461 0.258270
vt 0.180854 0.499573
vt 0.159776 0.508355
vt 0.172053 0.515632
vt 0.083330 0.406466
vt 0.084386 0.420035
vt 0.087096 0.418705
vt 0.148178 0.471585
vt 0.142240 0.469594
vt 0.141569 0.472269
vt 0.131408 0.502188
vt 0.149499 0.521325
vt 0.844975 0.095881
vt 0.858806 0.107612
vt 0.858806 0.086521
vt 0.173412 0.477690
vt 0.738918 0.897597
vt 0.728797 0.892350
vt 0.728925 0.909585
vt 0.168069 0.463722
vt 0.753303 0.875267
vt 0.741246 0.872579
vt 0.749421 0.894628
vt 0.173412 0.428918
vt 0.150167 0.448452
vt 0.168069 0.449080
vt 0.758405 0.864365
vt 0.866510 0.430006
vt 0.863673 0.419430
vt 0.857538 0.430377
vt 0.892590 0.411281
vt 0.159776 0.401769
vt 0.144278 0.427213
vt 0.180854 0.413249
vt 0.080947 0.545616
vt 0.083330 0.519224
vt 0.067520 0.541045
vt 0.067520 0.392871
vt 0.080947 0.384838
vt 0.137415 0.383858
vt 0.131408 0.411103
vt 0.149500 0.391449
vt 0.109734 0.545117
vt 0.103520 0.518874
vt 0.095201 0.546991
vt 0.115929 0.525346
vt 0.770151 0.134309
vt 0.730007 0.136535
vt 0.734666 0.146002
vt 0.125611 0.519554
vt 0.940110 0.438696
vt 0.960953 0.510826
vt 0.960953 0.428621
vt 0.782379 0.433351
vt 0.828911 0.510350
vt 0.792506 0.423781
vt 0.294501 0.238503
vt 0.307690 0.343310
vt 0.310759 0.236754
vt 0.753256 0.263974
vt 0.673859 0.306177
vt 0.758575 0.279797
vt 0.805051 0.415738
vt 0.848191 0.509006
vt 0.836754 0.425398
vt 0.962113 0.961294
vt 0.962113 0.883589
vt 0.944201 0.956432
vt 0.848191 0.422419
vt 0.755380 0.311394
vt 0.668170 0.319402
vt 0.755380 0.324640
vt 0.762239 0.351548
vt 0.667633 0.329814
vt 0.758575 0.368141
vt 0.731190 0.942161
vt 0.792254 0.925180
vt 0.741210 0.920719
vt 0.209918 0.287773
vt 0.274967 0.350069
vt 0.222594 0.267037
vt 0.909680 0.144487
vt 0.926805 0.227521
vt 0.926805 0.132491
vt 0.238346 0.262928
vt 0.282996 0.343660
vt 0.250190 0.256761
vt 0.116397 0.180837
vt 0.116397 0.102502
vt 0.088726 0.169460
vt 0.909583 0.502164
vt 0.927336 0.419822
vt 0.901039 0.502513
vt 0.079777 0.162584
vt 0.356029 0.386547
vt 0.356029 0.290295
vt 0.337644 0.373484
vt 0.511700 0.161994
vt 0.504572 0.154854
vt 0.501427 0.164288
vt 0.682190 0.924241
vt 0.691878 0.929320
vt 0.689942 0.922065
vt 0.128853 0.477713
vt 0.127536 0.485004
vt 0.139139 0.481878
vt 0.074235 0.503530
vt 0.071921 0.511097
vt 0.081496 0.506035
vt 0.546183 0.788135
vt 0.534631 0.787961
vt 0.540754 0.798115
vt 0.443709 0.765581
vt 0.458261 0.788448
vt 0.462818 0.782435
vt 0.503118 0.751828
vt 0.494652 0.760612
vt 0.504132 0.763281
vt 0.395488 0.835698
vt 0.425582 0.816055
vt 0.393146 0.814797
vt 0.538241 0.742827
vt 0.527341 0.765581
vt 0.552925 0.757607
vt 0.425498 0.864877
vt 0.431356 0.845091
vt 0.418341 0.849879
vt 0.503703 0.723216
vt 0.521621 0.731215
vt 0.437460 0.907668
vt 0.456661 0.881188
vt 0.422777 0.892888
vt 0.483425 0.743426
vt 0.542691 0.919280
vt 0.519152 0.894941
vt 0.526565 0.927279
vt 0.454081 0.919280
vt 0.162338 0.217693
vt 0.141470 0.230643
vt 0.156869 0.242841
vt 0.890049 0.867308
vt 0.903400 0.869301
vt 0.888235 0.844035
vt 0.487581 0.908253
vt 0.480884 0.894941
vt 0.473191 0.905086
vt 0.889047 0.883915
vt 0.418992 0.742827
vt 0.433011 0.731215
vt 0.508951 0.931356
vt 0.851697 0.738305
vt 0.835084 0.720011
vt 0.838663 0.754124
vt 0.416751 0.786802
vt 0.429920 0.788135
vt 0.423189 0.773304
vt 0.862022 0.720011
vt 0.799137 0.734927
vt 0.829113 0.754550
vt 0.826961 0.740051
vt 0.665549 0.724430
vt 0.659541 0.711769
vt 0.655397 0.727206
vt 0.933128 0.058977
vt 0.955589 0.128618
vt 0.955589 0.040362
vt 0.267413 0.188243
vt 0.275647 0.113742
vt 0.252513 0.189109
vt 0.608075 0.871077
vt 0.686402 0.885112
vt 0.595791 0.842272
vt 0.545602 0.361333
vt 0.632540 0.308664
vt 0.538680 0.341322
vt 0.227726 0.555414
vt 0.314124 0.501202
vt 0.217278 0.536218
vt 0.552175 0.312318
vt 0.624096 0.291560
vt 0.550179 0.294395
vt 0.531070 0.272981
vt 0.209484 0.514832
vt 0.297978 0.477440
vt 0.227997 0.488266
vt 0.226675 0.470212
vt 0.304956 0.458115
vt 0.204443 0.445989
vt 0.338907 0.211036
vt 0.338907 0.109169
vt 0.317890 0.186723
vt 0.847003 0.146900
vt 0.867678 0.224580
vt 0.860639 0.144991
vt 0.209092 0.424422
vt 0.309786 0.441961
vt 0.216709 0.404963
vt 0.592723 0.953710
vt 0.589295 0.933145
vt 0.071551 0.187553
vt 0.071551 0.099079
vt 0.049146 0.165647
vt 0.602155 0.821783
vt 0.690190 0.854969
vt 0.610030 0.803842
vt 0.619115 0.789138
vt 0.587872 0.910849
vt 0.685098 0.903353
vt 0.605998 0.889062
vt 0.512391 0.107561
vt 0.499688 0.108910
vt 0.506594 0.126359
vt 0.516498 0.311514
vt 0.506757 0.314129
vt 0.516498 0.327868
vt 0.252207 0.831804
vt 0.199831 0.788190
vt 0.239529 0.847646
vt 0.224622 0.860468
vt 0.100853 0.724563
vt 0.163637 0.739163
vt 0.110814 0.706309
vt 0.123491 0.690467
vt 0.208059 0.869778
vt 0.168904 0.801546
vt 0.190475 0.875216
vt 0.208059 0.664311
vt 0.191058 0.737085
vt 0.224622 0.671110
vt 0.138398 0.677645
vt 0.172546 0.876575
vt 0.154962 0.668336
vt 0.154962 0.873802
vt 0.239529 0.681672
vt 0.205180 0.756214
vt 0.252207 0.695592
vt 0.138398 0.867004
vt 0.262167 0.712336
vt 0.172546 0.662897
vt 0.190475 0.661538
vt 0.123491 0.856441
vt 0.269028 0.731259
vt 0.110814 0.842521
vt 0.272526 0.751635
vt 0.100853 0.825777
vt 0.151697 0.786273
vt 0.093992 0.806854
vt 0.272526 0.772681
vt 0.269028 0.793587
vt 0.090495 0.786478
vt 0.262167 0.813550
vt 0.090495 0.765433
vt 0.401621 0.678179
vt 0.487529 0.607887
vt 0.390502 0.656498
vt 0.547657 0.537206
vt 0.641653 0.550544
vt 0.542611 0.505614
vt 0.869552 0.586727
vt 0.899342 0.687802
vt 0.899342 0.561244
vt 0.402874 0.606825
vt 0.486569 0.570472
vt 0.399073 0.585104
vt 0.564443 0.489530
vt 0.639278 0.522630
vt 0.572425 0.468675
vt 0.453098 0.358377
vt 0.416956 0.272111
vt 0.428343 0.362124
vt 0.375242 0.569283
vt 0.486494 0.547759
vt 0.376839 0.536550
vt 0.401053 0.382556
vt 0.381785 0.504041
vt 0.836053 0.228838
vt 0.836053 0.116493
vt 0.815053 0.183754
vt 0.412178 0.459908
vt 0.492917 0.497463
vt 0.414219 0.420028
vt 0.065638 0.251204
vt 0.103652 0.337876
vt 0.099664 0.214581
vt 0.551000 0.678791
vt 0.639227 0.609930
vt 0.552366 0.634412
vt 0.644551 0.207412
vt 0.644551 0.102861
vt 0.616399 0.180751
vt 0.878812 0.280496
vt 0.905074 0.380546
vt 0.905074 0.253885
vt 0.675629 0.145971
vt 0.709586 0.226165
vt 0.709586 0.117699
vt 0.493184 0.229066
vt 0.493184 0.105702
vt 0.463504 0.205841
vt 0.545213 0.563752
vt 0.719089 0.658541
vt 0.712819 0.674664
vt 0.728750 0.679112
vt 0.732110 0.662176
vt 0.783268 0.668758
vt 0.801491 0.678712
vt 0.785075 0.296126
vt 0.797343 0.305442
vt 0.750261 0.689478
vt 0.750624 0.668303
vt 0.821612 0.677885
vt 0.367086 0.179884
vt 0.764717 0.684956
vt 0.766361 0.661318
vt 0.676631 0.660363
vt 0.691404 0.673045
vt 0.749547 0.502467
vt 0.740664 0.490562
vt 0.733401 0.497394
vt 0.736111 0.513651
vt 0.687483 0.502955
vt 0.709601 0.487767
vt 0.706970 0.478786
vt 0.681944 0.487598
vt 0.818244 0.689750
vt 0.673996 0.763963
vt 0.687385 0.759247
vt 0.365121 0.165853
vt 0.801190 0.684128
vt 0.725976 0.691375
vt 0.741610 0.691931
vt 0.687953 0.519760
vt 0.698264 0.513948
vt 0.674844 0.506393
vt 0.708978 0.686630
vt 0.715393 0.431515
vt 0.709034 0.431448
vt 0.759303 0.627081
vt 0.750471 0.631001
vt 0.857175 0.304276
vt 0.293047 0.357482
vt 0.298868 0.355285
vt 0.297513 0.345815
vt 0.326201 0.335023
vt 0.317898 0.351109
vt 0.318883 0.351061
vt 0.326110 0.352021
vt 0.287000 0.361546
vt 0.289975 0.359099
vt 0.350678 0.229262
vt 0.336772 0.236951
vt 0.341167 0.243290
vt 0.346700 0.243410
vt 0.284081 0.364104
vt 0.516569 0.333332
vt 0.506753 0.345884
vt 0.513024 0.349184
vt 0.516569 0.351345
vt 0.691601 0.760041
vt 0.691013 0.767942
vt 0.698357 0.767841
vt 0.698357 0.749309
vt 0.657416 0.311044
vt 0.657610 0.312415
vt 0.658707 0.319331
vt 0.656284 0.306152
vt 0.309279 0.352128
vt 0.922153 0.261524
vt 0.909156 0.266847
vt 0.910288 0.274081
vt 0.922452 0.278177
vt 0.909304 0.257813
vt 0.909463 0.260256
vt 0.922452 0.248432
vt 0.909274 0.253023
vt 0.122460 0.532650
vt 0.117510 0.555700
vt 0.792005 0.812204
vt 0.775622 0.810899
vt 0.775851 0.822330
vt 0.792254 0.824663
vt 0.774079 0.835483
vt 0.790323 0.839000
vt 0.770374 0.849852
vt 0.786285 0.854661
vt 0.769521 0.868807
vt 0.763961 0.880689
vt 0.763447 0.903463
vt 0.681725 0.418368
vt 0.681725 0.403162
vt 0.667727 0.400129
vt 0.667749 0.415875
vt 0.752102 0.907653
vt 0.719825 0.930132
vt 0.709743 0.937660
vt 0.715000 0.952991
vt 0.160852 0.529768
vt 0.404462 0.109757
vt 0.419658 0.108043
vt 0.419658 0.084984
vt 0.408300 0.085993
vt 0.133013 0.526336
vt 0.052569 0.439039
vt 0.055039 0.440646
vt 0.066986 0.423895
vt 0.065439 0.419609
vt 0.058231 0.503457
vt 0.060247 0.501236
vt 0.050889 0.483835
vt 0.048668 0.484417
vt 0.714611 0.907735
vt 0.079267 0.171167
vt 0.101312 0.190935
vt 0.752661 0.841356
vt 0.103520 0.401610
vt 0.095201 0.379787
vt 0.742567 0.105583
vt 0.753622 0.107956
vt 0.761637 0.114396
vt 0.761637 0.084192
vt 0.719702 0.152264
vt 0.728627 0.154391
vt 0.757107 0.122919
vt 0.733921 0.124292
vt 0.883267 0.507246
vt 0.892590 0.507666
vt 0.279743 0.251410
vt 0.746486 0.250287
vt 0.660812 0.297513
vt 0.326201 0.236611
vt 0.762239 0.297146
vt 0.764284 0.221869
vt 0.770151 0.211846
vt 0.911563 0.859312
vt 0.925015 0.956886
vt 0.937331 0.949631
vt 0.938596 0.859312
vt 0.671879 0.344553
vt 0.753256 0.382866
vt 0.893350 0.145985
vt 0.916123 0.218925
vt 0.933591 0.512242
vt 0.933591 0.418733
vt 0.262044 0.246492
vt 0.901617 0.097148
vt 0.892661 0.100807
vt 0.895958 0.115242
vt 0.907630 0.114050
vt 0.903935 0.062460
vt 0.896866 0.067003
vt 0.895562 0.078596
vt 0.902136 0.078644
vt 0.893392 0.054448
vt 0.893180 0.056139
vt 0.907630 0.043046
vt 0.897279 0.044535
vt 0.632622 0.288300
vt 0.635704 0.275170
vt 0.630399 0.272844
vt 0.870385 0.950791
vt 0.888235 0.945329
vt 0.885703 0.927290
vt 0.867625 0.931130
vt 0.400979 0.787179
vt 0.407996 0.772467
vt 0.884412 0.907357
vt 0.866218 0.909403
vt 0.404753 0.738490
vt 0.879491 0.799959
vt 0.896590 0.806944
vt 0.902092 0.792157
vt 0.885488 0.783843
vt 0.868439 0.883645
vt 0.171792 0.176756
vt 0.153842 0.183129
vt 0.158873 0.199189
vt 0.177276 0.194260
vt 0.502803 0.943976
vt 0.478180 0.919553
vt 0.869532 0.865545
vt 0.181053 0.214428
vt 0.593977 0.870855
vt 0.592071 0.887355
vt 0.870385 0.840386
vt 0.177695 0.242141
vt 0.737081 0.081986
vt 0.716875 0.081823
vt 0.719334 0.109775
vt 0.737081 0.113387
vt 0.891911 0.824461
vt 0.874391 0.819051
vt 0.156869 0.259302
vt 0.177695 0.260083
vt 0.442998 0.930813
vt 0.424882 0.918156
vt 0.162338 0.280461
vt 0.181053 0.282841
vt 0.408878 0.902047
vt 0.158872 0.301118
vt 0.177276 0.305357
vt 0.884416 0.122220
vt 0.870526 0.118726
vt 0.847179 0.137806
vt 0.153842 0.320303
vt 0.171792 0.326268
vt 0.410513 0.872276
vt 0.402713 0.855929
vt 0.147439 0.337279
vt 0.164813 0.344770
vt 0.302213 0.193299
vt 0.323063 0.213813
vt 0.622344 0.720966
vt 0.604146 0.725453
vt 0.600407 0.755804
vt 0.620968 0.754929
vt 0.379135 0.839714
vt 0.376582 0.816933
vt 0.601670 0.765931
vt 0.622344 0.765967
vt 0.394444 0.794297
vt 0.377997 0.794589
vt 0.665549 0.744735
vt 0.630604 0.745698
vt 0.636617 0.763085
vt 0.797463 0.716676
vt 0.829113 0.719986
vt 0.558420 0.830714
vt 0.546970 0.826855
vt 0.547517 0.835159
vt 0.547265 0.836780
vt 0.446135 0.843367
vt 0.443397 0.838613
vt 0.442293 0.833060
vt 0.438670 0.814843
vt 0.581076 0.747792
vt 0.586776 0.758771
vt 0.141470 0.274664
vt 0.556709 0.907668
vt 0.548268 0.870822
vt 0.464850 0.751828
vt 0.449137 0.723216
vt 0.903400 0.913047
vt 0.636240 0.712191
vt 0.293011 0.209372
vt 0.293011 0.115518
vt 0.554340 0.378619
vt 0.638706 0.323349
vt 0.329257 0.485991
vt 0.341929 0.561544
vt 0.350586 0.563799
vt 0.350586 0.465232
vt 0.533242 0.250352
vt 0.634750 0.257163
vt 0.537707 0.229264
vt 0.884416 0.217031
vt 0.314124 0.423437
vt 0.227001 0.388358
vt 0.055845 0.089774
vt 0.037463 0.165441
vt 0.355597 0.187963
vt 0.343985 0.196381
vt 0.343929 0.203160
vt 0.355597 0.215973
vt 0.875235 0.086961
vt 0.862285 0.095430
vt 0.863076 0.102073
vt 0.875235 0.107837
vt 0.710673 0.418878
vt 0.710673 0.405188
vt 0.700192 0.412131
vt 0.700840 0.414070
vt 0.082149 0.343381
vt 0.093052 0.351320
vt 0.098372 0.349958
vt 0.498158 0.533616
vt 0.499637 0.526413
vt 0.482510 0.520125
vt 0.924736 0.077024
vt 0.913276 0.099016
vt 0.911844 0.104358
vt 0.924736 0.106550
vt 0.498348 0.549847
vt 0.495946 0.544383
vt 0.886457 0.524100
vt 0.867346 0.524100
vt 0.871134 0.531422
vt 0.877694 0.547264
vt 0.499249 0.590945
vt 0.499684 0.576242
vt 0.508796 0.607741
vt 0.499333 0.591139
vt 0.608277 0.132036
vt 0.585176 0.141543
vt 0.585638 0.182542
vt 0.604859 0.176637
vt 0.263632 0.914812
vt 0.247146 0.900220
vt 0.223528 0.913494
vt 0.237889 0.929279
vt 0.588774 0.205300
vt 0.608277 0.201441
vt 0.182296 0.076362
vt 0.159487 0.087765
vt 0.158613 0.138393
vt 0.176071 0.131181
vt 0.944734 0.622782
vt 0.927338 0.617436
vt 0.923300 0.633362
vt 0.940333 0.640141
vt 0.363723 0.109656
vt 0.382427 0.109753
vt 0.382427 0.084765
vt 0.360738 0.084512
vt 0.164325 0.154953
vt 0.182296 0.149231
vt 0.922256 0.681605
vt 0.944734 0.692329
vt 0.242845 0.113423
vt 0.218847 0.116669
vt 0.214543 0.146760
vt 0.234232 0.146326
vt 0.183977 0.893041
vt 0.176743 0.880755
vt 0.147819 0.919233
vt 0.155371 0.935534
vt 0.286799 0.636940
vt 0.268401 0.645279
vt 0.270049 0.681729
vt 0.286366 0.676388
vt 0.214543 0.170951
vt 0.234232 0.172693
vt 0.851529 0.792434
vt 0.826987 0.799207
vt 0.831829 0.827464
vt 0.856806 0.823232
vt 0.281623 0.701184
vt 0.298981 0.697593
vt 0.218847 0.204587
vt 0.242844 0.209248
vt 0.822897 0.860180
vt 0.843432 0.858916
vt 0.872513 0.751777
vt 0.892010 0.755316
vt 0.892010 0.727232
vt 0.868849 0.722576
vt 0.210562 0.605650
vt 0.198455 0.616571
vt 0.214092 0.657515
vt 0.224685 0.649722
vt 0.822897 0.884804
vt 0.843432 0.885754
vt 0.332644 0.714005
vt 0.310463 0.715984
vt 0.293659 0.746847
vt 0.312100 0.747364
vt 0.831829 0.916954
vt 0.856806 0.920771
vt 0.293659 0.771301
vt 0.312100 0.774017
vt 0.826987 0.944531
vt 0.851529 0.950828
vt 0.310463 0.804856
vt 0.332644 0.810870
vt 0.919689 0.600310
vt 0.936963 0.582387
vt 0.919690 0.540305
vt 0.906286 0.553249
vt 0.281623 0.818789
vt 0.298981 0.825776
vt 0.815722 0.165594
vt 0.797022 0.166193
vt 0.796409 0.182854
vt 0.270049 0.839999
vt 0.286366 0.848893
vt 0.811135 0.225928
vt 0.268401 0.881938
vt 0.286799 0.894885
vt 0.600921 0.108743
vt 0.578427 0.120172
vt 0.149515 0.760433
vt 0.093992 0.744527
vt 0.784496 0.164532
vt 0.783913 0.180374
vt 0.936963 0.535689
vt 0.929962 0.532775
vt 0.070666 0.850756
vt 0.060883 0.823773
vt 0.105759 0.852451
vt 0.807943 0.860547
vt 0.807943 0.881739
vt 0.806212 0.839641
vt 0.177488 0.643739
vt 0.124201 0.909539
vt 0.198979 0.143499
vt 0.198979 0.164319
vt 0.124201 0.639537
vt 0.157057 0.650058
vt 0.911010 0.629677
vt 0.906218 0.641640
vt 0.147790 0.139567
vt 0.153221 0.155313
vt 0.120490 0.675774
vt 0.914849 0.614535
vt 0.141088 0.126890
vt 0.570972 0.188496
vt 0.573671 0.208082
vt 0.070666 0.706436
vt 0.105759 0.694181
vt 0.060884 0.734902
vt 0.781112 0.193556
vt 0.467069 0.102090
vt 0.443119 0.203022
vt 0.491018 0.368938
vt 0.435123 0.255826
vt 0.380917 0.255826
vt 0.368710 0.377957
vt 0.403253 0.483024
vt 0.043146 0.258740
vt 0.641634 0.583463
vt 0.547613 0.613308
vt 0.129019 0.327462
vt 0.129019 0.214204
vt 0.654948 0.148514
vt 0.688546 0.226274
vt 0.655017 0.509617
vt 0.574657 0.421877
vt 0.533727 0.602091
vt 0.922892 0.362248
vt 0.924543 0.387618
vt 0.941639 0.383985
vt 0.939988 0.358615
vt 0.347411 0.433030
vt 0.349514 0.406485
vt 0.330714 0.409595
vt 0.328611 0.436140
vt 0.948714 0.147725
vt 0.945587 0.184867
vt 0.960426 0.189037
vt 0.963553 0.151895
vt 0.559052 0.142181
vt 0.562112 0.110884
vt 0.547047 0.109324
vt 0.543987 0.140621
vt 0.936230 0.203883
vt 0.948862 0.229256
vt 0.961346 0.226693
vt 0.948714 0.201320
vt 0.927839 0.797664
vt 0.928722 0.840414
vt 0.941127 0.839134
vt 0.940244 0.796383
vt 0.534168 0.161330
vt 0.549611 0.199499
vt 0.562112 0.197295
vt 0.546670 0.159125
vt 0.922797 0.344431
vt 0.924543 0.301466
vt 0.912479 0.299785
vt 0.910732 0.342749
vt 0.166102 0.785795
vt 0.187928 0.784155
vt 0.192630 0.765603
vt 0.170804 0.767244
vt 0.910827 0.360566
vt 0.531485 0.142826
vt 0.927887 0.780089
vt 0.940292 0.778808
vt 0.936230 0.150288
vt 0.933104 0.187430
vt 0.911639 0.793128
vt 0.912522 0.835879
vt 0.522798 0.167552
vt 0.538240 0.205721
vt 0.939892 0.340798
vt 0.941639 0.297833
vt 0.963553 0.205491
vt 0.911687 0.775553
vt 0.349514 0.446937
vt 0.330714 0.450047
vt 0.941127 0.754065
vt 0.928722 0.755345
vt 0.534546 0.111529
vt 0.912479 0.385936
vt 0.706904 0.457827
vt 0.721187 0.454675
vt 0.712985 0.461192
vt 0.743285 0.480661
vt 0.740397 0.484941
vt 0.758775 0.486994
vt 0.731186 0.429679
vt 0.726838 0.447557
vt 0.722881 0.453664
vt 0.709687 0.488015
vt 0.708212 0.496360
vt 0.708933 0.496954
vt 0.720515 0.518842
vt 0.725936 0.500925
vt 0.720346 0.501213
vt 0.732331 0.498237
vt 0.745568 0.434635
vt 0.728137 0.447544
vt 0.732407 0.447049
vt 0.737996 0.449668
vt 0.713757 0.500607
vt 0.718099 0.501139
vt 0.759848 0.452896
vt 0.738171 0.449762
vt 0.742224 0.461029
vt 0.743524 0.463029
vt 0.700796 0.470504
vt 0.699479 0.474592
vt 0.706839 0.478287
vt 0.743942 0.463846
vt 0.748040 0.465320
vt 0.748112 0.469665
vt 0.762393 0.469587
vt 0.702064 0.465963
vt 0.703872 0.461204
vt 0.743564 0.480136
vt 0.747855 0.477097
vt 0.341227 0.244409
vt 0.657649 0.331898
vt 0.657438 0.336447
vt 0.655859 0.340255
vt 0.658864 0.321498
vt 0.514792 0.292352
vt 0.506187 0.306620
vt 0.514792 0.307979
vt 0.506280 0.306028
vt 0.506444 0.300852
vt 0.913335 0.283568
vt 0.918122 0.281807
vt 0.910761 0.275218
vt 0.336532 0.258501
vt 0.337494 0.264657
vt 0.350678 0.273149
vt 0.299366 0.355085
vt 0.308968 0.352159
vt 0.053197 0.444461
vt 0.049352 0.459317
vt 0.046680 0.461796
vt 0.049249 0.461325
vt 0.113277 0.510467
vt 0.122113 0.493172
vt 0.120318 0.495919
vt 0.103012 0.513936
vt 0.074974 0.424840
vt 0.092306 0.508344
vt 0.086220 0.507137
vt 0.132336 0.436555
vt 0.127937 0.427864
vt 0.125958 0.416829
vt 0.094534 0.415471
vt 0.103336 0.407101
vt 0.061539 0.503006
vt 0.143895 0.450144
vt 0.135954 0.445431
vt 0.117196 0.411532
vt 0.107876 0.407213
vt 0.142993 0.466731
vt 0.144567 0.457629
vt 0.055981 0.467580
vt 0.057108 0.480152
vt 0.690648 0.905972
vt 0.688830 0.914979
vt 0.892512 0.098414
vt 0.890563 0.076579
vt 0.139311 0.459375
vt 0.636173 0.272214
vt 0.638706 0.263777
vt 0.502199 0.203949
vt 0.511700 0.230672
vt 0.508876 0.201265
vt 0.499296 0.213067
vt 0.501904 0.230054
vt 0.502450 0.233037
vt 0.515598 0.372113
vt 0.508621 0.387963
vt 0.516379 0.390107
vt 0.509627 0.369711
vt 0.506535 0.381904
vt 0.124458 0.427710
vt 0.105914 0.407046
vt 0.502846 0.192325
vt 0.509430 0.183050
vt 0.502987 0.189015
vt 0.503023 0.180220
vt 0.510206 0.358804
vt 0.516379 0.356853
vt 0.510084 0.363840
vt 0.690789 0.895665
vt 0.691878 0.884798
vt 0.500911 0.169146
vt 0.438624 0.814601
vt 0.439702 0.807658
vt 0.441314 0.797281
vt 0.544486 0.809789
vt 0.541597 0.799734
vt 0.452647 0.796724
vt 0.534251 0.850440
vt 0.531564 0.854387
vt 0.546399 0.841830
vt 0.486770 0.880272
vt 0.505822 0.882232
vt 0.509447 0.881072
vt 0.466743 0.777574
vt 0.467431 0.764335
vt 0.467670 0.764269
vt 0.468467 0.856267
vt 0.487415 0.869467
vt 0.525186 0.875109
vt 0.529639 0.856748
vt 0.488629 0.760018
vt 0.494561 0.760587
vt 0.463820 0.852942
vt 0.509748 0.765342
vt 0.515418 0.768562
vt 0.520746 0.772774
vt 0.527114 0.790998
vt 0.523509 0.786683
vt 0.652986 0.579862
vt 0.652591 0.574229
vt 0.652802 0.550812
vt 0.502307 0.089278
vt 0.514417 0.079798
vt 0.502001 0.092649
vt 0.685846 0.410086
vt 0.690266 0.413092
vt 0.697139 0.398950
vt 0.697139 0.418775
vt 0.697074 0.418722
vt 0.654911 0.600125
vt 0.656443 0.603982
vt 0.499715 0.526202
vt 0.506674 0.511049
vt 0.508796 0.506430
vt 0.911963 0.105555
vt 0.922413 0.119627
vt 0.912561 0.113902
vt 0.498909 0.569184
vt 0.498577 0.560907
vt 0.386710 0.090692
vt 0.386879 0.095910
vt 0.399994 0.080937
vt 0.386916 0.097581
vt 0.399994 0.109390
vt 0.651218 0.548293
vt 0.656443 0.527004
vt 0.514417 0.141278
vt 0.506866 0.129725
vt 0.506976 0.135292
vt 0.178373 0.790873
vt 0.162873 0.786529
vt 0.157766 0.775701
vt 0.187523 0.754774
vt 0.172022 0.750430
vt 0.162468 0.757149
s 1
usemtl 9_tree
f 1/1/1 2/2/1 3/3/1
f 4/4/2 5/5/2 6/6/2
f 7/7/3 8/2/3 9/8/3
f 10/9/4 11/5/4 12/10/4
f 13/11/5 14/12/5 15/13/5
f 16/14/6 17/15/6 18/16/6
f 19/17/7 20/15/7 21/14/7
f 22/6/8 23/5/8 24/9/8
f 25/8/9 26/2/9 27/1/9
f 28/18/10 29/19/10 30/20/10
f 31/18/11 32/20/11 33/21/11
f 34/21/12 35/20/12 36/22/12
f 37/23/13 38/24/13 39/25/13
f 40/23/14 41/25/14 42/26/14
f 43/26/15 44/25/15 45/27/15
f 46/26/16 47/27/16 48/28/16
f 49/28/17 50/27/17 51/19/17
f 52/28/18 53/19/18 54/18/18
f 55/27/19 56/29/19 57/30/19
f 58/31/20 59/32/20 60/33/20
f 61/25/21 62/29/21 63/27/21
f 64/31/22 65/34/22 66/32/22
f 67/35/23 68/36/23 69/37/23
f 70/38/24 71/39/24 72/40/24
f 73/41/25 74/36/25 75/35/25
f 76/42/26 77/43/26 78/44/26
f 79/45/27 80/46/27 81/47/27
f 82/48/28 83/46/28 84/45/28
f 85/48/29 86/49/29 87/46/29
f 88/50/30 89/51/30 90/52/30
f 91/53/31 92/3/31 93/54/31
f 94/55/32 95/56/32 96/57/32
f 97/58/33 98/59/33 99/60/33
f 100/61/34 101/6/34 102/62/34
f 103/62/35 104/6/35 105/9/35
f 106/62/36 107/9/36 108/63/36
f 109/64/37 110/16/37 111/65/37
f 112/66/38 113/11/38 114/13/38
f 115/66/39 116/13/39 117/67/39
f 118/68/40 119/10/40 120/69/40
f 121/70/41 122/71/41 123/72/41
f 124/73/42 125/7/42 126/8/42
f 127/53/43 128/1/43 129/3/43
f 130/73/44 131/8/44 132/74/44
f 133/75/45 134/73/45 135/74/45
f 136/76/46 137/72/46 138/77/46
f 139/78/47 140/73/47 141/75/47
f 142/76/48 143/70/48 144/72/48
f 145/79/49 146/68/49 147/69/49
f 148/80/50 149/81/50 150/78/50
f 151/82/51 152/63/51 153/68/51
f 154/83/52 155/63/52 156/82/52
f 157/18/53 158/84/53 159/85/53
f 160/86/54 161/60/54 162/87/54
f 163/88/55 164/89/55 165/90/55
f 166/86/56 167/58/56 168/60/56
f 169/88/57 170/74/57 171/89/57
f 172/91/58 173/58/58 174/86/58
f 175/75/59 176/74/59 177/88/59
f 178/92/60 179/53/60 180/54/60
f 181/93/61 182/94/61 183/95/61
f 184/96/62 185/97/62 186/98/62
f 187/99/63 188/100/63 189/101/63
f 190/102/64 191/103/64 192/104/64
f 193/97/65 194/105/65 195/106/65
f 196/107/66 197/108/66 198/109/66
f 199/110/67 200/102/67 201/96/67
f 202/111/68 203/112/68 204/113/68
f 205/114/69 206/102/69 207/110/69
f 208/115/70 209/116/70 210/117/70
f 211/118/71 212/119/71 213/120/71
f 214/121/72 215/116/72 216/115/72
f 217/122/73 218/123/73 219/124/73
f 220/125/74 221/123/74 222/122/74
f 223/126/75 224/127/75 225/128/75
f 226/129/76 227/130/76 228/131/76
f 229/132/77 230/99/77 231/133/77
f 232/134/78 233/135/78 234/136/78
f 235/137/79 236/138/79 237/139/79
f 238/140/80 239/138/80 240/137/80
f 241/141/81 242/142/81 243/143/81
f 244/106/82 245/105/82 246/144/82
f 247/145/83 248/146/83 249/147/83
f 250/148/84 251/149/84 252/150/84
f 253/151/85 254/152/85 255/153/85
f 256/154/86 257/155/86 258/156/86
f 259/157/87 260/158/87 261/159/87
f 262/160/88 263/161/88 264/162/88
f 265/159/89 266/158/89 267/163/89
f 268/164/90 269/165/90 270/166/90
f 271/167/91 272/168/91 273/169/91
f 274/170/92 275/171/92 276/172/92
f 277/173/93 278/174/93 279/175/93
f 280/176/94 281/177/94 282/178/94
f 283/179/95 284/180/95 285/181/95
f 286/182/96 287/183/96 288/184/96
f 289/185/97 290/186/97 291/187/97
f 292/184/98 293/183/98 294/188/98
f 295/189/99 296/190/99 297/191/99
f 298/192/100 299/193/100 300/194/100
f 301/195/101 302/196/101 303/197/101
f 304/198/102 305/199/102 306/200/102
f 307/201/103 308/202/103 309/203/103
f 310/204/104 311/205/104 312/206/104
f 313/207/105 314/208/105 315/209/105
f 316/210/106 317/211/106 318/212/106
f 319/213/107 320/214/107 321/215/107
f 322/216/108 323/217/108 324/218/108
f 325/219/109 326/220/109 327/221/109
f 328/222/110 329/210/110 330/223/110
f 331/224/111 332/225/111 333/226/111
f 334/227/112 335/210/112 336/222/112
f 337/228/113 338/229/113 339/230/113
f 340/231/114 341/225/114 342/224/114
f 343/232/115 344/233/115 345/234/115
f 346/235/116 347/236/116 348/237/116
f 349/238/117 350/239/117 351/240/117
f 352/241/118 353/236/118 354/235/118
f 355/242/119 356/207/119 357/243/119
f 358/230/120 359/229/120 360/244/120
f 361/245/121 362/246/121 363/247/121
f 364/248/122 365/249/122 366/250/122
f 367/251/123 368/246/123 369/245/123
f 370/252/124 371/253/124 372/254/124
f 373/255/125 374/256/125 375/257/125
f 376/258/126 377/259/126 378/260/126
f 379/261/127 380/262/127 381/263/127
f 382/264/128 383/265/128 384/266/128
f 385/267/129 386/268/129 387/269/129
f 388/270/130 389/271/130 390/272/130
f 391/273/131 392/274/131 393/275/131
f 394/275/132 395/274/132 396/276/132
f 397/277/133 398/278/133 399/279/133
f 400/280/134 401/281/134 402/282/134
f 403/283/135 404/284/135 405/285/135
f 406/286/136 407/287/136 408/288/136
f 409/289/137 410/290/137 411/291/137
f 412/292/138 413/195/138 414/293/138
f 415/294/139 416/295/139 417/296/139
f 418/297/140 419/298/140 420/299/140
f 421/299/141 422/298/141 423/300/141
f 424/301/142 425/302/142 426/303/142
f 427/304/143 428/305/143 429/306/143
f 430/307/144 431/308/144 432/309/144
f 433/310/145 434/311/145 435/312/145
f 436/312/146 437/311/146 438/313/146
f 439/314/147 440/315/147 441/316/147
f 442/316/148 443/315/148 444/317/148
f 445/318/149 446/319/149 447/320/149
f 448/321/150 449/322/150 450/323/150
f 451/317/151 452/315/151 453/324/151
f 454/320/152 455/319/152 456/325/152
f 457/324/153 458/315/153 459/326/153
f 460/325/154 461/319/154 462/327/154
f 463/328/155 464/329/155 465/330/155
f 466/327/156 467/319/156 468/331/156
f 469/330/157 470/329/157 471/332/157
f 472/333/158 473/322/158 474/334/158
f 475/331/159 476/319/159 477/335/159
f 478/332/160 479/329/160 480/336/160
f 481/334/161 482/322/161 483/321/161
f 484/335/162 485/319/162 486/337/162
f 487/336/163 488/329/163 489/338/163
f 490/339/164 491/340/164 492/341/164
f 493/342/165 494/311/165 495/343/165
f 496/341/166 497/340/166 498/344/166
f 499/343/167 500/311/167 501/345/167
f 502/344/168 503/340/168 504/346/168
f 505/345/169 506/311/169 507/310/169
f 508/347/170 509/348/170 510/349/170
f 511/350/171 512/351/171 513/352/171
f 514/353/172 515/354/172 516/355/172
f 517/356/173 518/357/173 519/358/173
f 520/359/174 521/360/174 522/361/174
f 523/362/175 524/363/175 525/364/175
f 526/365/176 527/366/176 528/367/176
f 529/364/177 530/363/177 531/368/177
f 532/367/178 533/366/178 534/369/178
f 535/370/179 536/371/179 537/372/179
f 538/373/180 539/374/180 540/375/180
f 541/376/181 542/377/181 543/378/181
f 544/379/182 545/380/182 546/381/182
f 547/382/183 548/383/183 549/384/183
f 550/385/184 551/386/184 552/387/184
f 553/388/185 554/389/185 555/390/185
f 556/391/186 557/392/186 558/393/186
f 559/394/187 560/351/187 561/350/187
f 562/395/188 563/396/188 564/397/188
f 562/395/188 564/397/188 565/398/188
f 566/90/189 567/399/190 568/400/189
f 566/90/189 568/400/189 569/88/189
f 570/21/191 571/22/191 572/401/191
f 570/21/191 572/401/191 573/402/192
f 574/398/193 575/397/193 576/403/193
f 574/398/193 576/403/193 577/404/193
f 578/88/194 579/400/195 580/405/196
f 578/88/194 580/405/196 581/75/197
f 582/77/198 583/44/199 584/406/200
f 582/77/198 584/406/200 585/76/201
f 586/404/202 587/403/202 588/407/203
f 586/404/202 588/407/203 589/408/202
f 590/75/204 591/405/204 592/38/204
f 590/75/204 592/38/204 593/78/204
f 594/78/205 595/38/206 596/40/205
f 594/78/205 596/40/205 597/80/205
f 598/82/207 599/409/207 600/410/207
f 598/82/207 600/410/207 601/83/208
f 602/83/209 603/410/209 604/396/209
f 602/83/209 604/396/209 605/395/209
f 606/411/210 607/412/211 608/413/211
f 606/411/210 608/413/211 609/414/211
f 610/415/212 611/416/213 612/417/213
f 610/415/212 612/417/213 613/418/212
f 614/405/214 615/419/214 616/39/214
f 614/405/214 616/39/214 617/38/214
f 618/420/215 619/421/215 620/36/215
f 618/420/215 620/36/215 621/41/215
f 622/44/216 623/43/217 624/422/218
f 622/44/216 624/422/218 625/406/219
f 626/400/220 627/423/220 628/419/221
f 626/400/220 628/419/221 629/405/220
f 630/397/222 631/424/223 632/425/223
f 630/397/222 632/425/223 633/403/223
f 634/45/224 635/47/225 636/43/224
f 634/45/224 636/43/224 637/42/224
f 638/426/226 639/427/226 640/415/226
f 638/426/226 640/415/226 641/428/227
f 642/396/228 643/429/229 644/424/228
f 642/396/228 644/424/228 645/397/228
f 646/33/230 647/32/231 648/430/232
f 646/33/230 648/430/232 649/431/230
f 650/74/233 651/8/233 652/1/233
f 650/74/233 652/1/233 653/89/233
f 654/84/234 655/17/235 656/14/236
f 654/84/234 656/14/236 657/85/237
f 658/85/238 659/14/239 660/16/239
f 658/85/238 660/16/239 661/64/238
f 662/63/240 663/9/240 664/10/241
f 662/63/240 664/10/241 665/68/240
f 666/67/242 667/13/242 668/56/242
f 666/67/242 668/56/242 669/55/242
f 670/408/243 671/432/243 672/433/243
f 670/408/243 672/433/243 673/404/244
f 674/26/245 675/65/245 676/434/246
f 674/26/245 676/434/246 677/23/245
f 678/28/247 679/64/247 680/65/247
f 678/28/247 680/65/247 681/26/247
f 682/395/248 683/62/249 684/63/249
f 682/395/248 684/63/249 685/83/250
f 686/18/251 687/85/252 688/64/253
f 686/18/251 688/64/253 689/28/251
f 690/398/254 691/61/255 692/62/256
f 690/398/254 692/62/256 693/395/254
f 694/404/257 695/433/258 696/61/259
f 694/404/257 696/61/259 697/398/257
f 698/180/260 699/435/260 700/436/260
f 698/180/260 700/436/260 701/437/260
f 702/438/261 703/439/262 704/440/262
f 702/438/261 704/440/262 705/441/263
f 706/180/264 707/442/265 708/443/266
f 706/180/264 708/443/266 709/435/265
f 710/444/267 711/445/268 712/446/267
f 710/444/267 712/446/267 713/447/269
f 714/174/270 715/448/271 716/442/272
f 714/174/270 716/442/272 717/180/272
f 718/449/273 719/450/274 720/451/273
f 718/449/273 720/451/273 721/452/275
f 722/453/276 723/454/276 724/455/277
f 722/453/276 724/455/277 725/456/278
f 726/165/279 727/457/279 728/458/279
f 726/165/279 728/458/279 729/459/279
f 730/155/280 731/460/281 732/457/282
f 730/155/280 732/457/282 733/165/280
f 734/152/283 735/461/284 736/439/284
f 734/152/283 736/439/284 737/438/284
f 738/462/285 739/463/285 740/464/286
f 738/462/285 740/464/286 741/465/285
f 742/462/287 743/466/288 744/467/288
f 742/462/287 744/467/288 745/463/287
f 746/468/289 747/469/290 748/466/291
f 746/468/289 748/466/291 749/462/292
f 750/470/293 751/140/294 752/137/293
f 750/470/293 752/137/293 753/471/293
f 754/472/295 755/473/295 756/474/295
f 754/472/295 756/474/295 757/475/295
f 758/475/296 759/474/296 760/476/296
f 758/475/296 760/476/296 761/477/296
f 762/477/297 763/476/297 764/478/297
f 762/477/297 764/478/297 765/479/297
f 766/479/298 767/478/298 768/121/299
f 766/479/298 768/121/299 769/480/298
f 770/480/300 771/121/300 772/115/300
f 770/480/300 772/115/300 773/481/300
f 774/481/301 775/115/301 776/117/301
f 774/481/301 776/117/301 777/482/301
f 778/483/302 779/484/302 780/485/302
f 778/483/302 780/485/302 781/486/302
f 782/487/303 783/111/304 784/113/303
f 782/487/303 784/113/303 785/172/303
f 786/172/305 787/113/305 788/488/305
f 786/172/305 788/488/305 789/170/305
f 790/170/306 791/488/306 792/489/306
f 790/170/306 792/489/306 793/490/306
f 794/98/307 795/97/307 796/106/307
f 794/98/307 796/106/307 797/491/307
f 798/492/308 799/493/308 800/494/309
f 798/492/308 800/494/309 801/495/309
f 802/496/310 803/144/311 804/140/310
f 802/496/310 804/140/310 805/470/310
f 806/497/312 807/498/312 808/499/313
f 806/497/312 808/499/313 809/500/313
f 810/501/314 811/502/314 812/503/315
f 810/501/314 812/503/315 813/504/315
f 814/96/316 815/102/317 816/105/316
f 814/96/316 816/105/316 817/97/317
f 818/113/318 819/112/319 820/505/320
f 818/113/318 820/505/320 821/488/318
f 822/117/321 823/116/322 824/112/321
f 822/117/321 824/112/321 825/111/323
f 826/120/324 827/119/324 828/102/324
f 826/120/324 828/102/324 829/114/324
f 830/184/325 831/506/326 832/507/327
f 830/184/325 832/507/327 833/182/328
f 834/128/329 835/127/330 836/119/331
f 834/128/329 836/119/331 837/118/332
f 838/478/333 839/508/333 840/116/333
f 838/478/333 840/116/333 841/121/333
f 842/133/334 843/99/334 844/509/334
f 842/133/334 844/509/334 845/510/334
f 846/136/335 847/135/335 848/127/335
f 846/136/335 848/127/335 849/126/335
f 850/139/336 851/138/336 852/130/336
f 850/139/336 852/130/336 853/129/336
f 854/511/337 855/512/338 856/513/339
f 854/511/337 856/513/339 857/514/340
f 858/143/341 859/142/341 860/515/341
f 858/143/341 860/515/341 861/516/342
f 862/144/343 863/105/343 864/138/343
f 862/144/343 864/138/343 865/140/343
f 866/517/344 867/518/345 868/142/345
f 866/517/344 868/142/345 869/141/344
f 870/122/346 871/519/346 872/520/346
f 870/122/346 872/520/346 873/125/347
f 874/521/348 875/437/349 876/152/349
f 874/521/348 876/152/349 877/151/350
f 878/522/351 879/523/352 880/155/352
f 878/522/351 880/155/352 881/154/352
f 882/150/353 883/149/354 884/158/355
f 882/150/353 884/158/355 885/157/356
f 886/153/357 887/152/358 888/438/359
f 886/153/357 888/438/359 889/524/360
f 890/156/361 891/155/362 892/165/362
f 890/156/361 892/165/362 893/525/361
f 894/143/363 895/526/363 896/527/364
f 894/143/363 896/527/364 897/141/365
f 898/166/366 899/165/366 900/168/366
f 898/166/366 900/168/366 901/167/366
f 902/528/367 903/529/368 904/530/368
f 902/528/367 904/530/368 905/531/368
f 906/169/369 907/168/370 908/532/371
f 906/169/369 908/532/371 909/533/369
f 910/175/372 911/174/373 912/180/374
f 910/175/372 912/180/374 913/179/375
f 914/534/376 915/535/377 916/177/378
f 914/534/376 916/177/378 917/176/376
f 918/536/379 919/537/380 920/186/380
f 918/536/379 920/186/380 921/185/379
f 922/181/381 923/180/382 924/437/382
f 922/181/381 924/437/382 925/538/381
f 926/539/383 927/540/383 928/541/384
f 926/539/383 928/541/384 929/542/385
f 930/543/386 931/544/387 932/545/387
f 930/543/386 932/545/387 933/546/387
f 934/543/388 935/547/388 936/548/389
f 934/543/388 936/548/389 937/544/388
f 938/549/390 939/550/390 940/547/390
f 938/549/390 940/547/390 941/543/390
f 942/274/391 943/551/392 944/552/391
f 942/274/391 944/552/391 945/553/393
f 946/554/394 947/555/394 948/556/394
f 946/554/394 948/556/394 949/557/394
f 950/558/395 951/248/395 952/250/395
f 950/558/395 952/250/395 953/559/395
f 954/557/396 955/556/396 956/560/396
f 954/557/396 956/560/396 957/561/396
f 958/559/397 959/250/397 960/242/398
f 958/559/397 960/242/398 961/562/397
f 962/563/399 963/564/399 964/565/399
f 962/563/399 964/565/399 965/566/399
f 966/561/400 967/560/400 968/241/400
f 966/561/400 968/241/400 969/567/400
f 970/568/401 971/569/402 972/570/401
f 970/568/401 972/570/401 973/571/401
f 974/572/403 975/244/403 976/238/403
f 974/572/403 976/238/403 977/573/403
f 978/567/404 979/241/405 980/235/404
f 978/567/404 980/235/404 981/574/404
f 982/571/406 983/570/406 984/232/406
f 982/571/406 984/232/406 985/575/406
f 986/264/407 987/576/407 988/577/407
f 986/264/407 988/577/407 989/303/408
f 990/574/409 991/235/409 992/237/409
f 990/574/409 992/237/409 993/578/409
f 994/575/410 995/232/410 996/234/410
f 994/575/410 996/234/410 997/579/410
f 998/580/411 999/581/411 1000/582/411
f 998/580/411 1000/582/411 1001/583/411
f 1002/578/412 1003/237/412 1004/584/412
f 1002/578/412 1004/584/412 1005/585/412
f 1006/579/413 1007/234/414 1008/586/414
f 1006/579/413 1008/586/414 1009/587/415
f 1010/588/416 1011/231/416 1012/224/416
f 1010/588/416 1012/224/416 1013/589/416
f 1014/585/417 1015/584/417 1016/564/417
f 1014/585/417 1016/564/417 1017/563/418
f 1018/587/419 1019/586/419 1020/590/420
f 1018/587/419 1020/590/420 1021/591/421
f 1022/589/422 1023/224/422 1024/226/422
f 1022/589/422 1024/226/422 1025/592/422
f 1026/591/423 1027/590/424 1028/593/423
f 1026/591/423 1028/593/423 1029/594/423
f 1030/595/425 1031/596/426 1032/597/425
f 1030/595/425 1032/597/425 1033/288/426
f 1034/594/427 1035/593/427 1036/598/427
f 1034/594/427 1036/598/427 1037/599/427
f 1038/600/428 1039/219/428 1040/221/428
f 1038/600/428 1040/221/428 1041/601/428
f 1042/599/429 1043/598/429 1044/602/429
f 1042/599/429 1044/602/429 1045/603/430
f 1046/285/431 1047/604/431 1048/605/431
f 1046/285/431 1048/605/431 1049/283/431
f 1050/606/432 1051/607/432 1052/608/432
f 1050/606/432 1052/608/432 1053/609/432
f 1054/610/433 1055/213/433 1056/215/433
f 1054/610/433 1056/215/433 1057/611/433
f 1058/609/434 1059/608/434 1060/612/434
f 1058/609/434 1060/612/434 1061/613/434
f 1062/611/435 1063/215/436 1064/614/435
f 1062/611/435 1064/614/435 1065/615/435
f 1066/616/437 1067/257/437 1068/617/437
f 1066/616/437 1068/617/437 1069/618/437
f 1070/619/438 1071/252/439 1072/254/440
f 1070/619/438 1072/254/440 1073/620/439
f 1074/621/441 1075/622/442 1076/623/443
f 1074/621/441 1076/623/443 1077/624/443
f 1078/220/444 1079/625/445 1080/626/446
f 1078/220/444 1080/626/446 1081/627/445
f 1082/220/447 1083/627/447 1084/628/447
f 1082/220/447 1084/628/447 1085/214/447
f 1086/607/448 1087/629/448 1088/630/448
f 1086/607/448 1088/630/448 1089/608/449
f 1090/221/450 1091/220/451 1092/214/450
f 1090/221/450 1092/214/450 1093/213/451
f 1094/223/452 1095/210/452 1096/217/452
f 1094/223/452 1096/217/452 1097/216/452
f 1098/226/453 1099/225/454 1100/220/453
f 1098/226/453 1100/220/453 1101/219/455
f 1102/234/456 1103/233/456 1104/631/456
f 1102/234/456 1104/631/456 1105/586/456
f 1106/632/457 1107/633/457 1108/229/457
f 1106/632/457 1108/229/457 1109/228/457
f 1110/240/458 1111/239/459 1112/225/459
f 1110/240/458 1112/225/459 1113/231/460
f 1114/243/461 1115/207/462 1116/634/463
f 1114/243/461 1116/634/463 1117/635/462
f 1118/244/464 1119/229/465 1120/239/466
f 1118/244/464 1120/239/466 1121/238/467
f 1122/560/468 1123/636/469 1124/236/470
f 1122/560/468 1124/236/470 1125/241/468
f 1126/250/471 1127/249/472 1128/207/471
f 1126/250/471 1128/207/471 1129/242/471
f 1130/257/473 1131/256/473 1132/637/474
f 1130/257/473 1132/637/474 1133/617/474
f 1134/215/475 1135/214/476 1136/249/476
f 1134/215/475 1136/249/476 1137/614/475
f 1138/638/477 1139/639/478 1140/262/478
f 1138/638/477 1140/262/478 1141/261/479
f 1142/303/480 1143/302/481 1144/265/480
f 1142/303/480 1144/265/480 1145/264/480
f 1146/640/482 1147/641/482 1148/268/482
f 1146/640/482 1148/268/482 1149/267/483
f 1150/642/484 1151/643/485 1152/644/486
f 1150/642/484 1152/644/486 1153/645/484
f 1154/266/487 1155/265/487 1156/298/487
f 1154/266/487 1156/298/487 1157/297/488
f 1158/269/489 1159/268/490 1160/274/490
f 1158/269/489 1160/274/490 1161/273/491
f 1162/272/492 1163/271/492 1164/278/492
f 1162/272/492 1164/278/492 1165/277/492
f 1166/276/493 1167/274/494 1168/553/494
f 1166/276/493 1168/553/494 1169/646/493
f 1170/279/495 1171/278/496 1172/281/497
f 1170/279/495 1172/281/497 1173/280/495
f 1174/646/498 1175/553/498 1176/647/499
f 1174/646/498 1176/647/499 1177/648/498
f 1178/282/500 1179/281/500 1180/290/500
f 1178/282/500 1180/290/500 1181/289/500
f 1182/288/501 1183/287/502 1184/649/501
f 1182/288/501 1184/649/501 1185/595/501
f 1186/291/503 1187/290/503 1188/650/503
f 1186/291/503 1188/650/503 1189/651/503
f 1190/293/504 1191/195/504 1192/302/504
f 1190/293/504 1192/302/504 1193/301/504
f 1194/296/505 1195/295/505 1196/652/505
f 1194/296/505 1196/652/505 1197/653/505
f 1198/654/506 1199/655/507 1200/656/506
f 1198/654/506 1200/656/506 1201/657/506
f 1202/658/508 1203/659/508 1204/660/508
f 1202/658/508 1204/660/508 1205/661/508
f 1206/662/509 1207/663/509 1208/664/510
f 1206/662/509 1208/664/510 1209/665/511
f 1210/666/512 1211/667/513 1212/668/512
f 1210/666/512 1212/668/512 1213/377/514
f 1214/366/515 1215/669/516 1216/670/515
f 1214/366/515 1216/670/515 1217/671/515
f 1218/672/517 1219/673/518 1220/674/517
f 1218/672/517 1220/674/517 1221/675/517
f 1222/366/519 1223/676/520 1224/677/520
f 1222/366/519 1224/677/520 1225/669/519
f 1226/678/521 1227/679/522 1228/680/522
f 1226/678/521 1228/680/522 1229/681/522
f 1230/348/523 1231/682/524 1232/683/525
f 1230/348/523 1232/683/525 1233/357/525
f 1234/348/526 1235/684/527 1236/685/526
f 1234/348/526 1236/685/526 1237/682/528
f 1238/686/529 1239/687/529 1240/688/529
f 1238/686/529 1240/688/529 1241/689/529
f 1242/690/530 1243/691/530 1244/692/530
f 1242/690/530 1244/692/530 1245/693/530
f 1246/689/531 1247/688/531 1248/694/531
f 1246/689/531 1248/694/531 1249/695/531
f 1250/696/532 1251/697/533 1252/698/532
f 1250/696/532 1252/698/532 1253/699/534
f 1254/700/535 1255/701/535 1256/702/536
f 1254/700/535 1256/702/536 1257/703/536
f 1258/704/537 1259/705/537 1260/706/537
f 1258/704/537 1260/706/537 1261/707/537
f 1262/699/538 1263/698/538 1264/708/538
f 1262/699/538 1264/708/538 1265/709/539
f 1266/703/540 1267/702/541 1268/710/541
f 1266/703/540 1268/710/541 1269/711/541
f 1270/712/542 1271/713/542 1272/714/543
f 1270/712/542 1272/714/543 1273/715/543
f 1274/716/544 1275/717/544 1276/718/544
f 1274/716/544 1276/718/544 1277/719/544
f 1278/720/545 1279/721/545 1280/722/545
f 1278/720/545 1280/722/545 1281/723/545
f 1282/715/546 1283/714/546 1284/724/546
f 1282/715/546 1284/724/546 1285/725/546
f 1286/726/547 1287/727/547 1288/728/547
f 1286/726/547 1288/728/547 1289/729/547
f 1290/723/548 1291/722/548 1292/730/548
f 1290/723/548 1292/730/548 1293/731/548
f 1294/725/549 1295/724/549 1296/732/549
f 1294/725/549 1296/732/549 1297/733/549
f 1298/729/550 1299/728/551 1300/734/550
f 1298/729/550 1300/734/550 1301/735/550
f 1302/736/552 1303/737/553 1304/738/552
f 1302/736/552 1304/738/552 1305/739/552
f 1306/740/554 1307/741/554 1308/742/554
f 1306/740/554 1308/742/554 1309/743/554
f 1310/735/555 1311/734/556 1312/744/555
f 1310/735/555 1312/744/555 1313/745/555
f 1314/746/557 1315/747/558 1316/748/558
f 1314/746/557 1316/748/558 1317/749/557
f 1318/745/559 1319/744/559 1320/750/559
f 1318/745/559 1320/750/559 1321/751/559
f 1322/749/560 1323/748/560 1324/752/560
f 1322/749/560 1324/752/560 1325/753/560
f 1326/751/561 1327/750/561 1328/754/561
f 1326/751/561 1328/754/561 1329/755/561
f 1330/753/562 1331/752/563 1332/756/563
f 1330/753/562 1332/756/563 1333/757/563
f 1334/758/564 1335/759/564 1336/760/564
f 1334/758/564 1336/760/564 1337/761/565
f 1338/757/566 1339/756/567 1340/762/566
f 1338/757/566 1340/762/566 1341/763/567
f 1342/764/568 1343/765/568 1344/766/569
f 1342/764/568 1344/766/569 1345/372/569
f 1346/763/570 1347/762/571 1348/767/570
f 1346/763/570 1348/767/570 1349/768/570
f 1350/372/572 1351/766/573 1352/769/572
f 1350/372/572 1352/769/572 1353/370/572
f 1354/768/574 1355/767/574 1356/770/574
f 1354/768/574 1356/770/574 1357/771/574
f 1358/772/575 1359/773/575 1360/687/575
f 1358/772/575 1360/687/575 1361/686/575
f 1362/771/576 1363/770/576 1364/691/576
f 1362/771/576 1364/691/576 1365/690/576
f 1366/346/577 1367/340/578 1368/774/577
f 1366/346/577 1368/774/577 1369/775/577
f 1370/775/579 1371/774/579 1372/315/579
f 1370/775/579 1372/315/579 1373/314/579
f 1374/313/580 1375/311/580 1376/319/580
f 1374/313/580 1376/319/580 1377/318/580
f 1378/323/581 1379/322/581 1380/329/582
f 1378/323/581 1380/329/582 1381/328/582
f 1382/326/583 1383/315/583 1384/322/583
f 1382/326/583 1384/322/583 1385/333/583
f 1386/337/584 1387/319/584 1388/340/584
f 1386/337/584 1388/340/584 1389/339/584
f 1390/338/585 1391/329/585 1392/311/585
f 1390/338/585 1392/311/585 1393/342/586
f 1394/762/587 1395/345/587 1396/310/587
f 1394/762/587 1396/310/587 1397/767/587
f 1398/765/588 1399/776/588 1400/777/588
f 1398/765/588 1400/777/588 1401/766/588
f 1402/756/589 1403/343/590 1404/345/589
f 1402/756/589 1404/345/589 1405/762/589
f 1406/759/591 1407/778/591 1408/779/592
f 1406/759/591 1408/779/592 1409/760/591
f 1410/752/593 1411/342/594 1412/343/594
f 1410/752/593 1412/343/594 1413/756/594
f 1414/780/595 1415/339/595 1416/341/595
f 1414/780/595 1416/341/595 1417/781/595
f 1418/748/596 1419/338/596 1420/342/596
f 1418/748/596 1420/342/596 1421/752/596
f 1422/782/597 1423/337/598 1424/339/597
f 1422/782/597 1424/339/597 1425/780/597
f 1426/747/599 1427/336/600 1428/338/599
f 1426/747/599 1428/338/599 1429/748/599
f 1430/734/601 1431/783/601 1432/784/601
f 1430/734/601 1432/784/601 1433/744/601
f 1434/741/602 1435/334/603 1436/321/602
f 1434/741/602 1436/321/602 1437/742/603
f 1438/730/604 1439/332/604 1440/336/604
f 1438/730/604 1440/336/604 1441/747/604
f 1442/728/605 1443/785/606 1444/783/605
f 1442/728/605 1444/783/605 1445/734/607
f 1446/786/608 1447/333/609 1448/334/608
f 1446/786/608 1448/334/608 1449/741/608
f 1450/722/610 1451/330/611 1452/332/610
f 1450/722/610 1452/332/610 1453/730/610
f 1454/718/612 1455/327/612 1456/331/612
f 1454/718/612 1456/331/612 1457/787/612
f 1458/714/613 1459/788/613 1460/789/613
f 1458/714/613 1460/789/613 1461/724/613
f 1462/721/614 1463/328/614 1464/330/614
f 1462/721/614 1464/330/614 1465/722/615
f 1466/717/616 1467/325/617 1468/327/617
f 1466/717/616 1468/327/617 1469/718/617
f 1470/790/618 1471/324/619 1472/326/618
f 1470/790/618 1472/326/618 1473/791/620
f 1474/702/621 1475/792/622 1476/793/621
f 1474/702/621 1476/793/621 1477/710/621
f 1478/698/623 1479/794/623 1480/795/623
f 1478/698/623 1480/795/623 1481/708/624
f 1482/796/625 1483/317/626 1484/324/627
f 1482/796/625 1484/324/627 1485/790/625
f 1486/701/628 1487/797/628 1488/792/628
f 1486/701/628 1488/792/628 1489/702/628
f 1490/697/629 1491/798/630 1492/794/631
f 1490/697/629 1492/794/631 1493/698/632
f 1494/688/633 1495/799/633 1496/800/633
f 1494/688/633 1496/800/633 1497/694/634
f 1498/691/635 1499/313/635 1500/318/635
f 1498/691/635 1500/318/635 1501/692/635
f 1502/801/636 1503/314/637 1504/316/636
f 1502/801/636 1504/316/636 1505/802/638
f 1506/770/639 1507/312/639 1508/313/639
f 1506/770/639 1508/313/639 1509/691/639
f 1510/803/640 1511/775/640 1512/314/640
f 1510/803/640 1512/314/640 1513/801/640
f 1514/767/641 1515/310/642 1516/312/642
f 1514/767/641 1516/312/642 1517/770/641
f 1518/766/643 1519/777/644 1520/804/645
f 1518/766/643 1520/804/645 1521/769/646
f 1522/393/647 1523/392/647 1524/805/647
f 1522/393/647 1524/805/647 1525/806/647
f 1526/349/648 1527/348/649 1528/357/650
f 1526/349/648 1528/357/650 1529/356/648
f 1530/352/651 1531/351/651 1532/360/651
f 1530/352/651 1532/360/651 1533/359/651
f 1534/807/652 1535/808/653 1536/363/653
f 1534/807/652 1536/363/653 1537/362/654
f 1538/358/655 1539/357/656 1540/366/655
f 1538/358/655 1540/366/655 1541/365/655
f 1542/368/657 1543/363/657 1544/809/657
f 1542/368/657 1544/809/657 1545/810/657
f 1546/369/658 1547/366/659 1548/671/660
f 1546/369/658 1548/671/660 1549/811/661
f 1550/811/662 1551/671/662 1552/374/662
f 1550/811/662 1552/374/662 1553/373/662
f 1554/812/663 1555/666/663 1556/377/663
f 1554/812/663 1556/377/663 1557/376/663
f 1558/381/664 1559/380/664 1560/813/664
f 1558/381/664 1560/813/664 1561/814/665
f 1562/378/666 1563/377/667 1564/815/667
f 1562/378/666 1564/815/667 1565/816/666
f 1566/817/668 1567/818/668 1568/389/669
f 1566/817/668 1568/389/669 1569/388/668
f 1570/361/670 1571/360/670 1572/819/671
f 1570/361/670 1572/819/671 1573/820/670
f 1574/821/672 1575/813/673 1576/351/674
f 1574/821/672 1576/351/674 1577/394/675
f 1578/822/676 1579/823/676 1580/824/676
f 1578/822/676 1580/824/676 1581/825/676
f 1582/826/677 1583/827/677 1584/828/677
f 1582/826/677 1584/828/677 1585/829/677
f 1586/830/678 1587/831/678 1588/832/678
f 1586/830/678 1588/832/678 1589/833/678
f 1590/834/679 1591/835/679 1592/836/679
f 1590/834/679 1592/836/679 1593/837/679
f 1594/838/680 1595/839/681 1596/840/682
f 1594/838/680 1596/840/682 1597/841/680
f 1598/842/683 1599/843/683 1600/844/683
f 1598/842/683 1600/844/683 1601/845/683
f 1602/846/684 1603/847/685 1604/848/685
f 1602/846/684 1604/848/685 1605/849/684
f 1606/850/686 1607/851/686 1608/852/686
f 1606/850/686 1608/852/686 1609/853/686
f 1610/854/687 1611/855/687 1612/856/687
f 1610/854/687 1612/856/687 1613/857/687
f 1614/822/688 1615/850/688 1616/853/688
f 1614/822/688 1616/853/688 1617/858/688
f 1618/859/689 1619/846/689 1620/849/689
f 1618/859/689 1620/849/689 1621/837/689
f 1622/860/690 1623/842/690 1624/845/690
f 1622/860/690 1624/845/690 1625/861/690
f 1626/862/691 1627/863/691 1628/831/691
f 1626/862/691 1628/831/691 1629/830/691
f 1630/843/692 1631/842/692 1632/864/692
f 1630/843/692 1632/864/692 1633/865/692
f 1634/847/693 1635/846/693 1636/866/693
f 1634/847/693 1636/866/693 1637/867/693
f 1638/851/694 1639/850/694 1640/868/694
f 1638/851/694 1640/868/694 1641/869/694
f 1642/831/695 1643/841/695 1644/870/695
f 1642/831/695 1644/870/695 1645/832/695
f 1646/863/696 1647/838/696 1648/841/696
f 1646/863/696 1648/841/696 1649/831/696
f 1650/842/697 1651/860/697 1652/871/697
f 1650/842/697 1652/871/697 1653/864/697
f 1654/872/698 1655/826/698 1656/829/698
f 1654/872/698 1656/829/698 1657/873/698
f 1658/850/699 1659/822/699 1660/825/699
f 1658/850/699 1660/825/699 1661/868/699
f 1662/874/700 1663/875/700 1664/860/700
f 1662/874/700 1664/860/700 1665/861/700
f 1666/836/701 1667/876/701 1668/859/702
f 1666/836/701 1668/859/702 1669/837/702
f 1670/877/703 1671/823/703 1672/822/703
f 1670/877/703 1672/822/703 1673/858/703
f 1675/878/704 1678/430/704 1674/32/704
f 1678/430/704 1675/878/704 1677/879/705
f 1677/879/705 1675/878/704 1676/880/706
f 1682/412/707 1680/881/708 1681/882/709
f 1680/881/708 1682/412/707 1679/883/707
f 1679/883/707 1682/412/707 1683/411/707
f 1685/879/710 1688/884/710 1684/430/710
f 1688/884/710 1685/879/710 1687/885/710
f 1687/885/710 1685/879/710 1686/886/710
f 1689/427/711 1693/416/711 1694/415/711
f 1693/416/711 1689/427/711 1692/887/711
f 1692/887/711 1689/427/711 1691/888/712
f 1691/888/712 1689/427/711 1690/889/711
f 1700/890/713 1698/891/713 1699/892/713
f 1698/891/713 1700/890/713 1697/893/714
f 1697/893/714 1700/890/713 1696/413/713
f 1696/413/713 1700/890/713 1695/414/713
f 1702/885/715 1706/894/716 1701/884/715
f 1706/894/716 1702/885/715 1703/895/717
f 1706/894/716 1703/895/717 1704/896/715
f 1706/894/716 1704/896/715 1705/897/715
f 1712/427/718 1710/898/718 1711/889/718
f 1710/898/718 1712/427/718 1707/890/718
f 1710/898/718 1707/890/718 1709/899/718
f 1709/899/718 1707/890/718 1708/892/718
f 1714/897/719 1718/900/720 1713/894/721
f 1718/900/720 1714/897/719 1715/901/719
f 1718/900/720 1715/901/719 1716/902/720
f 1718/900/720 1716/902/720 1717/903/721
f 1719/418/722 1723/904/722 1724/34/722
f 1723/904/722 1719/418/722 1722/905/722
f 1722/905/722 1719/418/722 1720/417/723
f 1722/905/722 1720/417/723 1721/906/722
f 1727/907/724 1725/900/725 1726/903/726
f 1725/900/725 1727/907/724 1728/908/724
f 1725/900/725 1728/908/724 1729/909/725
f 1725/900/725 1729/909/725 1730/910/725
f 1731/34/727 1733/911/727 1734/912/727
f 1733/911/727 1731/34/727 1732/904/727
f 1731/34/727 1735/878/727 1736/32/727
f 1735/878/727 1731/34/727 1734/912/727
f 1742/883/728 1740/913/728 1741/881/728
f 1740/913/728 1742/883/728 1739/914/728
f 1739/914/728 1742/883/728 1737/910/729
f 1737/910/729 1738/909/728 1739/914/728
f 1744/446/730 1747/93/731 1743/447/730
f 1747/93/731 1744/446/730 1745/915/732
f 1746/94/730 1747/93/731 1745/915/732
f 1749/916/733 1752/532/733 1748/168/733
f 1752/532/733 1749/916/733 1750/917/734
f 1752/532/733 1750/917/734 1751/918/733
f 1754/459/735 1757/168/735 1753/165/735
f 1757/168/735 1754/459/735 1755/919/736
f 1757/168/735 1755/919/736 1756/916/735
f 1758/920/737 1761/921/738 1762/922/738
f 1761/921/738 1758/920/737 1760/923/738
f 1760/923/738 1758/920/737 1759/924/738
f 1763/465/739 1766/925/740 1767/926/741
f 1766/925/740 1763/465/739 1765/927/741
f 1765/927/741 1763/465/739 1764/464/741
f 1769/95/742 1770/928/742 1768/93/742
f 1768/93/742 1771/929/742 1772/930/742
f 1771/929/742 1768/93/742 1770/928/742
f 1774/436/743 1778/152/744 1773/437/745
f 1778/152/744 1774/436/743 1775/931/743
f 1778/152/744 1775/931/743 1776/932/743
f 1777/461/743 1778/152/744 1776/932/743
f 1784/497/746 1782/933/746 1783/498/747
f 1781/934/747 1779/935/747 1780/936/748
f 1779/935/747 1781/934/747 1782/933/746
f 1779/935/747 1782/933/746 1784/497/746
f 1785/105/749 1788/937/750 1790/138/750
f 1788/937/750 1785/105/749 1786/938/750
f 1788/937/750 1786/938/750 1787/939/750
f 1790/138/750 1788/937/750 1789/940/750
f 1795/99/751 1793/941/752 1794/100/753
f 1793/941/752 1795/99/751 1792/499/754
f 1792/499/754 1795/99/751 1791/500/752
f 1797/940/755 1800/130/756 1796/138/755
f 1800/130/756 1797/940/755 1798/942/757
f 1800/130/756 1798/942/757 1799/943/757
f 1801/135/758 1804/944/759 1805/127/759
f 1804/944/759 1801/135/758 1803/945/760
f 1803/945/760 1801/135/758 1802/946/760
f 1810/509/761 1808/947/762 1809/948/761
f 1808/947/762 1810/509/761 1806/99/761
f 1808/947/762 1806/99/761 1807/101/763
f 1811/130/764 1814/202/764 1817/501/764
f 1814/202/764 1811/130/764 1812/943/764
f 1814/202/764 1812/943/764 1813/203/764
f 1817/501/764 1814/202/764 1815/949/764
f 1817/501/764 1815/949/764 1816/502/764
f 1818/127/765 1821/950/766 1822/119/767
f 1821/950/766 1818/127/765 1820/951/766
f 1820/951/766 1818/127/765 1819/944/766
f 1823/509/768 1827/946/769 1828/135/769
f 1827/946/769 1823/509/768 1826/952/770
f 1826/952/770 1823/509/768 1825/953/768
f 1825/953/768 1823/509/768 1824/948/768
f 1829/119/771 1833/103/771 1834/102/771
f 1833/103/771 1829/119/771 1832/954/772
f 1832/954/772 1829/119/771 1831/955/771
f 1831/955/771 1829/119/771 1830/950/771
f 1838/956/773 1836/503/774 1837/957/775
f 1836/503/774 1838/956/773 1835/504/775
f 1835/504/775 1838/956/773 1839/936/776
f 1835/504/775 1839/936/776 1840/935/773
f 1841/102/777 1843/200/778 1846/105/779
f 1843/200/778 1841/102/777 1842/104/777
f 1843/200/778 1845/938/780 1846/105/779
f 1845/938/780 1843/200/778 1844/199/781
f 1848/197/782 1851/302/783 1847/195/784
f 1851/302/783 1848/197/782 1850/958/785
f 1850/958/785 1848/197/782 1849/959/786
f 1857/539/787 1855/960/787 1856/540/788
f 1855/960/787 1857/539/787 1852/546/788
f 1855/960/787 1852/546/788 1854/961/788
f 1854/961/788 1852/546/788 1853/545/789
f 1859/200/790 1863/962/791 1858/198/790
f 1863/962/791 1859/200/790 1860/104/791
f 1863/962/791 1860/104/791 1861/103/791
f 1863/962/791 1861/103/791 1862/954/792
f 1866/963/793 1864/553/793 1865/552/793
f 1864/553/793 1866/963/793 1868/647/793
f 1868/647/793 1866/963/793 1867/964/793
f 1870/965/794 1874/966/795 1869/967/796
f 1874/966/795 1870/965/794 1871/968/794
f 1874/966/795 1871/968/794 1872/969/795
f 1874/966/795 1872/969/795 1873/970/797
f 1875/971/798 1878/972/799 1879/973/799
f 1878/972/799 1875/971/798 1876/974/799
f 1878/972/799 1876/974/799 1877/975/800
f 1880/976/801 1883/952/802 1884/977/801
f 1883/952/802 1880/976/801 1881/945/801
f 1883/952/802 1881/945/801 1882/946/802
f 1890/967/803 1888/978/803 1889/965/803
f 1888/978/803 1890/967/803 1885/979/804
f 1888/978/803 1885/979/804 1887/980/803
f 1887/980/803 1885/979/804 1886/981/803
f 1892/982/805 1895/971/805 1891/983/805
f 1895/971/805 1892/982/805 1893/984/805
f 1894/974/805 1895/971/805 1893/984/805
f 1897/958/806 1900/265/806 1896/302/806
f 1900/265/806 1897/958/806 1898/985/807
f 1899/986/806 1900/265/806 1898/985/807
f 1901/192/808 1904/981/808 1905/979/808
f 1904/981/808 1901/192/808 1903/987/809
f 1903/987/809 1901/192/808 1902/194/808
f 1907/628/810 1911/249/811 1906/214/812
f 1911/249/811 1907/628/810 1908/988/813
f 1911/249/811 1908/988/813 1909/989/814
f 1911/249/811 1909/989/814 1910/990/814
f 1917/621/815 1915/991/815 1916/622/816
f 1915/991/815 1917/621/815 1914/992/815
f 1914/992/815 1912/204/815 1913/206/815
f 1912/204/815 1914/992/815 1917/621/815
f 1919/990/817 1922/207/817 1918/249/817
f 1922/207/817 1919/990/817 1920/993/818
f 1922/207/817 1920/993/818 1921/208/817
f 1928/633/819 1926/994/819 1927/995/819
f 1926/994/819 1928/633/819 1925/996/819
f 1925/996/819 1928/633/819 1923/621/819
f 1925/996/819 1923/621/819 1924/624/819
f 1929/229/820 1932/997/821 1933/239/822
f 1932/997/821 1929/229/820 1931/998/823
f 1931/998/823 1929/229/820 1930/999/823
f 1935/209/824 1939/634/824 1934/207/824
f 1939/634/824 1935/209/824 1936/1000/824
f 1939/634/824 1936/1000/824 1937/1001/824
f 1939/634/824 1937/1001/824 1938/1002/824
f 1940/239/825 1943/1003/825 1944/225/825
f 1943/1003/825 1940/239/825 1942/1004/825
f 1942/1004/825 1940/239/825 1941/997/825
f 1950/229/826 1948/1005/827 1949/999/827
f 1948/1005/827 1950/229/826 1945/633/826
f 1948/1005/827 1945/633/826 1947/1006/826
f 1947/1006/826 1945/633/826 1946/995/828
f 1953/1007/829 1951/634/829 1952/1002/829
f 1951/634/829 1953/1007/829 1956/210/829
f 1956/210/829 1953/1007/829 1954/1008/829
f 1956/210/829 1954/1008/829 1955/211/829
f 1957/225/830 1960/625/830 1961/220/830
f 1960/625/830 1957/225/830 1958/1003/830
f 1960/625/830 1958/1003/830 1959/1009/831
f 1964/1010/832 1962/210/833 1963/212/834
f 1962/210/833 1964/1010/832 1967/217/835
f 1967/217/835 1964/1010/832 1965/1011/834
f 1967/217/835 1965/1011/834 1966/1012/834
f 1971/1013/836 1969/1012/836 1970/1014/836
f 1969/1012/836 1971/1013/836 1972/205/836
f 1969/1012/836 1972/205/836 1968/217/836
f 1968/217/836 1972/205/836 1973/204/836
f 1975/1015/837 1978/351/838 1974/813/837
f 1978/351/838 1975/1015/837 1976/1016/837
f 1978/351/838 1976/1016/837 1977/1017/839
f 1980/1018/840 1983/304/840 1979/1019/841
f 1983/304/840 1980/1018/840 1981/1020/840
f 1982/305/840 1983/304/840 1981/1020/840
f 1985/1021/842 1986/1022/842 1984/1023/843
f 1986/1022/842 1988/1024/842 1984/1023/843
f 1988/1024/842 1986/1022/842 1987/1025/844
f 1991/1026/845 1989/380/846 1990/1027/847
f 1989/380/846 1991/1026/845 1993/813/848
f 1993/813/848 1991/1026/845 1992/1015/848
f 1995/670/849 1999/374/849 1994/671/850
f 1999/374/849 1995/670/849 1996/1028/849
f 1999/374/849 1996/1028/849 1997/1029/851
f 1999/374/849 1997/1029/851 1998/1030/849
f 2000/675/852 2002/1031/853 2004/1032/854
f 2002/1031/853 2000/675/852 2001/674/854
f 2003/1033/854 2004/1032/854 2002/1031/853
f 2006/683/855 2010/366/855 2005/357/855
f 2010/366/855 2006/683/855 2007/1034/855
f 2007/1034/855 2009/676/855 2010/366/855
f 2009/676/855 2007/1034/855 2008/1035/855
f 2012/1036/856 2013/1037/856 2011/1038/856
f 2011/1038/856 2014/1039/856 2015/1040/856
f 2014/1039/856 2011/1038/856 2013/1037/856
f 2018/1041/857 2016/351/857 2017/1017/858
f 2016/351/857 2018/1041/857 2020/360/857
f 2020/360/857 2018/1041/857 2019/1042/857
f 2022/306/859 2025/1043/859 2021/304/859
f 2025/1043/859 2022/306/859 2023/1044/859
f 2024/1045/859 2025/1043/859 2023/1044/859
f 2034/311/860 2028/855/860 2033/319/860
f 2028/855/860 2034/311/860 2026/329/860
f 2028/855/860 2026/329/860 2027/856/860
f 2033/319/860 2028/855/860 2029/1046/860
f 2033/319/860 2029/1046/860 2030/1047/860
f 2033/319/860 2030/1047/860 2032/340/860
f 2032/340/860 2030/1047/860 2031/1048/860
f 2042/322/860 2040/856/860 2041/329/860
f 2040/856/860 2042/322/860 2039/1049/860
f 2039/1049/860 2042/322/860 2038/1050/860
f 2038/1050/860 2042/322/860 2043/315/860
f 2038/1050/860 2043/315/860 2037/1051/860
f 2037/1051/860 2043/315/860 2036/1048/860
f 2036/1048/860 2043/315/860 2035/340/860
f 2035/340/860 2043/315/860 2044/774/860
